log_id,raw_log_text,board_id,test_type,pass_fail
LOG00001,"unit board d1898: cont check reset reading 1.62ohm, within spec.",D1898,CONTINUITY,PASS
LOG00002,"Checked quiescent current on B 2099, 198.33mA — doesn't look right, per ECO-114.",B2099,CURRENT_DRAW,FAIL
LOG00003,Unit C 8969: +5V supply reading 4.96V.,C8969,POWER_RAIL_5V,PASS
LOG00004,"Checked current draw at idle on A3718, 87.29mA, all good, retest after rework.",A3718,CURRENT_DRAW,PASS
LOG00005,D 9058 - idle current draw 100.62mA — OK.,D9058,CURRENT_DRAW,PASS
LOG00006,D-7253 standby current: 94.67 mA.,D7253,CURRENT_DRAW,PASS
LOG00007,C 0983 +3.3V rail measured 3.43V — good reading.,C0983,POWER_RAIL_3V3,PASS
LOG00008,"board B3451 - thermal soak reading 71.6C, after reflow.",B3451,THERMAL,FAIL
LOG00009,"d-0096 - thermal soak reading 43.5c, customer return unit.",D0096,THERMAL,PASS
LOG00010,"Checked cont check RESET on A-9256, 2.05Ohm, looks good, unit was reworked yesterday.",A9256,CONTINUITY,PASS
LOG00011,D7326 12v power check measured 12.94V (no good).,D7326,POWER_RAIL_12V,FAIL
LOG00012,board B0444 thermal reading after burn-in measured 49.3C — looks good.,B0444,THERMAL,PASS
LOG00013,"B7488 - 12V rail 11.40V, unit was reworked yesterday.",B7488,POWER_RAIL_12V,PASS
LOG00014,a8217 eye height ch3 measured 2.46vpp — no good.,A8217,SIGNAL_INTEGRITY,FAIL
LOG00015,board D0441 +3.3V rail measured 2.97V.,D0441,POWER_RAIL_3V3,FAIL
LOG00016,"Unit B-3114: VDD_5V rail reading 4.96V, good reading.",B3114,POWER_RAIL_5V,PASS
LOG00017,"Checked VDD_5V rail on unit B4659, 5.15V, customer return unit.",B4659,POWER_RAIL_5V,PASS
LOG00018,A3736 cont check EN_LINE measured 6.77Ohm (fails).,A3736,CONTINUITY,FAIL
LOG00019,D0265 cont check J4 measured 3.51Ohm.,D0265,CONTINUITY,PASS
LOG00020,"B 6217 - +12V supply 11.91V — passes, after reflow.",B6217,POWER_RAIL_12V,PASS
LOG00021,"Checked board temp after 10min soak on C-5904, 37.4C, customer return unit.",C5904,THERMAL,PASS
LOG00022,board D1022 VDD_5V rail measured 5.46V.,D1022,POWER_RAIL_5V,FAIL
LOG00023,"Checked resistance check J4 on board C7888, 6.76Ohm (doesn't look right), line 2.",C7888,CONTINUITY,FAIL
LOG00024,unit c4471 scope reading ch4: 2.56 vpp — no good.,C4471,SIGNAL_INTEGRITY,FAIL
LOG00025,"Checked current draw at idle on unit C5575, 173.22mA (bad reading), shift B.",C5575,CURRENT_DRAW,FAIL
LOG00026,unit D0094 EN_LINE continuity measured 3.82Ohm (looks good).,D0094,CONTINUITY,PASS
LOG00027,"C 6524 - VDD_5V rail 5.13V — out of spec, line 2.",C6524,POWER_RAIL_5V,FAIL
LOG00028,unit B2591 +12V supply measured 11.78V (within spec).,B2591,POWER_RAIL_12V,PASS
LOG00029,"Unit C 5673: thermal reading after burn-in reading 36.8C, all good.",C5673,THERMAL,PASS
LOG00030,"B-4638 - continuity on EN_LINE 4.27Ohm, checks out, line 2.",B4638,CONTINUITY,PASS
LOG00031,Unit unit D1914: J7 continuity reading 5.66Ohm.,D1914,CONTINUITY,FAIL
LOG00032,"unit A9838 - 12v power check 11.71V, out of spec, per ECO-114.",A9838,POWER_RAIL_12V,FAIL
LOG00033,B2978 3.3v power check: 3.32 V.,B2978,POWER_RAIL_3V3,PASS
LOG00034,"B 7535 - 5v power check 4.44V, shift B.",B7535,POWER_RAIL_5V,FAIL
LOG00035,Unit A-6920: quiescent current reading 90.85mA.,A6920,CURRENT_DRAW,PASS
LOG00036,board C6453 case temp measured 50.2C (good reading).,C6453,THERMAL,PASS
LOG00037,"Unit A 8129: 5v power check reading 4.91V, good reading.",A8129,POWER_RAIL_5V,PASS
LOG00038,Unit C 9234: 5v power check reading 5.68V (out of spec).,C9234,POWER_RAIL_5V,FAIL
LOG00039,"Checked +5V supply on board B0341, 5.31V, all good.",B0341,POWER_RAIL_5V,PASS
LOG00040,"checked current draw at idle on d-7964, 84.36ma, line 2.",D7964,CURRENT_DRAW,PASS
LOG00041,"Checked VDD_5V rail on D 8444, 5.19V, checks out, after reflow.",D8444,POWER_RAIL_5V,PASS
LOG00042,"unit A8002 CLK continuity measured 5.57Ohm, fails.",A8002,CONTINUITY,FAIL
LOG00043,board c3444 3v3 supply: 3.30 v (good reading).,C3444,POWER_RAIL_3V3,PASS
LOG00044,"checked +12v supply on c4341, 12.23v, customer return unit.",C4341,POWER_RAIL_12V,PASS
LOG00045,C0111 cont check J4: 2.56 Ohm.,C0111,CONTINUITY,PASS
LOG00046,"D0911 thermal reading after burn-in: 47.0 C, within spec.",D0911,THERMAL,PASS
LOG00047,"Checked case temp on D1193, 31.3C, within spec, second attempt.",D1193,THERMAL,PASS
LOG00048,"unit D8462 - quiescent current 98.80mA — good reading, after reflow.",D8462,CURRENT_DRAW,PASS
LOG00049,Unit board B0648: case temp reading 33.6C.,B0648,THERMAL,PASS
LOG00050,"unit C5546 - +3.3V rail 3.41V — bad reading, unit was reworked yesterday.",C5546,POWER_RAIL_3V3,FAIL
LOG00051,D-0672 CH1 signal check measured 3.11Vpp.,D0672,SIGNAL_INTEGRITY,PASS
LOG00052,"C-7550 - continuity on EN_LINE 1.74Ohm, retest after rework.",C7550,CONTINUITY,PASS
LOG00053,"Unit D 7195: VDD_12V rail reading 13.00V, out of spec.",D7195,POWER_RAIL_12V,FAIL
LOG00054,unit A6762 cont check J4 measured 0.97Ohm.,A6762,CONTINUITY,PASS
LOG00055,unit D8757 5v power check measured 5.21V (good reading).,D8757,POWER_RAIL_5V,PASS
LOG00056,"C5839 VDD_3V3 rail: 3.55 V, out of spec.",C5839,POWER_RAIL_3V3,FAIL
LOG00057,"unit C4155 12V rail: 12.04 V, checks out.",C4155,POWER_RAIL_12V,PASS
LOG00058,"Checked 12v power check on B-1669, 12.68V, within spec, shift B.",B1669,POWER_RAIL_12V,PASS
LOG00059,"B-3395 - cont check J4 4.12Ohm — failed, after reflow.",B3395,CONTINUITY,FAIL
LOG00060,board A6505 12v power check: 12.27 V.,A6505,POWER_RAIL_12V,PASS
LOG00061,unit unit c3953: vdd_12v rail reading 11.73v — doesn't look right.,C3953,POWER_RAIL_12V,FAIL
LOG00062,B 8897 12v power check: 12.30 V.,B8897,POWER_RAIL_12V,FAIL
LOG00063,"Checked board temp after 10min soak on C3045, 10.0C, second attempt.",C3045,THERMAL,PASS
LOG00064,"Checked resistance check CLK on C 5035, 3.75Ohm, within spec.",C5035,CONTINUITY,PASS
LOG00065,"b-2462 - continuity on j12 5.99ohm (good reading), line 2.",B2462,CONTINUITY,PASS
LOG00066,Unit unit A2242: current draw at idle reading 204.38mA.,A2242,CURRENT_DRAW,FAIL
LOG00067,board A7238 standby current measured 89.21mA — checks out.,A7238,CURRENT_DRAW,PASS
LOG00068,unit A2635 idle current draw: 50.00 mA.,A2635,CURRENT_DRAW,PASS
LOG00069,unit B3947 idle current draw measured 84.19mA.,B3947,CURRENT_DRAW,PASS
LOG00070,"Checked RESET continuity on board D8739, 7.18Ohm, no good, customer return unit.",D8739,CONTINUITY,FAIL
LOG00071,"D 2438 - quiescent current 97.83mA, after reflow.",D2438,CURRENT_DRAW,PASS
LOG00072,"D-2018 +12V supply measured 12.51V, out of spec.",D2018,POWER_RAIL_12V,FAIL
LOG00073,Unit A-8369: +3.3V rail reading 3.41V.,A8369,POWER_RAIL_3V3,PASS
LOG00074,"checked quiescent current on board d2226, 107.10ma (nominal), per eco-114.",D2226,CURRENT_DRAW,PASS
LOG00075,"Unit A-2192: scope reading CH1 reading 3.93Vpp, failed.",A2192,SIGNAL_INTEGRITY,FAIL
LOG00076,"Checked VDD_3V3 rail on C 5239, 3.13V, unit was reworked yesterday.",C5239,POWER_RAIL_3V3,PASS
LOG00077,unit c6274: continuity on en_line reading 7.91ohm (reject).,C6274,CONTINUITY,FAIL
LOG00078,unit A1468 +5V supply measured 4.29V — fails.,A1468,POWER_RAIL_5V,FAIL
LOG00079,"C-1776 - idle current draw 50.00mA, per ECO-114.",C1776,CURRENT_DRAW,PASS
LOG00080,"B-2720 - +12V supply 11.47V, customer return unit.",B2720,POWER_RAIL_12V,FAIL
LOG00081,"Checked thermal soak reading on C-5414, 40.4C, customer return unit.",C5414,THERMAL,PASS
LOG00082,C1420 VDD_12V rail: 11.06 V.,C1420,POWER_RAIL_12V,PASS
LOG00083,"C 3697 - board temp after 10min soak 71.9C, reject, shift B.",C3697,THERMAL,FAIL
LOG00084,"unit C7141 - 12v power check 11.89V, customer return unit.",C7141,POWER_RAIL_12V,PASS
LOG00085,A-5841 resistance check CLK: 4.03 Ohm.,A5841,CONTINUITY,FAIL
LOG00086,"Checked J4 continuity on B 7066, 3.86Ohm, per ECO-114.",B7066,CONTINUITY,FAIL
LOG00087,Unit C-4067: eye height CH4 reading 3.00Vpp.,C4067,SIGNAL_INTEGRITY,FAIL
LOG00088,"Checked scope reading CH1 on unit B4391, 3.14Vpp, shift B.",B4391,SIGNAL_INTEGRITY,PASS
LOG00089,B-7893 CH3 signal check: 3.32 Vpp.,B7893,SIGNAL_INTEGRITY,PASS
LOG00090,"board D4583 - 3.3V rail 3.36V, customer return unit.",D4583,POWER_RAIL_3V3,PASS
LOG00091,unit d6926 3.3v power check measured 3.29v.,D6926,POWER_RAIL_3V3,PASS
LOG00092,"unit D3330 - 12v power check 11.13V (all good), unit was reworked yesterday.",D3330,POWER_RAIL_12V,PASS
LOG00093,"Checked quiescent current on board C9277, 103.49mA — nominal, shift B.",C9277,CURRENT_DRAW,PASS
LOG00094,Unit B 1224: thermal soak reading reading 24.5C.,B1224,THERMAL,FAIL
LOG00095,"Checked thermal reading after burn-in on board B9161, 49.9C, customer return unit.",B9161,THERMAL,FAIL
LOG00096,"b 7877 - vdd_3v3 rail 3.26v (checks out), line 2.",B7877,POWER_RAIL_3V3,PASS
LOG00097,B-8416 3.3v power check measured 3.28V.,B8416,POWER_RAIL_3V3,PASS
LOG00098,"Checked case temp on board A6974, 37.0C (nominal), unit was reworked yesterday.",A6974,THERMAL,PASS
LOG00099,"b-7732 ch3 signal check: 3.08 vpp, passes.",B7732,SIGNAL_INTEGRITY,PASS
LOG00100,unit c6979 3.3v rail: 3.22 v.,C6979,POWER_RAIL_3V3,FAIL
LOG00101,"Checked signal amplitude CH2 on A3452, 3.04Vpp, shift B.",A3452,SIGNAL_INTEGRITY,PASS
LOG00102,C 4192 12v power check measured 11.43V.,C4192,POWER_RAIL_12V,FAIL
LOG00103,"board D7332 - J12 continuity 7.21Ohm (fails), customer return unit.",D7332,CONTINUITY,FAIL
LOG00104,"board D3696 - thermal soak reading 28.2C, line 2.",D3696,THERMAL,FAIL
LOG00105,"B7469 - 5v power check 4.96V — within spec, unit was reworked yesterday.",B7469,POWER_RAIL_5V,PASS
LOG00106,board C7366 +5V supply: 4.95 V (OK).,C7366,POWER_RAIL_5V,PASS
LOG00107,D4102 3.3v power check: 2.84 V.,D4102,POWER_RAIL_3V3,FAIL
LOG00108,"Checked VDD_12V rail on board C6278, 12.00V, checks out, shift B.",C6278,POWER_RAIL_12V,PASS
LOG00109,B 6910 standby current: 183.80 mA.,B6910,CURRENT_DRAW,FAIL
LOG00110,"Checked 12v power check on C 4893, 12.25V — looks good, after reflow.",C4893,POWER_RAIL_12V,PASS
LOG00111,"C 0954 - current draw at idle 175.21mA — flagged for rework, after reflow.",C0954,CURRENT_DRAW,FAIL
LOG00112,"Checked 12v power check on board C9128, 12.26V, retest after rework.",C9128,POWER_RAIL_12V,PASS
LOG00113,"Checked board temp after 10min soak on unit D9368, 36.5C — checks out.",D9368,THERMAL,PASS
LOG00114,"Checked idle current draw on board D9949, 74.60mA, looks good, per ECO-114.",D9949,CURRENT_DRAW,PASS
LOG00115,b 5600 vdd_3v3 rail: 3.14 v — within spec.,B5600,POWER_RAIL_3V3,PASS
LOG00116,C-2283 3v3 supply: 3.32 V.,C2283,POWER_RAIL_3V3,PASS
LOG00117,"Checked 5v power check on D1810, 4.77V, line 2.",D1810,POWER_RAIL_5V,FAIL
LOG00118,"Checked 5V rail on B 0785, 5.25V, passes, second attempt.",B0785,POWER_RAIL_5V,PASS
LOG00119,"A 4760 case temp: 30.7 C, looks good.",A4760,THERMAL,PASS
LOG00120,c 5349 thermal soak reading: 4.8 c — no good.,C5349,THERMAL,FAIL
LOG00121,b8650 3.3v power check measured 3.31v — nominal.,B8650,POWER_RAIL_3V3,PASS
LOG00122,unit unit d0243: 3.3v power check reading 2.68v — reject.,D0243,POWER_RAIL_3V3,FAIL
LOG00123,board a0379 3.3v rail: 3.33 v.,A0379,POWER_RAIL_3V3,PASS
LOG00124,"a 3955 - resistance check clk 5.47ohm — doesn't look right, unit was reworked yesterday.",A3955,CONTINUITY,FAIL
LOG00125,Unit unit B3539: thermal reading after burn-in reading 43.2C (all good).,B3539,THERMAL,PASS
LOG00126,"C-5748 - case temp 10.3C, per ECO-114.",C5748,THERMAL,FAIL
LOG00127,Unit B 6886: continuity on EN_LINE reading 6.05Ohm.,B6886,CONTINUITY,PASS
LOG00128,"Checked standby current on C 5365, -5.79mA, second attempt.",C5365,CURRENT_DRAW,FAIL
LOG00129,unit b 8024: ch3 signal check reading 2.44vpp (bad reading).,B8024,SIGNAL_INTEGRITY,FAIL
LOG00130,"A 6421 - current draw at idle 138.62mA (good reading), customer return unit.",A6421,CURRENT_DRAW,PASS
LOG00131,Unit unit C6165: +5V supply reading 4.91V.,C6165,POWER_RAIL_5V,PASS
LOG00132,unit d9679: +3.3v rail reading 3.91v (fails).,D9679,POWER_RAIL_3V3,FAIL
LOG00133,"Checked 5v power check on C3187, 5.14V, second attempt.",C3187,POWER_RAIL_5V,FAIL
LOG00134,"D4996 VDD_5V rail: 4.88 V, good reading.",D4996,POWER_RAIL_5V,PASS
LOG00135,D9566 RESET continuity measured 1.56Ohm.,D9566,CONTINUITY,PASS
LOG00136,"board C3329 J7 continuity measured 0.00Ohm, out of spec.",C3329,CONTINUITY,FAIL
LOG00137,Unit B5030: idle current draw reading 102.39mA.,B5030,CURRENT_DRAW,PASS
LOG00138,"Unit C-0617: resistance check J7 reading 7.46Ohm, reject.",C0617,CONTINUITY,FAIL
LOG00139,C2819 resistance check RESET measured 2.27Ohm.,C2819,CONTINUITY,PASS
LOG00140,"Unit C-2824: continuity on J4 reading 6.13Ohm, out of spec.",C2824,CONTINUITY,FAIL
LOG00141,"Checked VDD_3V3 rail on D5454, 2.81V — fails, retest after rework.",D5454,POWER_RAIL_3V3,FAIL
LOG00142,"B4411 - cont check RESET 0.81Ohm, line 2.",B4411,CONTINUITY,FAIL
LOG00143,"Checked idle current draw on board B8825, 57.43mA, retest after rework.",B8825,CURRENT_DRAW,FAIL
LOG00144,"A0043 - resistance check EN_LINE 4.84Ohm (nominal), after reflow.",A0043,CONTINUITY,PASS
LOG00145,"Checked +5V supply on unit A5524, 4.75V, line 2.",A5524,POWER_RAIL_5V,FAIL
LOG00146,"B-0884 - +5V supply 4.35V (out of spec), line 2.",B0884,POWER_RAIL_5V,FAIL
LOG00147,"c4872 current draw at idle: 54.77 ma, reject.",C4872,CURRENT_DRAW,FAIL
LOG00148,"Checked VDD_3V3 rail on A4729, 3.29V (within spec), second attempt.",A4729,POWER_RAIL_3V3,PASS
LOG00149,"d3139 3v3 supply measured 3.29v, nominal.",D3139,POWER_RAIL_3V3,PASS
LOG00150,unit C2314 +5V supply measured 5.01V.,C2314,POWER_RAIL_5V,PASS
LOG00151,"board A5386 thermal reading after burn-in measured 49.8C, within spec.",A5386,THERMAL,PASS
LOG00152,Unit unit D7356: +12V supply reading 12.90V.,D7356,POWER_RAIL_12V,FAIL
LOG00153,"Checked 5v power check on C 5758, 5.64V, line 2.",C5758,POWER_RAIL_5V,FAIL
LOG00154,"Unit B2826: 12v power check reading 11.89V, passes.",B2826,POWER_RAIL_12V,PASS
LOG00155,"Unit D9455: 3v3 supply reading 3.16V, reject.",D9455,POWER_RAIL_3V3,FAIL
LOG00156,"unit C4638 - 3v3 supply 2.70V, after reflow.",C4638,POWER_RAIL_3V3,FAIL
LOG00157,"Checked eye height CH1 on unit B8995, 3.43Vpp — reject, retest after rework.",B8995,SIGNAL_INTEGRITY,FAIL
LOG00158,C 4939 resistance check CLK: 5.90 Ohm.,C4939,CONTINUITY,PASS
LOG00159,"B8062 VDD_5V rail measured 5.00V, checks out.",B8062,POWER_RAIL_5V,PASS
LOG00160,"Checked quiescent current on A 1204, 105.88mA, good reading, after reflow.",A1204,CURRENT_DRAW,PASS
LOG00161,"C9224 - current draw at idle 94.46mA, per ECO-114.",C9224,CURRENT_DRAW,PASS
LOG00162,"B-6420 3.3V rail: 3.29 V, passes.",B6420,POWER_RAIL_3V3,PASS
LOG00163,board A6961 signal amplitude CH1: 3.22 Vpp.,A6961,SIGNAL_INTEGRITY,PASS
LOG00164,"Checked +5V supply on unit D5685, 4.82V, per ECO-114.",D5685,POWER_RAIL_5V,FAIL
LOG00165,"checked +5v supply on unit a9381, 4.75v, second attempt.",A9381,POWER_RAIL_5V,FAIL
LOG00166,"D 7421 signal amplitude CH1 measured 2.96Vpp, flagged for rework.",D7421,SIGNAL_INTEGRITY,FAIL
LOG00167,"D-0719 - 3.3v power check 3.02V, line 2.",D0719,POWER_RAIL_3V3,FAIL
LOG00168,C 7852 thermal soak reading measured 71.1C.,C7852,THERMAL,FAIL
LOG00169,"Checked 12v power check on B 8030, 12.53V, out of spec, customer return unit.",B8030,POWER_RAIL_12V,FAIL
LOG00170,"Checked 5V rail on A-0791, 4.99V.",A0791,POWER_RAIL_5V,PASS
LOG00171,Unit A4516: EN_LINE continuity reading 3.74Ohm.,A4516,CONTINUITY,FAIL
LOG00172,board d8357 current draw at idle measured 26.86ma.,D8357,CURRENT_DRAW,PASS
LOG00173,"Unit board A7006: case temp reading 6.7C, out of spec.",A7006,THERMAL,FAIL
LOG00174,"Checked quiescent current on B4664, -7.74mA (failed), shift B.",B4664,CURRENT_DRAW,FAIL
LOG00175,"Checked 3v3 supply on B 1919, 3.13V (fails), shift B.",B1919,POWER_RAIL_3V3,FAIL
LOG00176,B4408 cont check J12 measured 5.87Ohm (OK).,B4408,CONTINUITY,PASS
LOG00177,Unit unit B1471: eye height CH2 reading 3.04Vpp (within spec).,B1471,SIGNAL_INTEGRITY,PASS
LOG00178,A5196 3v3 supply measured 2.86V (no good).,A5196,POWER_RAIL_3V3,FAIL
LOG00179,"Checked case temp on D4422, 43.9C, per ECO-114.",D4422,THERMAL,PASS
LOG00180,unit C9443 quiescent current: 68.46 mA — good reading.,C9443,CURRENT_DRAW,PASS
LOG00181,"Checked 5V rail on unit D5242, 4.92V, shift B.",D5242,POWER_RAIL_5V,PASS
LOG00182,C2703 3.3V rail: 3.20 V — flagged for rework.,C2703,POWER_RAIL_3V3,FAIL
LOG00183,"D1385 - CH1 signal check 2.88Vpp, after reflow.",D1385,SIGNAL_INTEGRITY,FAIL
LOG00184,D 0128 - EN_LINE continuity 4.33Ohm — out of spec.,D0128,CONTINUITY,FAIL
LOG00185,board B1528 +3.3V rail: 3.18 V.,B1528,POWER_RAIL_3V3,PASS
LOG00186,"D-0137 - quiescent current 130.36mA, per ECO-114.",D0137,CURRENT_DRAW,PASS
LOG00187,unit B8459 12V rail measured 11.91V.,B8459,POWER_RAIL_12V,PASS
LOG00188,unit C1722 current draw at idle: 109.37 mA.,C1722,CURRENT_DRAW,PASS
LOG00189,A 1879 5V rail: 4.46 V.,A1879,POWER_RAIL_5V,FAIL
LOG00190,Unit C-3617: case temp reading 49.2C (no good).,C3617,THERMAL,FAIL
LOG00191,board B0631 VDD_5V rail: 4.82 V (all good).,B0631,POWER_RAIL_5V,PASS
LOG00192,"Unit unit D4005: continuity on J7 reading 0.99Ohm, reject.",D4005,CONTINUITY,FAIL
LOG00193,"Unit B6926: 3v3 supply reading 3.21V, doesn't look right.",B6926,POWER_RAIL_3V3,FAIL
LOG00194,"A-6108 - VDD_3V3 rail 3.01V, retest after rework.",A6108,POWER_RAIL_3V3,FAIL
LOG00195,"C-1402 - resistance check RESET 3.97Ohm — failed, unit was reworked yesterday.",C1402,CONTINUITY,FAIL
LOG00196,"A-8884 - 3.3V rail 3.59V — reject, shift B.",A8884,POWER_RAIL_3V3,FAIL
LOG00197,board C2486 current draw at idle measured 40.36mA.,C2486,CURRENT_DRAW,PASS
LOG00198,unit b2122 +3.3v rail: 3.06 v (all good).,B2122,POWER_RAIL_3V3,PASS
LOG00199,Unit D7178: 3.3v power check reading 3.30V.,D7178,POWER_RAIL_3V3,PASS
LOG00200,"checked en_line continuity on c-9286, 2.27ohm, nominal, retest after rework.",C9286,CONTINUITY,PASS
LOG00201,"Unit board D7795: board temp after 10min soak reading 39.1C, within spec.",D7795,THERMAL,PASS
LOG00202,"Checked thermal reading after burn-in on board B8420, 8.3C, second attempt.",B8420,THERMAL,FAIL
LOG00203,C 2233 VDD_5V rail measured 5.19V — failed.,C2233,POWER_RAIL_5V,FAIL
LOG00204,"Checked cont check EN_LINE on unit A7637, 6.32Ohm, after reflow.",A7637,CONTINUITY,PASS
LOG00205,"B 6122 - signal amplitude CH3 2.69Vpp, shift B.",B6122,SIGNAL_INTEGRITY,PASS
LOG00206,"Checked CH1 signal check on board D1046, 3.10Vpp, second attempt.",D1046,SIGNAL_INTEGRITY,PASS
LOG00207,"unit a 4783: board temp after 10min soak reading 63.8c, flagged for rework.",A4783,THERMAL,FAIL
LOG00208,Unit A 6207: eye height CH4 reading 2.96Vpp.,A6207,SIGNAL_INTEGRITY,PASS
LOG00209,"board D8036 - thermal reading after burn-in 20.0C, per ECO-114.",D8036,THERMAL,FAIL
LOG00210,B-1829 VDD_5V rail measured 5.65V — failed.,B1829,POWER_RAIL_5V,FAIL
LOG00211,unit A8075 +3.3V rail measured 3.30V.,A8075,POWER_RAIL_3V3,PASS
LOG00212,"Checked scope reading CH2 on C-9382, 2.80Vpp, unit was reworked yesterday.",C9382,SIGNAL_INTEGRITY,PASS
LOG00213,Unit board C8460: case temp reading 48.0C.,C8460,THERMAL,PASS
LOG00214,board C5723 board temp after 10min soak measured 25.6C.,C5723,THERMAL,PASS
LOG00215,"checked 3.3v power check on b 9064, 2.98v, second attempt.",B9064,POWER_RAIL_3V3,FAIL
LOG00216,C 9241 eye height CH2 measured 3.06Vpp.,C9241,SIGNAL_INTEGRITY,PASS
LOG00217,"Checked 12V rail on A-1020, 12.23V, within spec, retest after rework.",A1020,POWER_RAIL_12V,PASS
LOG00218,"a-1114 board temp after 10min soak measured 61.4c, out of spec.",A1114,THERMAL,FAIL
LOG00219,unit A6351 5v power check measured 5.29V (reject).,A6351,POWER_RAIL_5V,FAIL
LOG00220,board A6035 12v power check: 11.84 V.,A6035,POWER_RAIL_12V,PASS
LOG00221,unit b9485: +5v supply reading 5.11v (bad reading).,B9485,POWER_RAIL_5V,FAIL
LOG00222,board B5555 CH3 signal check: 3.71 Vpp.,B5555,SIGNAL_INTEGRITY,PASS
LOG00223,unit A1021 - thermal reading after burn-in 73.8C.,A1021,THERMAL,FAIL
LOG00224,B-3603 signal amplitude CH2: 3.66 Vpp (fails).,B3603,SIGNAL_INTEGRITY,FAIL
LOG00225,"C 5993 5v power check measured 4.90V, within spec.",C5993,POWER_RAIL_5V,PASS
LOG00226,"board a5666 - vdd_12v rail 11.91v, unit was reworked yesterday.",A5666,POWER_RAIL_12V,PASS
LOG00227,"C2911 - quiescent current 150.00mA (nominal), line 2.",C2911,CURRENT_DRAW,PASS
LOG00228,"unit b8828 - 3.3v power check 3.14v, bad reading, after reflow.",B8828,POWER_RAIL_3V3,FAIL
LOG00229,D7252 3.3V rail: 3.34 V.,D7252,POWER_RAIL_3V3,PASS
LOG00230,d-2108 vdd_5v rail: 4.87 v (all good).,D2108,POWER_RAIL_5V,PASS
LOG00231,"Checked VDD_5V rail on board D3624, 5.45V.",D3624,POWER_RAIL_5V,FAIL
LOG00232,"checked standby current on a 2585, 4.41ma, retest after rework.",A2585,CURRENT_DRAW,FAIL
LOG00233,"D5463 - 5V rail 4.90V (passes), per ECO-114.",D5463,POWER_RAIL_5V,PASS
LOG00234,unit B1540 5V rail: 5.31 V — passes.,B1540,POWER_RAIL_5V,PASS
LOG00235,"board C7025 - board temp after 10min soak 39.0C (OK), customer return unit.",C7025,THERMAL,PASS
LOG00236,unit board d7946: signal amplitude ch1 reading 3.01vpp.,D7946,SIGNAL_INTEGRITY,PASS
LOG00237,b 3788 +5v supply: 4.63 v.,B3788,POWER_RAIL_5V,FAIL
LOG00238,Unit D6814: VDD_5V rail reading 5.03V.,D6814,POWER_RAIL_5V,PASS
LOG00239,A 6597 quiescent current: 182.99 mA.,A6597,CURRENT_DRAW,FAIL
LOG00240,Unit board B9138: 5V rail reading 5.31V.,B9138,POWER_RAIL_5V,PASS
LOG00241,unit C9738 scope reading CH2: 2.96 Vpp (bad reading).,C9738,SIGNAL_INTEGRITY,FAIL
LOG00242,unit D6823 standby current: 107.34 mA.,D6823,CURRENT_DRAW,PASS
LOG00243,D-3482 12v power check: 11.21 V (fails).,D3482,POWER_RAIL_12V,FAIL
LOG00244,board c8311 5v power check: 4.85 v (flagged for rework).,C8311,POWER_RAIL_5V,FAIL
LOG00245,"Checked case temp on D-7811, 30.6C.",D7811,THERMAL,PASS
LOG00246,"Checked thermal reading after burn-in on A8381, 29.6C, after reflow.",A8381,THERMAL,PASS
LOG00247,"board A7071 - +5V supply 5.18V, checks out, unit was reworked yesterday.",A7071,POWER_RAIL_5V,PASS
LOG00248,unit C9471 5V rail measured 5.36V.,C9471,POWER_RAIL_5V,FAIL
LOG00249,"unit D8024 - current draw at idle 38.11mA (flagged for rework), retest after rework.",D8024,CURRENT_DRAW,FAIL
LOG00250,A6692 VDD_3V3 rail measured 3.41V.,A6692,POWER_RAIL_3V3,FAIL
LOG00251,"B3726 - thermal soak reading 15.0C, unit was reworked yesterday.",B3726,THERMAL,PASS
LOG00252,Unit A1771: +5V supply reading 5.05V — OK.,A1771,POWER_RAIL_5V,PASS
LOG00253,b 5498 12v power check measured 11.82v.,B5498,POWER_RAIL_12V,PASS
LOG00254,C 3661 signal amplitude CH4: 3.38 Vpp.,C3661,SIGNAL_INTEGRITY,PASS
LOG00255,"C 5624 - eye height CH2 3.14Vpp, shift B.",C5624,SIGNAL_INTEGRITY,PASS
LOG00256,Unit D-5621: board temp after 10min soak reading 71.9C.,D5621,THERMAL,FAIL
LOG00257,unit A1026 cont check CLK measured 0.00Ohm (reject).,A1026,CONTINUITY,FAIL
LOG00258,D 0196 3.3v power check measured 3.35V (nominal).,D0196,POWER_RAIL_3V3,PASS
LOG00259,"unit B3717 - J12 continuity 6.81Ohm — fails, after reflow.",B3717,CONTINUITY,FAIL
LOG00260,unit d3583 idle current draw measured 208.40ma — no good.,D3583,CURRENT_DRAW,FAIL
LOG00261,unit a-6670: thermal reading after burn-in reading 22.2c — within spec.,A6670,THERMAL,PASS
LOG00262,"B-1026 - 3v3 supply 3.29V, checks out, shift B.",B1026,POWER_RAIL_3V3,PASS
LOG00263,Unit board D4157: 3.3v power check reading 3.29V — all good.,D4157,POWER_RAIL_3V3,PASS
LOG00264,"D-3660 - continuity on J4 0.16Ohm, customer return unit.",D3660,CONTINUITY,PASS
LOG00265,"Checked VDD_12V rail on D-0583, 13.00V, after reflow.",D0583,POWER_RAIL_12V,FAIL
LOG00266,"C5887 - VDD_3V3 rail 3.31V, retest after rework.",C5887,POWER_RAIL_3V3,PASS
LOG00267,B0644 standby current measured 96.16mA (within spec).,B0644,CURRENT_DRAW,PASS
LOG00268,Unit board D8429: quiescent current reading 43.09mA — no good.,D8429,CURRENT_DRAW,FAIL
LOG00269,B 3877 continuity on EN_LINE: 3.17 Ohm.,B3877,CONTINUITY,PASS
LOG00270,C-4391 VDD_3V3 rail: 3.87 V.,C4391,POWER_RAIL_3V3,FAIL
LOG00271,"Checked thermal reading after burn-in on board D0053, 37.4C, unit was reworked yesterday.",D0053,THERMAL,PASS
LOG00272,board D0556 VDD_5V rail measured 5.02V.,D0556,POWER_RAIL_5V,PASS
LOG00273,B9568 case temp: 68.8 C.,B9568,THERMAL,FAIL
LOG00274,Unit D7237: cont check EN_LINE reading 6.07Ohm — reject.,D7237,CONTINUITY,FAIL
LOG00275,"Checked scope reading CH2 on C 1380, 3.09Vpp — passes, after reflow.",C1380,SIGNAL_INTEGRITY,PASS
LOG00276,"Checked 12v power check on board B8536, 12.75V, after reflow.",B8536,POWER_RAIL_12V,FAIL
LOG00277,Unit board A0051: scope reading CH2 reading 3.35Vpp — looks good.,A0051,SIGNAL_INTEGRITY,PASS
LOG00278,"Checked 12V rail on B1325, 10.89V (fails), shift B.",B1325,POWER_RAIL_12V,FAIL
LOG00279,B 9025 3.3v power check measured 3.33V.,B9025,POWER_RAIL_3V3,PASS
LOG00280,D7051 +12V supply: 12.54 V — failed.,D7051,POWER_RAIL_12V,FAIL
LOG00281,"Checked 3.3V rail on unit A2951, 3.33V (looks good), second attempt.",A2951,POWER_RAIL_3V3,PASS
LOG00282,C 4709 quiescent current: 89.89 mA.,C4709,CURRENT_DRAW,PASS
LOG00283,"d-0015 - 12v rail 12.09v — within spec, retest after rework.",D0015,POWER_RAIL_12V,PASS
LOG00284,Unit unit A5864: thermal soak reading reading 49.3C (nominal).,A5864,THERMAL,PASS
LOG00285,"D-3363 - 5V rail 5.44V — reject, line 2.",D3363,POWER_RAIL_5V,FAIL
LOG00286,"Checked +12V supply on D-2146, 11.95V (nominal), shift B.",D2146,POWER_RAIL_12V,PASS
LOG00287,"Checked idle current draw on unit A1516, 22.82mA (out of spec), second attempt.",A1516,CURRENT_DRAW,FAIL
LOG00288,C 8043 12v power check measured 13.22V.,C8043,POWER_RAIL_12V,FAIL
LOG00289,"C 5948 - scope reading CH1 2.99Vpp, after reflow.",C5948,SIGNAL_INTEGRITY,PASS
LOG00290,C 4951 +12V supply measured 11.00V.,C4951,POWER_RAIL_12V,FAIL
LOG00291,"B 9995 signal amplitude CH2 measured 3.25Vpp, good reading.",B9995,SIGNAL_INTEGRITY,PASS
LOG00292,"Checked +3.3V rail on C 5857, 2.69V, shift B.",C5857,POWER_RAIL_3V3,FAIL
LOG00293,C 8483 standby current measured -4.71mA.,C8483,CURRENT_DRAW,FAIL
LOG00294,D-9065 thermal soak reading: 28.3 C.,D9065,THERMAL,FAIL
LOG00295,c-5373 current draw at idle measured 66.92ma (bad reading).,C5373,CURRENT_DRAW,FAIL
LOG00296,"Checked VDD_5V rail on board A0397, 5.00V — nominal, line 2.",A0397,POWER_RAIL_5V,PASS
LOG00297,C-1541 eye height CH4 measured 2.46Vpp — out of spec.,C1541,SIGNAL_INTEGRITY,FAIL
LOG00298,"Checked idle current draw on A 9601, 94.07mA (within spec), second attempt.",A9601,CURRENT_DRAW,PASS
LOG00299,c-4316 12v rail measured 11.51v (within spec).,C4316,POWER_RAIL_12V,PASS
LOG00300,Unit D0483: 3.3V rail reading 3.81V.,D0483,POWER_RAIL_3V3,FAIL
LOG00301,"Unit D-4928: VDD_5V rail reading 4.93V, all good.",D4928,POWER_RAIL_5V,PASS
LOG00302,Unit C6950: 12v power check reading 11.87V — OK.,C6950,POWER_RAIL_12V,PASS
LOG00303,B4159 thermal soak reading: -0.5 C.,B4159,THERMAL,FAIL
LOG00304,unit board a1583: vdd_3v3 rail reading 3.30v.,A1583,POWER_RAIL_3V3,PASS
LOG00305,"C 0585 - continuity on RESET 4.33Ohm (reject), after reflow.",C0585,CONTINUITY,FAIL
LOG00306,"Checked resistance check RESET on unit B8380, 6.55Ohm, no good, customer return unit.",B8380,CONTINUITY,FAIL
LOG00307,"Checked 5v power check on unit B8044, 4.98V, nominal, after reflow.",B8044,POWER_RAIL_5V,PASS
LOG00308,"Checked signal amplitude CH2 on unit D7812, 3.40Vpp, fails, per ECO-114.",D7812,SIGNAL_INTEGRITY,FAIL
LOG00309,C-1408 VDD_3V3 rail: 3.37 V (all good).,C1408,POWER_RAIL_3V3,PASS
LOG00310,unit A1757 case temp: 22.8 C.,A1757,THERMAL,FAIL
LOG00311,"C0137 - CH4 signal check 3.15Vpp (all good), customer return unit.",C0137,SIGNAL_INTEGRITY,PASS
LOG00312,Unit C8540: 5v power check reading 4.50V.,C8540,POWER_RAIL_5V,FAIL
LOG00313,Unit C9978: 5V rail reading 4.97V (passes).,C9978,POWER_RAIL_5V,PASS
LOG00314,A-4061 eye height CH1 measured 3.09Vpp — checks out.,A4061,SIGNAL_INTEGRITY,PASS
LOG00315,"board D1715 - thermal reading after burn-in 17.3C, flagged for rework, unit was reworked yesterday.",D1715,THERMAL,FAIL
LOG00316,"Checked VDD_3V3 rail on C7972, 2.90V — bad reading.",C7972,POWER_RAIL_3V3,FAIL
LOG00317,"D 5620 - 3.3v power check 3.39V, second attempt.",D5620,POWER_RAIL_3V3,PASS
LOG00318,Unit D-2188: board temp after 10min soak reading 20.0C.,D2188,THERMAL,FAIL
LOG00319,unit c5337 12v power check measured 12.16v (looks good).,C5337,POWER_RAIL_12V,PASS
LOG00320,"Checked cont check J4 on B-5057, 5.90Ohm, after reflow.",B5057,CONTINUITY,FAIL
LOG00321,B-4607 signal amplitude CH4 measured 3.11Vpp.,B4607,SIGNAL_INTEGRITY,PASS
LOG00322,B-1738 - VDD_12V rail 13.21V.,B1738,POWER_RAIL_12V,FAIL
LOG00323,"Checked cont check J4 on board D7874, 1.47Ohm, fails, per ECO-114.",D7874,CONTINUITY,FAIL
LOG00324,Unit board C9218: continuity on J12 reading 6.53Ohm (fails).,C9218,CONTINUITY,FAIL
LOG00325,"Checked +12V supply on B 0603, 12.31V, after reflow.",B0603,POWER_RAIL_12V,FAIL
LOG00326,unit B2400 board temp after 10min soak: 54.3 C — doesn't look right.,B2400,THERMAL,FAIL
LOG00327,"Checked 12v power check on board A2395, 12.93V — flagged for rework, customer return unit.",A2395,POWER_RAIL_12V,FAIL
LOG00328,a 0449 +5v supply: 5.47 v (no good).,A0449,POWER_RAIL_5V,FAIL
LOG00329,D 0075 +12V supply measured 11.42V.,D0075,POWER_RAIL_12V,PASS
LOG00330,A3419 case temp: 29.9 C (failed).,A3419,THERMAL,FAIL
LOG00331,"B6355 - thermal soak reading 52.0C, customer return unit.",B6355,THERMAL,PASS
LOG00332,Unit D 1320: VDD_12V rail reading 12.03V.,D1320,POWER_RAIL_12V,PASS
LOG00333,B-0268 5V rail: 4.56 V (out of spec).,B0268,POWER_RAIL_5V,FAIL
LOG00334,"b 8967 - resistance check j7 2.44ohm (looks good), second attempt.",B8967,CONTINUITY,PASS
LOG00335,unit unit c5169: scope reading ch1 reading 3.45vpp (good reading).,C5169,SIGNAL_INTEGRITY,PASS
LOG00336,unit board d8511: 3v3 supply reading 3.44v (no good).,D8511,POWER_RAIL_3V3,FAIL
LOG00337,Unit unit A9099: CH1 signal check reading 3.46Vpp (passes).,A9099,SIGNAL_INTEGRITY,PASS
LOG00338,unit B3744 idle current draw: 39.12 mA.,B3744,CURRENT_DRAW,FAIL
LOG00339,B-5386 current draw at idle: 125.52 mA.,B5386,CURRENT_DRAW,FAIL
LOG00340,unit b-7932: vdd_5v rail reading 5.31v — flagged for rework.,B7932,POWER_RAIL_5V,FAIL
LOG00341,"c8695 - ch3 signal check 3.14vpp, second attempt.",C8695,SIGNAL_INTEGRITY,PASS
LOG00342,A-5154 standby current: 5.71 mA.,A5154,CURRENT_DRAW,FAIL
LOG00343,"C-0444 5V rail measured 5.08V, OK.",C0444,POWER_RAIL_5V,PASS
LOG00344,"D6640 - +5V supply 4.94V, second attempt.",D6640,POWER_RAIL_5V,PASS
LOG00345,"Unit board C1223: idle current draw reading 94.17mA, OK.",C1223,CURRENT_DRAW,PASS
LOG00346,c-3258 +3.3v rail: 3.29 v.,C3258,POWER_RAIL_3V3,PASS
LOG00347,"Checked +12V supply on C-7394, 11.61V — out of spec, retest after rework.",C7394,POWER_RAIL_12V,FAIL
LOG00348,"a 9472 idle current draw: 122.29 ma, doesn't look right.",A9472,CURRENT_DRAW,FAIL
LOG00349,"unit B4574 - VDD_12V rail 12.24V, passes, line 2.",B4574,POWER_RAIL_12V,PASS
LOG00350,"unit C4945 - eye height CH2 2.80Vpp (out of spec), retest after rework.",C4945,SIGNAL_INTEGRITY,FAIL
LOG00351,"checked vdd_5v rail on b 5770, 5.52v (failed), line 2.",B5770,POWER_RAIL_5V,FAIL
LOG00352,"Checked CH2 signal check on C 0008, 3.40Vpp, bad reading, per ECO-114.",C0008,SIGNAL_INTEGRITY,FAIL
LOG00353,Unit C1473: VDD_3V3 rail reading 3.42V — reject.,C1473,POWER_RAIL_3V3,FAIL
LOG00354,unit C2982 VDD_12V rail measured 11.79V — within spec.,C2982,POWER_RAIL_12V,PASS
LOG00355,A 4182 idle current draw: 136.66 mA (reject).,A4182,CURRENT_DRAW,FAIL
LOG00356,"C 6246 thermal soak reading measured 27.2C, checks out.",C6246,THERMAL,PASS
LOG00357,"C0266 - VDD_5V rail 5.68V, out of spec, per ECO-114.",C0266,POWER_RAIL_5V,FAIL
LOG00358,"Checked +5V supply on unit D5635, 5.41V, flagged for rework, line 2.",D5635,POWER_RAIL_5V,FAIL
LOG00359,"Checked board temp after 10min soak on B 7273, 26.5C — good reading, customer return unit.",B7273,THERMAL,PASS
LOG00360,board C5161 VDD_5V rail measured 5.04V.,C5161,POWER_RAIL_5V,PASS
LOG00361,"Checked thermal soak reading on unit A3105, 2.6C, fails, per ECO-114.",A3105,THERMAL,FAIL
LOG00362,"D 7002 - VDD_12V rail 11.54V, retest after rework.",D7002,POWER_RAIL_12V,FAIL
LOG00363,d7612 thermal reading after burn-in: 55.0 c.,D7612,THERMAL,PASS
LOG00364,board B2742 current draw at idle: 93.60 mA.,B2742,CURRENT_DRAW,PASS
LOG00365,unit d8360: current draw at idle reading 204.49ma.,D8360,CURRENT_DRAW,FAIL
LOG00366,unit D7160 3.3v power check: 3.44 V.,D7160,POWER_RAIL_3V3,PASS
LOG00367,"Checked scope reading CH3 on B 3003, 3.15Vpp.",B3003,SIGNAL_INTEGRITY,PASS
LOG00368,D-9714 3v3 supply measured 3.28V.,D9714,POWER_RAIL_3V3,PASS
LOG00369,Unit board A1451: VDD_3V3 rail reading 3.62V (bad reading).,A1451,POWER_RAIL_3V3,FAIL
LOG00370,"C 8317 - cont check J4 7.57Ohm, line 2.",C8317,CONTINUITY,FAIL
LOG00371,d-6510 ch1 signal check: 3.33 vpp (checks out).,D6510,SIGNAL_INTEGRITY,PASS
LOG00372,"Checked 12V rail on board B7245, 12.35V (flagged for rework), shift B.",B7245,POWER_RAIL_12V,FAIL
LOG00373,Unit board A1851: thermal soak reading reading 0.8C.,A1851,THERMAL,FAIL
LOG00374,board b5023 current draw at idle measured 117.60ma.,B5023,CURRENT_DRAW,PASS
LOG00375,"Checked +5V supply on D 4580, 5.16V — flagged for rework, shift B.",D4580,POWER_RAIL_5V,FAIL
LOG00376,"Checked +12V supply on A6282, 12.03V — looks good, second attempt.",A6282,POWER_RAIL_12V,PASS
LOG00377,Unit A-5792: J4 continuity reading 2.39Ohm (all good).,A5792,CONTINUITY,PASS
LOG00378,unit b3964 - 12v rail 11.18v (ok).,B3964,POWER_RAIL_12V,PASS
LOG00379,Unit B 5716: +12V supply reading 11.15V (looks good).,B5716,POWER_RAIL_12V,PASS
LOG00380,Unit board C2303: scope reading CH1 reading 3.04Vpp (within spec).,C2303,SIGNAL_INTEGRITY,PASS
LOG00381,"checked en_line continuity on c9699, 3.47ohm — all good, customer return unit.",C9699,CONTINUITY,PASS
LOG00382,"Unit A3925: 5v power check reading 5.61V, doesn't look right.",A3925,POWER_RAIL_5V,FAIL
LOG00383,B-0868 CH4 signal check: 3.46 Vpp (doesn't look right).,B0868,SIGNAL_INTEGRITY,FAIL
LOG00384,unit d 2566: case temp reading 48.8c — bad reading.,D2566,THERMAL,FAIL
LOG00385,"Checked VDD_5V rail on unit B3781, 4.99V, retest after rework.",B3781,POWER_RAIL_5V,PASS
LOG00386,Unit unit D5507: VDD_5V rail reading 5.11V.,D5507,POWER_RAIL_5V,PASS
LOG00387,"Unit board C8425: 12V rail reading 12.41V, passes.",C8425,POWER_RAIL_12V,PASS
LOG00388,B7328 12V rail measured 12.69V (bad reading).,B7328,POWER_RAIL_12V,FAIL
LOG00389,unit unit a1718: 3.3v power check reading 3.21v (good reading).,A1718,POWER_RAIL_3V3,PASS
LOG00390,board D0163 +5V supply measured 5.49V.,D0163,POWER_RAIL_5V,FAIL
LOG00391,board B5981 +12V supply: 11.85 V — passes.,B5981,POWER_RAIL_12V,PASS
LOG00392,"D-8859 - thermal reading after burn-in 69.3C, reject, line 2.",D8859,THERMAL,FAIL
LOG00393,A3761 continuity on J12: 7.60 Ohm.,A3761,CONTINUITY,FAIL
LOG00394,unit A2493 thermal reading after burn-in measured 36.6C (looks good).,A2493,THERMAL,PASS
LOG00395,board C8299 thermal soak reading measured 69.6C (failed).,C8299,THERMAL,FAIL
LOG00396,b1007 signal amplitude ch3: 3.27 vpp.,B1007,SIGNAL_INTEGRITY,PASS
LOG00397,"Checked 5V rail on board B1747, 5.40V.",B1747,POWER_RAIL_5V,PASS
LOG00398,board C0088 - CH1 signal check 3.36Vpp (nominal).,C0088,SIGNAL_INTEGRITY,PASS
LOG00399,B-6293 12v power check measured 12.22V.,B6293,POWER_RAIL_12V,PASS
LOG00400,"unit C7805 - 5V rail 5.05V (good reading), retest after rework.",C7805,POWER_RAIL_5V,PASS
LOG00401,"D 7638 - case temp 55.0C, fails.",D7638,THERMAL,FAIL
LOG00402,board D3771 3v3 supply: 2.74 V (reject).,D3771,POWER_RAIL_3V3,FAIL
LOG00403,"Checked EN_LINE continuity on board D3915, 0.54Ohm (reject).",D3915,CONTINUITY,FAIL
LOG00404,"A-8095 12v power check measured 13.19V, fails.",A8095,POWER_RAIL_12V,FAIL
LOG00405,"Checked EN_LINE continuity on A5859, 4.53Ohm, unit was reworked yesterday.",A5859,CONTINUITY,PASS
LOG00406,"C9420 - signal amplitude CH1 3.06Vpp, looks good, per ECO-114.",C9420,SIGNAL_INTEGRITY,PASS
LOG00407,Unit unit B8575: board temp after 10min soak reading 48.6C (checks out).,B8575,THERMAL,PASS
LOG00408,"Checked continuity on J7 on board B1925, 5.75Ohm.",B1925,CONTINUITY,FAIL
LOG00409,"A 8725 - CH1 signal check 2.80Vpp — OK, unit was reworked yesterday.",A8725,SIGNAL_INTEGRITY,PASS
LOG00410,C-1769 12v power check measured 12.17V — good reading.,C1769,POWER_RAIL_12V,PASS
LOG00411,Unit unit B8254: board temp after 10min soak reading 67.0C — doesn't look right.,B8254,THERMAL,FAIL
LOG00412,"board A1223 - cont check CLK 6.92Ohm (failed), second attempt.",A1223,CONTINUITY,FAIL
LOG00413,Unit board C1966: continuity on J4 reading 3.96Ohm.,C1966,CONTINUITY,FAIL
LOG00414,"Unit A 9301: cont check J7 reading 2.04Ohm, within spec.",A9301,CONTINUITY,PASS
LOG00415,"Checked 3.3V rail on C-7570, 3.41V (looks good), retest after rework.",C7570,POWER_RAIL_3V3,PASS
LOG00416,"C7343 - current draw at idle 27.48mA, retest after rework.",C7343,CURRENT_DRAW,FAIL
LOG00417,c-1067 3.3v power check: 3.40 v — within spec.,C1067,POWER_RAIL_3V3,PASS
LOG00418,D-3166 +5V supply: 5.05 V.,D3166,POWER_RAIL_5V,PASS
LOG00419,"Unit B5984: standby current reading 125.50mA, all good.",B5984,CURRENT_DRAW,PASS
LOG00420,Unit A4949: RESET continuity reading 1.36Ohm.,A4949,CONTINUITY,PASS
LOG00421,"unit A9442 board temp after 10min soak measured 26.5C, failed.",A9442,THERMAL,FAIL
LOG00422,board D8530 - CH3 signal check 3.03Vpp.,D8530,SIGNAL_INTEGRITY,PASS
LOG00423,"A-7925 - cont check RESET 6.01Ohm, no good, unit was reworked yesterday.",A7925,CONTINUITY,FAIL
LOG00424,C9740 idle current draw measured 183.98mA (bad reading).,C9740,CURRENT_DRAW,FAIL
LOG00425,Unit unit D7984: scope reading CH1 reading 2.66Vpp.,D7984,SIGNAL_INTEGRITY,FAIL
LOG00426,Unit D7342: cont check CLK reading 2.52Ohm (looks good).,D7342,CONTINUITY,PASS
LOG00427,Unit board D8351: +3.3V rail reading 2.96V.,D8351,POWER_RAIL_3V3,FAIL
LOG00428,Unit B 2392: J4 continuity reading 2.15Ohm (within spec).,B2392,CONTINUITY,PASS
LOG00429,Unit A-1025: signal amplitude CH1 reading 3.23Vpp — within spec.,A1025,SIGNAL_INTEGRITY,PASS
LOG00430,Unit board D6073: VDD_5V rail reading 5.24V.,D6073,POWER_RAIL_5V,PASS
LOG00431,unit b6855 thermal soak reading: 48.2 c — flagged for rework.,B6855,THERMAL,FAIL
LOG00432,"unit a 8283: resistance check j12 reading 5.96ohm, checks out.",A8283,CONTINUITY,PASS
LOG00433,"B7539 - eye height CH2 2.50Vpp, out of spec.",B7539,SIGNAL_INTEGRITY,FAIL
LOG00434,Unit A 2653: thermal reading after burn-in reading 38.2C — looks good.,A2653,THERMAL,PASS
LOG00435,"a 0494 board temp after 10min soak: 11.9 c, checks out.",A0494,THERMAL,PASS
LOG00436,"A 2120 - board temp after 10min soak 39.3C, line 2.",A2120,THERMAL,PASS
LOG00437,"Checked VDD_5V rail on unit A0565, 5.24V, no good, unit was reworked yesterday.",A0565,POWER_RAIL_5V,FAIL
LOG00438,B7637 current draw at idle: 206.76 mA — out of spec.,B7637,CURRENT_DRAW,FAIL
LOG00439,D 8175 12v power check measured 12.11V.,D8175,POWER_RAIL_12V,PASS
LOG00440,B-9279 case temp: 20.0 C.,B9279,THERMAL,PASS
LOG00441,"C-4545 eye height CH2: 2.97 Vpp, passes.",C4545,SIGNAL_INTEGRITY,PASS
LOG00442,D 6165 5V rail measured 5.48V.,D6165,POWER_RAIL_5V,FAIL
LOG00443,"checked ch4 signal check on a-9170, 3.13vpp.",A9170,SIGNAL_INTEGRITY,PASS
LOG00444,"Checked 5v power check on board C8385, 5.17V, customer return unit.",C8385,POWER_RAIL_5V,FAIL
LOG00445,"Checked +12V supply on A-8996, 12.88V, unit was reworked yesterday.",A8996,POWER_RAIL_12V,FAIL
LOG00446,"a-6335 case temp: 31.0 c, checks out.",A6335,THERMAL,PASS
LOG00447,board D4578 quiescent current measured 114.16mA — good reading.,D4578,CURRENT_DRAW,PASS
LOG00448,"D 2577 - cont check EN_LINE 0.48Ohm — all good, shift B.",D2577,CONTINUITY,PASS
LOG00449,"Checked 3v3 supply on unit A3973, 3.22V, good reading, after reflow.",A3973,POWER_RAIL_3V3,PASS
LOG00450,"Checked thermal reading after burn-in on A-8059, 63.2C, checks out, second attempt.",A8059,THERMAL,PASS
LOG00451,Unit D-5385: 3v3 supply reading 3.33V.,D5385,POWER_RAIL_3V3,PASS
LOG00452,"C-8585 - eye height CH3 3.22Vpp (OK), line 2.",C8585,SIGNAL_INTEGRITY,PASS
LOG00453,B 0717 thermal soak reading: 30.4 C — bad reading.,B0717,THERMAL,FAIL
LOG00454,Unit C-8245: thermal soak reading reading 70.8C (flagged for rework).,C8245,THERMAL,FAIL
LOG00455,board A0282 RESET continuity measured 0.74Ohm.,A0282,CONTINUITY,FAIL
LOG00456,Unit board D0915: +3.3V rail reading 2.85V.,D0915,POWER_RAIL_3V3,FAIL
LOG00457,unit B3324 continuity on J12: 3.09 Ohm.,B3324,CONTINUITY,PASS
LOG00458,"checked eye height ch1 on unit c9636, 2.70vpp, line 2.",C9636,SIGNAL_INTEGRITY,FAIL
LOG00459,"checked 3.3v rail on unit b0232, 3.30v (looks good), per eco-114.",B0232,POWER_RAIL_3V3,PASS
LOG00460,C 2491 5V rail: 4.92 V.,C2491,POWER_RAIL_5V,PASS
LOG00461,A-1184 3v3 supply measured 2.74V.,A1184,POWER_RAIL_3V3,FAIL
LOG00462,D-2594 VDD_3V3 rail: 3.30 V (OK).,D2594,POWER_RAIL_3V3,PASS
LOG00463,"board D6902 - eye height CH3 3.27Vpp (all good), unit was reworked yesterday.",D6902,SIGNAL_INTEGRITY,PASS
LOG00464,Unit D2191: J4 continuity reading 3.00Ohm.,D2191,CONTINUITY,PASS
LOG00465,"Checked 12V rail on B 4921, 11.88V, unit was reworked yesterday.",B4921,POWER_RAIL_12V,PASS
LOG00466,"board B9583 - thermal soak reading 55.0C, retest after rework.",B9583,THERMAL,PASS
LOG00467,"C 3987 - 3.3v power check 3.42V — doesn't look right, per ECO-114.",C3987,POWER_RAIL_3V3,FAIL
LOG00468,Unit B 1010: cont check J7 reading 3.84Ohm.,B1010,CONTINUITY,PASS
LOG00469,"A6141 - thermal soak reading 10.6C (reject), unit was reworked yesterday.",A6141,THERMAL,FAIL
LOG00470,C 2490 VDD_5V rail measured 4.66V — no good.,C2490,POWER_RAIL_5V,FAIL
LOG00471,A-6911 3.3v power check: 2.90 V.,A6911,POWER_RAIL_3V3,FAIL
LOG00472,"C1033 3.3v power check: 3.21 V, good reading.",C1033,POWER_RAIL_3V3,PASS
LOG00473,"a 8643 - signal amplitude ch2 3.34vpp — ok, after reflow.",A8643,SIGNAL_INTEGRITY,PASS
LOG00474,board B0428 3.3V rail measured 3.33V.,B0428,POWER_RAIL_3V3,PASS
LOG00475,"Checked quiescent current on D3551, 98.38mA — OK.",D3551,CURRENT_DRAW,PASS
LOG00476,unit c9774: 3.3v power check reading 3.31v.,C9774,POWER_RAIL_3V3,PASS
LOG00477,"B-1306 - 3.3V rail 3.75V (flagged for rework), line 2.",B1306,POWER_RAIL_3V3,FAIL
LOG00478,B-6691 - current draw at idle 9.43mA.,B6691,CURRENT_DRAW,FAIL
LOG00479,"unit C4475 3.3V rail measured 3.24V, nominal.",C4475,POWER_RAIL_3V3,PASS
LOG00480,"Checked case temp on A 7984, 64.6C — failed, second attempt.",A7984,THERMAL,FAIL
LOG00481,"board C2584 - quiescent current 112.13mA (nominal), per ECO-114.",C2584,CURRENT_DRAW,PASS
LOG00482,"board B1243 scope reading CH4: 2.82 Vpp, within spec.",B1243,SIGNAL_INTEGRITY,PASS
LOG00483,Unit unit A9150: current draw at idle reading 122.64mA — all good.,A9150,CURRENT_DRAW,PASS
LOG00484,D-0049 3.3V rail measured 3.62V.,D0049,POWER_RAIL_3V3,FAIL
LOG00485,"board A3525 current draw at idle: 127.57 mA, passes.",A3525,CURRENT_DRAW,PASS
LOG00486,"Checked RESET continuity on C 7847, 3.75Ohm, checks out, line 2.",C7847,CONTINUITY,PASS
LOG00487,"Checked signal amplitude CH4 on board B3023, 3.17Vpp, after reflow.",B3023,SIGNAL_INTEGRITY,PASS
LOG00488,"Unit unit C0078: continuity on EN_LINE reading 2.69Ohm, good reading.",C0078,CONTINUITY,PASS
LOG00489,Unit D3021: thermal reading after burn-in reading 48.8C — doesn't look right.,D3021,THERMAL,FAIL
LOG00490,board C6498 5V rail measured 5.08V.,C6498,POWER_RAIL_5V,PASS
LOG00491,Unit B-2129: J4 continuity reading 6.87Ohm.,B2129,CONTINUITY,FAIL
LOG00492,"D 8594 - CH2 signal check 3.09Vpp, within spec, customer return unit.",D8594,SIGNAL_INTEGRITY,PASS
LOG00493,"unit C1874 - quiescent current 203.05mA, after reflow.",C1874,CURRENT_DRAW,FAIL
LOG00494,A 1685 quiescent current: 132.70 mA (no good).,A1685,CURRENT_DRAW,FAIL
LOG00495,Unit unit A9268: quiescent current reading 192.62mA.,A9268,CURRENT_DRAW,FAIL
LOG00496,A 9701 VDD_5V rail: 5.05 V — nominal.,A9701,POWER_RAIL_5V,PASS
LOG00497,"Unit A6906: 5v power check reading 4.47V, reject.",A6906,POWER_RAIL_5V,FAIL
LOG00498,Unit D-7800: case temp reading 37.2C — nominal.,D7800,THERMAL,PASS
LOG00499,"Checked scope reading CH3 on unit B1765, 3.80Vpp (flagged for rework).",B1765,SIGNAL_INTEGRITY,FAIL
LOG00500,"B 5960 - case temp 43.9C, per ECO-114.",B5960,THERMAL,PASS
LOG00501,Unit B6483: 12v power check reading 13.03V (failed).,B6483,POWER_RAIL_12V,FAIL
LOG00502,"Checked board temp after 10min soak on A1179, 23.1C, retest after rework.",A1179,THERMAL,FAIL
LOG00503,"Unit A 2589: case temp reading 61.0C, good reading.",A2589,THERMAL,PASS
LOG00504,Unit C 9575: 12v power check reading 11.64V.,C9575,POWER_RAIL_12V,PASS
LOG00505,"board C1434 thermal soak reading measured 24.5C, out of spec.",C1434,THERMAL,FAIL
LOG00506,unit C9199 continuity on CLK: 7.53 Ohm (reject).,C9199,CONTINUITY,FAIL
LOG00507,board A5478 5V rail: 4.58 V — flagged for rework.,A5478,POWER_RAIL_5V,FAIL
LOG00508,"unit C4763 - +12V supply 12.08V, retest after rework.",C4763,POWER_RAIL_12V,PASS
LOG00509,"A 4144 - signal amplitude CH2 3.02Vpp, line 2.",A4144,SIGNAL_INTEGRITY,FAIL
LOG00510,D7026 cont check CLK measured 3.77Ohm.,D7026,CONTINUITY,FAIL
LOG00511,"unit unit d2194: eye height ch3 reading 3.47vpp, flagged for rework.",D2194,SIGNAL_INTEGRITY,FAIL
LOG00512,C4028 thermal soak reading: 9.7 C — good reading.,C4028,THERMAL,PASS
LOG00513,"B 7815 - 12v power check 12.07V, second attempt.",B7815,POWER_RAIL_12V,PASS
LOG00514,A 6884 quiescent current measured 111.06mA.,A6884,CURRENT_DRAW,PASS
LOG00515,unit b3868: board temp after 10min soak reading 43.8c (checks out).,B3868,THERMAL,PASS
LOG00516,"board C5418 - eye height CH4 3.42Vpp, per ECO-114.",C5418,SIGNAL_INTEGRITY,PASS
LOG00517,A7658 quiescent current measured 168.19mA (failed).,A7658,CURRENT_DRAW,FAIL
LOG00518,unit board c9184: resistance check clk reading 6.55ohm.,C9184,CONTINUITY,FAIL
LOG00519,"D-6539 - +12V supply 12.14V, shift B.",D6539,POWER_RAIL_12V,PASS
LOG00520,"Unit D8057: scope reading CH2 reading 3.29Vpp, within spec.",D8057,SIGNAL_INTEGRITY,PASS
LOG00521,"Checked board temp after 10min soak on D 1505, 3.2C, out of spec, customer return unit.",D1505,THERMAL,FAIL
LOG00522,"A 2383 VDD_5V rail: 5.25 V, all good.",A2383,POWER_RAIL_5V,PASS
LOG00523,unit A8803 board temp after 10min soak: 49.5 C.,A8803,THERMAL,PASS
LOG00524,unit C7251 case temp measured 42.6C (looks good).,C7251,THERMAL,PASS
LOG00525,"Checked 12V rail on C2961, 12.05V — OK, shift B.",C2961,POWER_RAIL_12V,PASS
LOG00526,board a2277 5v rail measured 5.10v.,A2277,POWER_RAIL_5V,FAIL
LOG00527,board a0466 vdd_12v rail measured 11.58v (bad reading).,A0466,POWER_RAIL_12V,FAIL
LOG00528,"B-8337 - eye height CH2 3.89Vpp (no good), second attempt.",B8337,SIGNAL_INTEGRITY,FAIL
LOG00529,unit b3577: scope reading ch3 reading 3.20vpp — passes.,B3577,SIGNAL_INTEGRITY,PASS
LOG00530,"Checked standby current on unit A0204, 84.44mA, retest after rework.",A0204,CURRENT_DRAW,PASS
LOG00531,"Checked continuity on RESET on D 3013, 6.32Ohm (out of spec), retest after rework.",D3013,CONTINUITY,FAIL
LOG00532,"unit B4492 - scope reading CH1 2.38Vpp, line 2.",B4492,SIGNAL_INTEGRITY,FAIL
LOG00533,Unit C-8176: thermal soak reading reading 14.0C.,C8176,THERMAL,PASS
LOG00534,"Checked board temp after 10min soak on B-5840, 42.9C — within spec, per ECO-114.",B5840,THERMAL,PASS
LOG00535,"Checked 5V rail on unit C5383, 4.95V, customer return unit.",C5383,POWER_RAIL_5V,PASS
LOG00536,Unit B 6623: quiescent current reading -5.40mA — no good.,B6623,CURRENT_DRAW,FAIL
LOG00537,"A-1341 3v3 supply measured 3.17V, looks good.",A1341,POWER_RAIL_3V3,PASS
LOG00538,"A-7855 - 12V rail 12.17V, within spec, second attempt.",A7855,POWER_RAIL_12V,PASS
LOG00539,"unit B5042 - 12v power check 11.88V — all good, customer return unit.",B5042,POWER_RAIL_12V,PASS
LOG00540,"unit A1289 - +3.3V rail 3.17V, checks out, after reflow.",A1289,POWER_RAIL_3V3,PASS
LOG00541,"Checked VDD_5V rail on unit D7270, 5.65V, per ECO-114.",D7270,POWER_RAIL_5V,FAIL
LOG00542,"checked eye height ch4 on unit d3912, 3.23vpp (nominal), customer return unit.",D3912,SIGNAL_INTEGRITY,PASS
LOG00543,a 4010 thermal soak reading: 49.1 c — passes.,A4010,THERMAL,PASS
LOG00544,D2344 RESET continuity: 3.39 Ohm.,D2344,CONTINUITY,PASS
LOG00545,"board B5683 - VDD_12V rail 12.18V, after reflow.",B5683,POWER_RAIL_12V,PASS
LOG00546,"A 2025 - 3.3v power check 3.03V, doesn't look right, per ECO-114.",A2025,POWER_RAIL_3V3,FAIL
LOG00547,Unit C 0909: continuity on J12 reading 0.05Ohm.,C0909,CONTINUITY,FAIL
LOG00548,"C-5878 +12V supply: 12.97 V, fails.",C5878,POWER_RAIL_12V,FAIL
LOG00549,board D7835 3.3v power check: 3.90 V.,D7835,POWER_RAIL_3V3,FAIL
LOG00550,"Checked board temp after 10min soak on B5295, 69.3C, unit was reworked yesterday.",B5295,THERMAL,FAIL
LOG00551,Unit B 0942: continuity on J7 reading 0.00Ohm.,B0942,CONTINUITY,PASS
LOG00552,unit B2302 VDD_5V rail measured 4.88V (out of spec).,B2302,POWER_RAIL_5V,FAIL
LOG00553,"Checked current draw at idle on D1807, 43.80mA, reject, customer return unit.",D1807,CURRENT_DRAW,FAIL
LOG00554,"board D6318 - eye height CH4 2.92Vpp (checks out), shift B.",D6318,SIGNAL_INTEGRITY,PASS
LOG00555,b7214 12v rail: 12.29 v.,B7214,POWER_RAIL_12V,FAIL
LOG00556,board D9260 thermal soak reading measured 43.3C.,D9260,THERMAL,PASS
LOG00557,C0430 standby current: 99.69 mA.,C0430,CURRENT_DRAW,PASS
LOG00558,C5487 3v3 supply: 2.92 V.,C5487,POWER_RAIL_3V3,FAIL
LOG00559,"unit D9363 VDD_12V rail: 11.27 V, checks out.",D9363,POWER_RAIL_12V,PASS
LOG00560,unit B3370 5V rail measured 5.15V (reject).,B3370,POWER_RAIL_5V,FAIL
LOG00561,B5892 VDD_12V rail: 12.93 V.,B5892,POWER_RAIL_12V,PASS
LOG00562,"Checked thermal soak reading on B-4255, 32.2C, retest after rework.",B4255,THERMAL,PASS
LOG00563,D 2588 standby current: 123.44 mA.,D2588,CURRENT_DRAW,FAIL
LOG00564,Unit C4419: eye height CH2 reading 3.23Vpp — looks good.,C4419,SIGNAL_INTEGRITY,PASS
LOG00565,"Checked board temp after 10min soak on board C0523, 44.5C — within spec, second attempt.",C0523,THERMAL,PASS
LOG00566,"B5882 - +12V supply 10.94V, second attempt.",B5882,POWER_RAIL_12V,FAIL
LOG00567,"board B0153 - 5v power check 5.34V, unit was reworked yesterday.",B0153,POWER_RAIL_5V,FAIL
LOG00568,D 3411 +5V supply: 5.52 V.,D3411,POWER_RAIL_5V,FAIL
LOG00569,C8598 5V rail measured 4.71V — failed.,C8598,POWER_RAIL_5V,FAIL
LOG00570,unit C6269 standby current measured 165.44mA (OK).,C6269,CURRENT_DRAW,PASS
LOG00571,Unit unit C1507: cont check J7 reading 7.32Ohm.,C1507,CONTINUITY,FAIL
LOG00572,"Unit A 8092: 3.3v power check reading 3.32V, nominal.",A8092,POWER_RAIL_3V3,PASS
LOG00573,"D6422 scope reading CH1 measured 3.73Vpp, looks good.",D6422,SIGNAL_INTEGRITY,PASS
LOG00574,Unit C 4729: board temp after 10min soak reading 57.5C.,C4729,THERMAL,FAIL
LOG00575,"checked current draw at idle on b 0068, 110.95ma (all good), unit was reworked yesterday.",B0068,CURRENT_DRAW,PASS
LOG00576,D5747 EN_LINE continuity measured 5.32Ohm.,D5747,CONTINUITY,FAIL
LOG00577,"A 8503 - quiescent current 103.31mA, second attempt.",A8503,CURRENT_DRAW,PASS
LOG00578,Unit B-6928: cont check CLK reading 0.59Ohm — no good.,B6928,CONTINUITY,FAIL
LOG00579,"c 1303 - 5v rail 4.85v (looks good), per eco-114.",C1303,POWER_RAIL_5V,PASS
LOG00580,A-7996 signal amplitude CH4 measured 2.64Vpp — reject.,A7996,SIGNAL_INTEGRITY,FAIL
LOG00581,"Checked eye height CH4 on board A3881, 3.19Vpp, second attempt.",A3881,SIGNAL_INTEGRITY,PASS
LOG00582,unit C2801 VDD_5V rail measured 5.09V — nominal.,C2801,POWER_RAIL_5V,PASS
LOG00583,a 6592 3.3v rail measured 3.28v.,A6592,POWER_RAIL_3V3,PASS
LOG00584,D-5293 CH4 signal check measured 2.90Vpp.,D5293,SIGNAL_INTEGRITY,PASS
LOG00585,"Checked thermal reading after burn-in on unit A3324, 40.0C — checks out, per ECO-114.",A3324,THERMAL,PASS
LOG00586,"checked vdd_12v rail on d-0263, 11.57v, out of spec, second attempt.",D0263,POWER_RAIL_12V,FAIL
LOG00587,board D7802 3.3V rail measured 3.95V.,D7802,POWER_RAIL_3V3,FAIL
LOG00588,"unit B9462 - thermal soak reading 58.0C, out of spec, customer return unit.",B9462,THERMAL,FAIL
LOG00589,"board A3217 - scope reading CH1 2.91Vpp, OK, customer return unit.",A3217,SIGNAL_INTEGRITY,PASS
LOG00590,"A-3916 - VDD_3V3 rail 3.86V, doesn't look right, customer return unit.",A3916,POWER_RAIL_3V3,FAIL
LOG00591,board A2021 CH4 signal check: 3.41 Vpp.,A2021,SIGNAL_INTEGRITY,PASS
LOG00592,board a3752 signal amplitude ch3: 3.16 vpp.,A3752,SIGNAL_INTEGRITY,PASS
LOG00593,C-0321 +3.3V rail: 3.38 V — out of spec.,C0321,POWER_RAIL_3V3,FAIL
LOG00594,"Checked 12v power check on board D2729, 11.24V, passes.",D2729,POWER_RAIL_12V,PASS
LOG00595,"board C2310 - quiescent current 73.89mA, line 2.",C2310,CURRENT_DRAW,FAIL
LOG00596,"checked clk continuity on c-5950, 2.13ohm, after reflow.",C5950,CONTINUITY,PASS
LOG00597,A-9608 resistance check RESET measured 3.67Ohm.,A9608,CONTINUITY,PASS
LOG00598,b 5252 cont check j12 measured 4.03ohm — ok.,B5252,CONTINUITY,PASS
LOG00599,unit C5106 12v power check measured 10.90V — bad reading.,C5106,POWER_RAIL_12V,FAIL
LOG00600,"Checked 3v3 supply on D7606, 3.46V (within spec).",D7606,POWER_RAIL_3V3,PASS
LOG00601,board C0936 case temp measured 48.5C.,C0936,THERMAL,PASS
LOG00602,board A5177 +5V supply: 5.05 V.,A5177,POWER_RAIL_5V,PASS
LOG00603,"unit a5425 5v power check measured 4.93v, nominal.",A5425,POWER_RAIL_5V,PASS
LOG00604,B-2808 RESET continuity measured 5.44Ohm — good reading.,B2808,CONTINUITY,PASS
LOG00605,"B-7234 - board temp after 10min soak 2.3C — out of spec, line 2.",B7234,THERMAL,FAIL
LOG00606,"Checked 3v3 supply on board A4324, 2.73V, retest after rework.",A4324,POWER_RAIL_3V3,FAIL
LOG00607,"board C0246 cont check J12 measured 6.87Ohm, failed.",C0246,CONTINUITY,FAIL
LOG00608,"board B7823 - +12V supply 12.75V, line 2.",B7823,POWER_RAIL_12V,FAIL
LOG00609,Unit unit C8142: +5V supply reading 4.76V.,C8142,POWER_RAIL_5V,PASS
LOG00610,B 7464 board temp after 10min soak: 20.7 C — failed.,B7464,THERMAL,FAIL
LOG00611,"Checked CH3 signal check on A-1394, 3.60Vpp, unit was reworked yesterday.",A1394,SIGNAL_INTEGRITY,PASS
LOG00612,Unit B-3408: standby current reading 97.74mA — all good.,B3408,CURRENT_DRAW,PASS
LOG00613,Unit D 7763: signal amplitude CH3 reading 3.60Vpp (good reading).,D7763,SIGNAL_INTEGRITY,PASS
LOG00614,"Checked board temp after 10min soak on B0104, 38.3C (nominal), shift B.",B0104,THERMAL,PASS
LOG00615,"checked current draw at idle on unit b7516, 50.00ma — no good.",B7516,CURRENT_DRAW,FAIL
LOG00616,B 7310 5V rail: 4.51 V.,B7310,POWER_RAIL_5V,FAIL
LOG00617,"Checked current draw at idle on C4437, 92.78mA, customer return unit.",C4437,CURRENT_DRAW,PASS
LOG00618,"board B5284 3v3 supply measured 3.46V, checks out.",B5284,POWER_RAIL_3V3,PASS
LOG00619,"Checked 12V rail on B-5898, 11.40V (looks good), per ECO-114.",B5898,POWER_RAIL_12V,PASS
LOG00620,"Checked 5v power check on D 9423, 4.62V — fails, retest after rework.",D9423,POWER_RAIL_5V,FAIL
LOG00621,"unit C1098 CH2 signal check measured 3.75Vpp, reject.",C1098,SIGNAL_INTEGRITY,FAIL
LOG00622,Unit B-6099: board temp after 10min soak reading 43.8C.,B6099,THERMAL,PASS
LOG00623,unit A3115 5v power check measured 5.10V (OK).,A3115,POWER_RAIL_5V,PASS
LOG00624,"Checked 5V rail on board C9570, 4.94V — passes, retest after rework.",C9570,POWER_RAIL_5V,PASS
LOG00625,D-6353 board temp after 10min soak measured 48.6C.,D6353,THERMAL,FAIL
LOG00626,board D0257 quiescent current measured 173.86mA — passes.,D0257,CURRENT_DRAW,PASS
LOG00627,C0653 CH2 signal check: 3.03 Vpp (within spec).,C0653,SIGNAL_INTEGRITY,PASS
LOG00628,"B-1460 - continuity on RESET 0.61Ohm, second attempt.",B1460,CONTINUITY,PASS
LOG00629,Unit C0999: signal amplitude CH3 reading 2.58Vpp — all good.,C0999,SIGNAL_INTEGRITY,PASS
LOG00630,"Checked +5V supply on D-8892, 4.92V — looks good, customer return unit.",D8892,POWER_RAIL_5V,PASS
LOG00631,D9573 5V rail: 5.25 V.,D9573,POWER_RAIL_5V,PASS
LOG00632,"Checked thermal soak reading on B7361, 34.6C, second attempt.",B7361,THERMAL,PASS
LOG00633,"C 8007 - +5V supply 4.92V, second attempt.",C8007,POWER_RAIL_5V,PASS
LOG00634,"board B6778 - continuity on CLK 4.01Ohm — fails, customer return unit.",B6778,CONTINUITY,FAIL
LOG00635,C 0547 +3.3V rail measured 3.14V — checks out.,C0547,POWER_RAIL_3V3,PASS
LOG00636,unit C4059 eye height CH4: 3.25 Vpp — within spec.,C4059,SIGNAL_INTEGRITY,PASS
LOG00637,"board B2413 - current draw at idle 113.59mA, line 2.",B2413,CURRENT_DRAW,PASS
LOG00638,"unit B3059 5v power check measured 5.00V, nominal.",B3059,POWER_RAIL_5V,PASS
LOG00639,"D 8168 5v power check measured 4.89V, reject.",D8168,POWER_RAIL_5V,FAIL
LOG00640,B-1160 standby current measured 102.88mA.,B1160,CURRENT_DRAW,PASS
LOG00641,Unit board C9880: idle current draw reading 79.85mA.,C9880,CURRENT_DRAW,PASS
LOG00642,"unit B0693 scope reading CH1 measured 3.45Vpp, nominal.",B0693,SIGNAL_INTEGRITY,PASS
LOG00643,C 0038 signal amplitude CH4: 3.28 Vpp.,C0038,SIGNAL_INTEGRITY,PASS
LOG00644,Unit C 8258: 12v power check reading 11.56V — flagged for rework.,C8258,POWER_RAIL_12V,FAIL
LOG00645,unit C4924 thermal soak reading: 61.5 C (checks out).,C4924,THERMAL,PASS
LOG00646,"board B1871 - resistance check EN_LINE 1.67Ohm (nominal), retest after rework.",B1871,CONTINUITY,PASS
LOG00647,Unit board C5068: VDD_3V3 rail reading 2.66V — reject.,C5068,POWER_RAIL_3V3,FAIL
LOG00648,board D8687 +5V supply: 4.30 V.,D8687,POWER_RAIL_5V,FAIL
LOG00649,"Checked 12v power check on unit D6301, 11.40V, per ECO-114.",D6301,POWER_RAIL_12V,FAIL
LOG00650,"unit B4789 - continuity on CLK 2.43Ohm — within spec, retest after rework.",B4789,CONTINUITY,PASS
LOG00651,B 0071 thermal soak reading: 47.1 C — all good.,B0071,THERMAL,PASS
LOG00652,Unit C3381: 12V rail reading 11.61V.,C3381,POWER_RAIL_12V,PASS
LOG00653,"Checked 12V rail on A-7277, 11.40V (good reading), line 2.",A7277,POWER_RAIL_12V,PASS
LOG00654,B-8229 VDD_12V rail measured 11.51V — within spec.,B8229,POWER_RAIL_12V,PASS
LOG00655,D3452 +3.3V rail measured 3.27V.,D3452,POWER_RAIL_3V3,PASS
LOG00656,"unit A8534 - 5v power check 5.46V (bad reading), per ECO-114.",A8534,POWER_RAIL_5V,FAIL
LOG00657,unit D9087 J4 continuity: 3.52 Ohm (passes).,D9087,CONTINUITY,PASS
LOG00658,Unit C 2385: 5v power check reading 5.25V.,C2385,POWER_RAIL_5V,FAIL
LOG00659,C6291 scope reading CH3: 3.35 Vpp.,C6291,SIGNAL_INTEGRITY,PASS
LOG00660,Unit B3403: board temp after 10min soak reading 52.3C.,B3403,THERMAL,FAIL
LOG00661,"Checked quiescent current on B 9488, 63.19mA, customer return unit.",B9488,CURRENT_DRAW,PASS
LOG00662,Unit board B1505: VDD_3V3 rail reading 3.46V (nominal).,B1505,POWER_RAIL_3V3,PASS
LOG00663,"Checked board temp after 10min soak on board B7241, 30.0C, customer return unit.",B7241,THERMAL,FAIL
LOG00664,"B 5858 - CH4 signal check 2.31Vpp (failed), per ECO-114.",B5858,SIGNAL_INTEGRITY,FAIL
LOG00665,"unit D1722 - signal amplitude CH2 3.01Vpp, failed, unit was reworked yesterday.",D1722,SIGNAL_INTEGRITY,FAIL
LOG00666,"B-4090 - 5V rail 4.92V, retest after rework.",B4090,POWER_RAIL_5V,PASS
LOG00667,unit b 8503: 12v power check reading 11.42v (bad reading).,B8503,POWER_RAIL_12V,FAIL
LOG00668,"unit C7040 12V rail measured 12.67V, no good.",C7040,POWER_RAIL_12V,FAIL
LOG00669,"board A6958 - eye height CH3 3.07Vpp, retest after rework.",A6958,SIGNAL_INTEGRITY,PASS
LOG00670,board B8693 3v3 supply measured 3.32V — good reading.,B8693,POWER_RAIL_3V3,PASS
LOG00671,unit B4630 board temp after 10min soak measured 58.8C (failed).,B4630,THERMAL,FAIL
LOG00672,Unit A-3145: case temp reading 37.0C.,A3145,THERMAL,PASS
LOG00673,"Checked board temp after 10min soak on D-9466, 68.9C, second attempt.",D9466,THERMAL,FAIL
LOG00674,Unit A-1079: 5V rail reading 4.44V (doesn't look right).,A1079,POWER_RAIL_5V,FAIL
LOG00675,Unit D 3592: thermal reading after burn-in reading 22.6C (checks out).,D3592,THERMAL,PASS
LOG00676,Unit board B3198: 3v3 supply reading 3.23V.,B3198,POWER_RAIL_3V3,FAIL
LOG00677,"unit A7301 - 3.3V rail 3.36V, per ECO-114.",A7301,POWER_RAIL_3V3,PASS
LOG00678,"board c8748 - continuity on j12 3.13ohm, retest after rework.",C8748,CONTINUITY,PASS
LOG00679,board B4571 scope reading CH1 measured 2.55Vpp — flagged for rework.,B4571,SIGNAL_INTEGRITY,FAIL
LOG00680,"D9695 - board temp after 10min soak 38.5C, looks good, after reflow.",D9695,THERMAL,PASS
LOG00681,B-2317 signal amplitude CH2: 3.44 Vpp (checks out).,B2317,SIGNAL_INTEGRITY,PASS
LOG00682,"B 0970 - thermal reading after burn-in 48.7C — checks out, per ECO-114.",B0970,THERMAL,PASS
LOG00683,Unit A-6680: +12V supply reading 13.16V.,A6680,POWER_RAIL_12V,FAIL
LOG00684,unit D6698 case temp measured 10.3C.,D6698,THERMAL,PASS
LOG00685,board D7693 idle current draw measured 0.50mA.,D7693,CURRENT_DRAW,FAIL
LOG00686,D-1687 +12V supply measured 11.91V.,D1687,POWER_RAIL_12V,PASS
LOG00687,"C-1907 - 12V rail 11.00V, per ECO-114.",C1907,POWER_RAIL_12V,FAIL
LOG00688,"checked idle current draw on d-9598, 150.00ma, shift b.",D9598,CURRENT_DRAW,PASS
LOG00689,"C-4323 - 12v power check 11.14V, after reflow.",C4323,POWER_RAIL_12V,FAIL
LOG00690,Unit unit D8835: current draw at idle reading 32.10mA — out of spec.,D8835,CURRENT_DRAW,FAIL
LOG00691,"Checked eye height CH3 on A-1282, 3.13Vpp — checks out.",A1282,SIGNAL_INTEGRITY,PASS
LOG00692,B 4071 3v3 supply: 2.85 V (doesn't look right).,B4071,POWER_RAIL_3V3,FAIL
LOG00693,unit B3767 thermal reading after burn-in measured 38.3C — good reading.,B3767,THERMAL,PASS
LOG00694,D7740 +5V supply measured 5.08V (looks good).,D7740,POWER_RAIL_5V,PASS
LOG00695,"Checked continuity on RESET on A8416, 6.19Ohm, per ECO-114.",A8416,CONTINUITY,FAIL
LOG00696,"unit C8165 cont check J12: 0.74 Ohm, all good.",C8165,CONTINUITY,PASS
LOG00697,"Checked 12v power check on unit C1996, 12.18V (nominal), after reflow.",C1996,POWER_RAIL_12V,PASS
LOG00698,"Checked VDD_5V rail on unit A2506, 5.22V, retest after rework.",A2506,POWER_RAIL_5V,PASS
LOG00699,"Checked eye height CH2 on D 7039, 3.14Vpp (looks good), shift B.",D7039,SIGNAL_INTEGRITY,PASS
LOG00700,C 2915 quiescent current measured 62.52mA.,C2915,CURRENT_DRAW,PASS
LOG00701,Unit board C7629: 5V rail reading 5.11V.,C7629,POWER_RAIL_5V,PASS
LOG00702,"Checked current draw at idle on D-3460, 50.00mA (fails), unit was reworked yesterday.",D3460,CURRENT_DRAW,FAIL
LOG00703,"Checked thermal soak reading on board A3728, 36.7C — checks out, customer return unit.",A3728,THERMAL,PASS
LOG00704,board A7590 thermal reading after burn-in: 29.3 C.,A7590,THERMAL,FAIL
LOG00705,Unit board A0201: 3.3V rail reading 3.56V.,A0201,POWER_RAIL_3V3,FAIL
LOG00706,board C1644 VDD_3V3 rail measured 3.60V (fails).,C1644,POWER_RAIL_3V3,FAIL
LOG00707,unit d0916: 3.3v power check reading 3.13v.,D0916,POWER_RAIL_3V3,PASS
LOG00708,unit B6568 eye height CH1 measured 3.47Vpp.,B6568,SIGNAL_INTEGRITY,FAIL
LOG00709,"Checked 12v power check on C 3478, 11.07V, line 2.",C3478,POWER_RAIL_12V,PASS
LOG00710,board B5507 CH4 signal check measured 3.33Vpp — passes.,B5507,SIGNAL_INTEGRITY,PASS
LOG00711,"Checked VDD_3V3 rail on unit A4243, 3.30V (checks out), per ECO-114.",A4243,POWER_RAIL_3V3,PASS
LOG00712,"Checked current draw at idle on C-8661, 112.34mA, looks good.",C8661,CURRENT_DRAW,PASS
LOG00713,"C 1426 5v power check measured 5.47V, bad reading.",C1426,POWER_RAIL_5V,FAIL
LOG00714,A-5027 idle current draw: 5.33 mA.,A5027,CURRENT_DRAW,FAIL
LOG00715,"Checked 5V rail on B-8203, 4.36V, after reflow.",B8203,POWER_RAIL_5V,FAIL
LOG00716,board A3045 standby current: 64.83 mA (out of spec).,A3045,CURRENT_DRAW,FAIL
LOG00717,"B-9043 board temp after 10min soak: 39.8 C, passes.",B9043,THERMAL,PASS
LOG00718,A 7400 3.3v power check measured 3.30V.,A7400,POWER_RAIL_3V3,PASS
LOG00719,"Checked 5V rail on A 3510, 5.09V — looks good, line 2.",A3510,POWER_RAIL_5V,PASS
LOG00720,"Unit C8368: case temp reading 49.7C, OK.",C8368,THERMAL,PASS
LOG00721,C2046 - cont check EN_LINE 0.48Ohm.,C2046,CONTINUITY,FAIL
LOG00722,"Checked 5V rail on B-6033, 5.05V, line 2.",B6033,POWER_RAIL_5V,PASS
LOG00723,D3820 quiescent current: 14.89 mA — out of spec.,D3820,CURRENT_DRAW,FAIL
LOG00724,"Checked 5V rail on A2917, 5.35V — doesn't look right, after reflow.",A2917,POWER_RAIL_5V,FAIL
LOG00725,"A8382 - 3.3v power check 3.26V, per ECO-114.",A8382,POWER_RAIL_3V3,PASS
LOG00726,B 3098 VDD_3V3 rail: 3.35 V (all good).,B3098,POWER_RAIL_3V3,PASS
LOG00727,B9377 board temp after 10min soak: 37.9 C — all good.,B9377,THERMAL,PASS
LOG00728,"Unit C-9690: board temp after 10min soak reading 75.6C, doesn't look right.",C9690,THERMAL,FAIL
LOG00729,"Checked scope reading CH4 on B-7351, 3.02Vpp — checks out, second attempt.",B7351,SIGNAL_INTEGRITY,PASS
LOG00730,Unit unit D2939: thermal reading after burn-in reading 30.2C.,D2939,THERMAL,PASS
LOG00731,"D0267 quiescent current: 93.69 mA, checks out.",D0267,CURRENT_DRAW,PASS
LOG00732,board A6033 resistance check J12: 1.45 Ohm — no good.,A6033,CONTINUITY,FAIL
LOG00733,"Checked 3v3 supply on A 4306, 3.29V, line 2.",A4306,POWER_RAIL_3V3,PASS
LOG00734,"D-7726 - 3.3V rail 3.72V — fails, second attempt.",D7726,POWER_RAIL_3V3,FAIL
LOG00735,"D4931 - VDD_5V rail 5.05V, customer return unit.",D4931,POWER_RAIL_5V,PASS
LOG00736,unit D0262 board temp after 10min soak: 33.2 C — looks good.,D0262,THERMAL,PASS
LOG00737,"board D6825 +5V supply: 4.78 V, looks good.",D6825,POWER_RAIL_5V,PASS
LOG00738,Unit D 9548: board temp after 10min soak reading 5.4C.,D9548,THERMAL,FAIL
LOG00739,board B3954 3.3V rail: 3.32 V (all good).,B3954,POWER_RAIL_3V3,PASS
LOG00740,"board C6160 - cont check CLK 2.49Ohm, customer return unit.",C6160,CONTINUITY,PASS
LOG00741,"board C9164 - quiescent current 33.61mA, line 2.",C9164,CURRENT_DRAW,PASS
LOG00742,"C0048 VDD_5V rail: 4.75 V, no good.",C0048,POWER_RAIL_5V,FAIL
LOG00743,unit B7743 eye height CH1 measured 2.80Vpp.,B7743,SIGNAL_INTEGRITY,FAIL
LOG00744,unit B6292 quiescent current: 85.01 mA (good reading).,B6292,CURRENT_DRAW,PASS
LOG00745,unit A5300 12V rail: 11.88 V (nominal).,A5300,POWER_RAIL_12V,PASS
LOG00746,board C4868 - EN_LINE continuity 6.46Ohm.,C4868,CONTINUITY,FAIL
LOG00747,D 3356 scope reading CH3 measured 3.14Vpp.,D3356,SIGNAL_INTEGRITY,PASS
LOG00748,D-3689 board temp after 10min soak measured 64.4C — fails.,D3689,THERMAL,FAIL
LOG00749,"D2528 signal amplitude CH3 measured 2.43Vpp, no good.",D2528,SIGNAL_INTEGRITY,FAIL
LOG00750,"Checked eye height CH3 on board C7530, 3.68Vpp, OK, second attempt.",C7530,SIGNAL_INTEGRITY,PASS
LOG00751,"Checked case temp on unit B8715, 73.5C — fails.",B8715,THERMAL,FAIL
LOG00752,Unit C 2204: scope reading CH1 reading 2.65Vpp.,C2204,SIGNAL_INTEGRITY,PASS
LOG00753,Unit board B5152: CLK continuity reading 5.55Ohm.,B5152,CONTINUITY,FAIL
LOG00754,D-7157 current draw at idle: 73.39 mA.,D7157,CURRENT_DRAW,FAIL
LOG00755,"Checked current draw at idle on D-2274, 72.18mA, second attempt.",D2274,CURRENT_DRAW,FAIL
LOG00756,"A 1110 - VDD_12V rail 11.88V (nominal), retest after rework.",A1110,POWER_RAIL_12V,PASS
LOG00757,"C1279 - 12v power check 12.04V, second attempt.",C1279,POWER_RAIL_12V,PASS
LOG00758,"Checked signal amplitude CH2 on unit B9003, 3.24Vpp, second attempt.",B9003,SIGNAL_INTEGRITY,PASS
LOG00759,D-1579 +5V supply measured 4.98V — good reading.,D1579,POWER_RAIL_5V,PASS
LOG00760,"Checked CH1 signal check on unit B6687, 3.86Vpp, per ECO-114.",B6687,SIGNAL_INTEGRITY,FAIL
LOG00761,board B2815 thermal soak reading: 53.8 C.,B2815,THERMAL,FAIL
LOG00762,"Checked VDD_3V3 rail on board C6490, 2.93V, after reflow.",C6490,POWER_RAIL_3V3,FAIL
LOG00763,unit a-4936: +12v supply reading 11.48v.,A4936,POWER_RAIL_12V,FAIL
LOG00764,A-5290 3v3 supply: 3.94 V (reject).,A5290,POWER_RAIL_3V3,FAIL
LOG00765,"D 2478 - eye height CH3 3.18Vpp, customer return unit.",D2478,SIGNAL_INTEGRITY,PASS
LOG00766,"board d1554 case temp: 33.0 c, passes.",D1554,THERMAL,PASS
LOG00767,board C6554 +5V supply: 5.57 V.,C6554,POWER_RAIL_5V,FAIL
LOG00768,B7688 thermal reading after burn-in measured 51.8C — no good.,B7688,THERMAL,FAIL
LOG00769,Unit unit A4290: +3.3V rail reading 3.24V.,A4290,POWER_RAIL_3V3,PASS
LOG00770,unit C8131 CH4 signal check: 3.60 Vpp.,C8131,SIGNAL_INTEGRITY,PASS
LOG00771,board a7169 vdd_5v rail measured 5.23v — flagged for rework.,A7169,POWER_RAIL_5V,FAIL
LOG00772,unit c7223 eye height ch2: 3.80 vpp (within spec).,C7223,SIGNAL_INTEGRITY,PASS
LOG00773,"unit A0119 - +12V supply 10.75V, fails, after reflow.",A0119,POWER_RAIL_12V,FAIL
LOG00774,Unit board B9609: +12V supply reading 12.43V (within spec).,B9609,POWER_RAIL_12V,PASS
LOG00775,Unit unit D9262: continuity on RESET reading 0.00Ohm.,D9262,CONTINUITY,PASS
LOG00776,"Checked board temp after 10min soak on B 9059, 29.8C (no good), unit was reworked yesterday.",B9059,THERMAL,FAIL
LOG00777,"Unit B 2330: idle current draw reading 181.49mA, fails.",B2330,CURRENT_DRAW,FAIL
LOG00778,"C-9189 - +12V supply 11.77V (looks good), after reflow.",C9189,POWER_RAIL_12V,PASS
LOG00779,Unit D3094: VDD_12V rail reading 12.32V (failed).,D3094,POWER_RAIL_12V,FAIL
LOG00780,unit D6838 5V rail measured 4.91V (good reading).,D6838,POWER_RAIL_5V,PASS
LOG00781,"A 4125 - +12V supply 12.04V, customer return unit.",A4125,POWER_RAIL_12V,PASS
LOG00782,unit C6377 3v3 supply: 3.22 V (doesn't look right).,C6377,POWER_RAIL_3V3,FAIL
LOG00783,board c1197 quiescent current: 81.77 ma.,C1197,CURRENT_DRAW,PASS
LOG00784,"B-0366 - board temp after 10min soak 25.6C — nominal, retest after rework.",B0366,THERMAL,PASS
LOG00785,"unit A8903 - 12V rail 12.33V, within spec, line 2.",A8903,POWER_RAIL_12V,PASS
LOG00786,"Checked CLK continuity on C 1894, 0.00Ohm, checks out, customer return unit.",C1894,CONTINUITY,PASS
LOG00787,Unit C5129: 12V rail reading 12.57V.,C5129,POWER_RAIL_12V,FAIL
LOG00788,D 2775 idle current draw: 139.33 mA — bad reading.,D2775,CURRENT_DRAW,FAIL
LOG00789,Unit C 1286: 12V rail reading 11.75V.,C1286,POWER_RAIL_12V,PASS
LOG00790,C-2647 current draw at idle measured 92.81mA.,C2647,CURRENT_DRAW,PASS
LOG00791,unit A2967 12v power check: 12.03 V.,A2967,POWER_RAIL_12V,PASS
LOG00792,unit D5730 CH1 signal check measured 4.06Vpp (failed).,D5730,SIGNAL_INTEGRITY,FAIL
LOG00793,"Checked VDD_3V3 rail on D-2394, 3.25V (looks good), retest after rework.",D2394,POWER_RAIL_3V3,PASS
LOG00794,A2860 signal amplitude CH2 measured 2.80Vpp.,A2860,SIGNAL_INTEGRITY,FAIL
LOG00795,Unit A 8939: resistance check J12 reading 2.10Ohm.,A8939,CONTINUITY,PASS
LOG00796,Unit unit C0619: continuity on J12 reading 5.52Ohm.,C0619,CONTINUITY,PASS
LOG00797,"unit B6753 - 5v power check 5.56V (reject), per ECO-114.",B6753,POWER_RAIL_5V,FAIL
LOG00798,"board c3970 continuity on j7 measured 4.22ohm, looks good.",C3970,CONTINUITY,PASS
LOG00799,C 7968 5V rail measured 5.12V — nominal.,C7968,POWER_RAIL_5V,PASS
LOG00800,board A3992 - 3.3V rail 3.39V.,A3992,POWER_RAIL_3V3,PASS
LOG00801,Unit B 7762: VDD_5V rail reading 5.07V.,B7762,POWER_RAIL_5V,PASS
LOG00802,"Checked VDD_12V rail on D-5212, 12.08V, within spec, second attempt.",D5212,POWER_RAIL_12V,PASS
LOG00803,D-3337 board temp after 10min soak: 38.3 C.,D3337,THERMAL,PASS
LOG00804,Unit board B1390: +12V supply reading 12.21V.,B1390,POWER_RAIL_12V,PASS
LOG00805,"board C2027 case temp: 20.0 C, OK.",C2027,THERMAL,PASS
LOG00806,"board D5372 12V rail: 11.40 V, doesn't look right.",D5372,POWER_RAIL_12V,FAIL
LOG00807,unit a2586 - +5v supply 5.28v.,A2586,POWER_RAIL_5V,PASS
LOG00808,unit B0145 quiescent current measured 195.97mA — failed.,B0145,CURRENT_DRAW,FAIL
LOG00809,"A4100 - +12V supply 12.31V, good reading, after reflow.",A4100,POWER_RAIL_12V,PASS
LOG00810,Unit B9988: eye height CH1 reading 3.31Vpp.,B9988,SIGNAL_INTEGRITY,PASS
LOG00811,unit D9570 VDD_3V3 rail: 3.36 V (all good).,D9570,POWER_RAIL_3V3,PASS
LOG00812,"b2267 resistance check en_line: 2.52 ohm, passes.",B2267,CONTINUITY,PASS
LOG00813,"Checked idle current draw on B 8836, 125.60mA, shift B.",B8836,CURRENT_DRAW,FAIL
LOG00814,B2214 board temp after 10min soak measured 46.0C (flagged for rework).,B2214,THERMAL,FAIL
LOG00815,"B 3730 - eye height CH1 3.94Vpp — out of spec, retest after rework.",B3730,SIGNAL_INTEGRITY,FAIL
LOG00816,D-7830 CH1 signal check measured 2.58Vpp — within spec.,D7830,SIGNAL_INTEGRITY,PASS
LOG00817,Unit A 4986: continuity on J12 reading 4.75Ohm.,A4986,CONTINUITY,FAIL
LOG00818,Unit C8648: 12v power check reading 11.86V (good reading).,C8648,POWER_RAIL_12V,PASS
LOG00819,"board A6676 - 5v power check 5.05V (within spec), shift B.",A6676,POWER_RAIL_5V,PASS
LOG00820,"b-0761 12v power check measured 12.01v, ok.",B0761,POWER_RAIL_12V,PASS
LOG00821,"B3622 +12V supply: 11.00 V, fails.",B3622,POWER_RAIL_12V,FAIL
LOG00822,"d3829 - 12v power check 13.02v, line 2.",D3829,POWER_RAIL_12V,FAIL
LOG00823,"Checked 3.3V rail on D-0439, 3.55V, retest after rework.",D0439,POWER_RAIL_3V3,FAIL
LOG00824,"C 7601 - +3.3V rail 3.36V, unit was reworked yesterday.",C7601,POWER_RAIL_3V3,PASS
LOG00825,"Unit A8821: VDD_3V3 rail reading 3.23V, flagged for rework.",A8821,POWER_RAIL_3V3,FAIL
LOG00826,"C3490 - 3v3 supply 2.89V (failed), customer return unit.",C3490,POWER_RAIL_3V3,FAIL
LOG00827,D6145 12v power check measured 12.10V (good reading).,D6145,POWER_RAIL_12V,PASS
LOG00828,D 8344 12v power check measured 12.42V.,D8344,POWER_RAIL_12V,FAIL
LOG00829,"C-5012 - +3.3V rail 3.27V, per ECO-114.",C5012,POWER_RAIL_3V3,PASS
LOG00830,"C 5603 - 5V rail 5.18V, customer return unit.",C5603,POWER_RAIL_5V,PASS
LOG00831,Unit B 1129: cont check EN_LINE reading 3.37Ohm.,B1129,CONTINUITY,PASS
LOG00832,B-3437 12v power check measured 12.18V (good reading).,B3437,POWER_RAIL_12V,PASS
LOG00833,unit B1935 VDD_5V rail: 4.89 V.,B1935,POWER_RAIL_5V,FAIL
LOG00834,C 9404 current draw at idle: 96.49 mA — nominal.,C9404,CURRENT_DRAW,PASS
LOG00835,"unit c5678 - case temp 33.9c, unit was reworked yesterday.",C5678,THERMAL,PASS
LOG00836,"Checked CH3 signal check on unit C0287, 3.76Vpp, after reflow.",C0287,SIGNAL_INTEGRITY,FAIL
LOG00837,"Unit B 6079: thermal reading after burn-in reading 75.8C, out of spec.",B6079,THERMAL,FAIL
LOG00838,C 4409 +3.3V rail measured 3.56V.,C4409,POWER_RAIL_3V3,FAIL
LOG00839,"unit b1915 eye height ch3: 3.37 vpp, failed.",B1915,SIGNAL_INTEGRITY,FAIL
LOG00840,Unit B 5130: VDD_3V3 rail reading 3.42V — flagged for rework.,B5130,POWER_RAIL_3V3,FAIL
LOG00841,"unit B3547 - 5v power check 4.52V, line 2.",B3547,POWER_RAIL_5V,FAIL
LOG00842,Unit A 0377: 5V rail reading 4.93V.,A0377,POWER_RAIL_5V,PASS
LOG00843,"Checked 5V rail on board B1576, 5.25V — doesn't look right, shift B.",B1576,POWER_RAIL_5V,FAIL
LOG00844,A0969 +3.3V rail measured 3.33V.,A0969,POWER_RAIL_3V3,PASS
LOG00845,"board D9284 12V rail measured 13.09V, flagged for rework.",D9284,POWER_RAIL_12V,FAIL
LOG00846,"A-1415 - eye height CH1 3.60Vpp, customer return unit.",A1415,SIGNAL_INTEGRITY,PASS
LOG00847,Unit D1764: 12v power check reading 12.23V.,D1764,POWER_RAIL_12V,PASS
LOG00848,"Checked VDD_12V rail on unit A8438, 13.11V, unit was reworked yesterday.",A8438,POWER_RAIL_12V,FAIL
LOG00849,A-2516 thermal reading after burn-in measured 69.7C.,A2516,THERMAL,FAIL
LOG00850,"A-9153 3v3 supply: 3.13 V, reject.",A9153,POWER_RAIL_3V3,FAIL
LOG00851,"D8721 J4 continuity measured 1.84Ohm, within spec.",D8721,CONTINUITY,PASS
LOG00852,"Checked 3.3V rail on C0945, 3.88V (no good), second attempt.",C0945,POWER_RAIL_3V3,FAIL
LOG00853,"a 6418 - idle current draw 124.76ma — within spec, per eco-114.",A6418,CURRENT_DRAW,PASS
LOG00854,A 0614 - case temp 43.2C — good reading.,A0614,THERMAL,PASS
LOG00855,"B 3407 - standby current 70.12mA, retest after rework.",B3407,CURRENT_DRAW,PASS
LOG00856,"D0831 +12V supply measured 10.94V, fails.",D0831,POWER_RAIL_12V,FAIL
LOG00857,B-8309 VDD_3V3 rail: 3.46 V.,B8309,POWER_RAIL_3V3,PASS
LOG00858,Unit board A0719: eye height CH3 reading 4.06Vpp.,A0719,SIGNAL_INTEGRITY,FAIL
LOG00859,"C 3139 - thermal reading after burn-in 26.5C, fails, second attempt.",C3139,THERMAL,FAIL
LOG00860,Unit C 8859: VDD_12V rail reading 12.18V.,C8859,POWER_RAIL_12V,PASS
LOG00861,D2325 standby current measured 84.58mA — passes.,D2325,CURRENT_DRAW,PASS
LOG00862,board B4372 J7 continuity: 4.32 Ohm.,B4372,CONTINUITY,PASS
LOG00863,"B3570 - +12V supply 10.92V, after reflow.",B3570,POWER_RAIL_12V,FAIL
LOG00864,B-2745 case temp measured 23.7C.,B2745,THERMAL,FAIL
LOG00865,"Checked board temp after 10min soak on B2604, 38.6C — checks out, per ECO-114.",B2604,THERMAL,PASS
LOG00866,Unit board C6392: idle current draw reading 133.16mA.,C6392,CURRENT_DRAW,FAIL
LOG00867,"A-8992 - +12V supply 10.80V — doesn't look right, retest after rework.",A8992,POWER_RAIL_12V,FAIL
LOG00868,D 4164 signal amplitude CH2 measured 3.07Vpp — passes.,D4164,SIGNAL_INTEGRITY,PASS
LOG00869,"Unit C9383: scope reading CH3 reading 3.25Vpp, within spec.",C9383,SIGNAL_INTEGRITY,PASS
LOG00870,"unit b7487 - current draw at idle 107.12ma (within spec), line 2.",B7487,CURRENT_DRAW,PASS
LOG00871,"Checked board temp after 10min soak on C 4998, 42.5C, within spec.",C4998,THERMAL,PASS
LOG00872,D-1678 signal amplitude CH3 measured 3.22Vpp — passes.,D1678,SIGNAL_INTEGRITY,PASS
LOG00873,Unit board B4778: 5V rail reading 4.80V.,B4778,POWER_RAIL_5V,FAIL
LOG00874,board A2046 +12V supply: 10.85 V (failed).,A2046,POWER_RAIL_12V,FAIL
LOG00875,unit B3446 5V rail: 4.53 V — flagged for rework.,B3446,POWER_RAIL_5V,FAIL
LOG00876,"board C3147 - 3.3V rail 2.66V, customer return unit.",C3147,POWER_RAIL_3V3,FAIL
LOG00877,"board A4563 - VDD_12V rail 11.72V (checks out), retest after rework.",A4563,POWER_RAIL_12V,PASS
LOG00878,"unit B0759 - standby current 67.55mA — failed, retest after rework.",B0759,CURRENT_DRAW,FAIL
LOG00879,"unit A8983 - idle current draw 50.00mA, doesn't look right, retest after rework.",A8983,CURRENT_DRAW,FAIL
LOG00880,B 3529 signal amplitude CH1: 3.16 Vpp — OK.,B3529,SIGNAL_INTEGRITY,PASS
LOG00881,B-2769 quiescent current measured 50.00mA.,B2769,CURRENT_DRAW,FAIL
LOG00882,board C1032 3v3 supply measured 3.42V.,C1032,POWER_RAIL_3V3,PASS
LOG00883,"Unit unit B1166: RESET continuity reading 1.70Ohm, all good.",B1166,CONTINUITY,PASS
LOG00884,"board B9982 signal amplitude CH1 measured 3.72Vpp, flagged for rework.",B9982,SIGNAL_INTEGRITY,FAIL
LOG00885,A7919 quiescent current measured 128.89mA.,A7919,CURRENT_DRAW,PASS
LOG00886,"unit C5640 - thermal reading after burn-in 72.4C, after reflow.",C5640,THERMAL,FAIL
LOG00887,"D 4354 eye height CH4 measured 3.53Vpp, checks out.",D4354,SIGNAL_INTEGRITY,PASS
LOG00888,"Checked +5V supply on A-8895, 4.60V — flagged for rework, line 2.",A8895,POWER_RAIL_5V,FAIL
LOG00889,b9822 3v3 supply measured 3.53v.,B9822,POWER_RAIL_3V3,FAIL
LOG00890,"Checked 5V rail on unit C3481, 5.08V, customer return unit.",C3481,POWER_RAIL_5V,PASS
LOG00891,"C 0959 - current draw at idle 104.21mA, checks out, per ECO-114.",C0959,CURRENT_DRAW,PASS
LOG00892,Unit unit D6093: 12V rail reading 11.94V.,D6093,POWER_RAIL_12V,PASS
LOG00893,"Unit board A5738: EN_LINE continuity reading 3.81Ohm, doesn't look right.",A5738,CONTINUITY,FAIL
LOG00894,Unit C 5018: idle current draw reading -8.08mA.,C5018,CURRENT_DRAW,FAIL
LOG00895,unit unit d7956: 12v power check reading 13.02v.,D7956,POWER_RAIL_12V,FAIL
LOG00896,C6179 VDD_12V rail measured 12.06V — within spec.,C6179,POWER_RAIL_12V,PASS
LOG00897,"B-9327 - eye height CH4 2.44Vpp, failed.",B9327,SIGNAL_INTEGRITY,FAIL
LOG00898,"board A0437 - eye height CH3 3.48Vpp, OK.",A0437,SIGNAL_INTEGRITY,PASS
LOG00899,"D 3125 +3.3V rail measured 3.26V, within spec.",D3125,POWER_RAIL_3V3,PASS
LOG00900,"Checked 5V rail on board A0659, 5.37V, second attempt.",A0659,POWER_RAIL_5V,PASS
LOG00901,"Checked +12V supply on board B7476, 12.89V, checks out, unit was reworked yesterday.",B7476,POWER_RAIL_12V,PASS
LOG00902,Unit A9077: CH3 signal check reading 3.10Vpp — nominal.,A9077,SIGNAL_INTEGRITY,PASS
LOG00903,"Checked quiescent current on unit A4376, -5.07mA — out of spec, per ECO-114.",A4376,CURRENT_DRAW,FAIL
LOG00904,A8477 scope reading CH2: 3.90 Vpp.,A8477,SIGNAL_INTEGRITY,FAIL
LOG00905,"board A6023 - standby current 150.00mA — out of spec, retest after rework.",A6023,CURRENT_DRAW,FAIL
LOG00906,"Unit unit A7598: +12V supply reading 13.30V, no good.",A7598,POWER_RAIL_12V,FAIL
LOG00907,Unit C-7294: standby current reading 176.54mA — good reading.,C7294,CURRENT_DRAW,PASS
LOG00908,"Checked case temp on C6825, 73.6C — out of spec, shift B.",C6825,THERMAL,FAIL
LOG00909,b-1466 vdd_12v rail: 13.28 v.,B1466,POWER_RAIL_12V,FAIL
LOG00910,C 0138 - idle current draw 80.91mA — checks out.,C0138,CURRENT_DRAW,PASS
LOG00911,"A8550 - idle current draw 147.08mA — no good, customer return unit.",A8550,CURRENT_DRAW,FAIL
LOG00912,"Checked CH4 signal check on A 1571, 3.03Vpp.",A1571,SIGNAL_INTEGRITY,FAIL
LOG00913,B2248 +5V supply: 5.11 V.,B2248,POWER_RAIL_5V,PASS
LOG00914,D9055 3.3v power check: 3.32 V — all good.,D9055,POWER_RAIL_3V3,PASS
LOG00915,unit d8940 3v3 supply: 3.13 v.,D8940,POWER_RAIL_3V3,PASS
LOG00916,"board b5243 - idle current draw 3.65ma, reject.",B5243,CURRENT_DRAW,FAIL
LOG00917,board A5556 thermal reading after burn-in measured 58.2C.,A5556,THERMAL,PASS
LOG00918,board B5008 3.3v power check measured 3.27V.,B5008,POWER_RAIL_3V3,PASS
LOG00919,"A-8766 12v power check measured 10.82V, out of spec.",A8766,POWER_RAIL_12V,FAIL
LOG00920,"B 8549 - VDD_5V rail 4.98V, retest after rework.",B8549,POWER_RAIL_5V,PASS
LOG00921,"Checked VDD_5V rail on C-1300, 5.43V, customer return unit.",C1300,POWER_RAIL_5V,FAIL
LOG00922,"Checked idle current draw on board C5434, 79.87mA — within spec.",C5434,CURRENT_DRAW,PASS
LOG00923,A-7835 5v power check measured 5.30V.,A7835,POWER_RAIL_5V,PASS
LOG00924,"Checked thermal soak reading on D-3825, 32.6C, OK, line 2.",D3825,THERMAL,PASS
LOG00925,board B2951 continuity on J7 measured 4.53Ohm (all good).,B2951,CONTINUITY,PASS
LOG00926,C-6203 VDD_5V rail measured 5.08V (passes).,C6203,POWER_RAIL_5V,PASS
LOG00927,"unit C8520 - 3v3 supply 3.78V, flagged for rework, retest after rework.",C8520,POWER_RAIL_3V3,FAIL
LOG00928,"Checked cont check J7 on board B5594, 2.18Ohm, good reading, after reflow.",B5594,CONTINUITY,PASS
LOG00929,board D3290 - signal amplitude CH2 2.88Vpp (reject).,D3290,SIGNAL_INTEGRITY,FAIL
LOG00930,"board d4123 - standby current 97.84ma — all good, retest after rework.",D4123,CURRENT_DRAW,PASS
LOG00931,b-4403 12v power check: 10.99 v.,B4403,POWER_RAIL_12V,FAIL
LOG00932,"Checked +5V supply on C-5118, 5.09V, after reflow.",C5118,POWER_RAIL_5V,PASS
LOG00933,"C0939 - J7 continuity 5.48Ohm (nominal), second attempt.",C0939,CONTINUITY,PASS
LOG00934,unit a 9870: current draw at idle reading -6.43ma.,A9870,CURRENT_DRAW,FAIL
LOG00935,"Checked scope reading CH3 on C-8914, 2.92Vpp, line 2.",C8914,SIGNAL_INTEGRITY,FAIL
LOG00936,B8227 quiescent current: 164.77 mA (failed).,B8227,CURRENT_DRAW,FAIL
LOG00937,"Checked 12v power check on board C8897, 12.15V, within spec, line 2.",C8897,POWER_RAIL_12V,PASS
LOG00938,unit D7010 3.3V rail: 3.36 V.,D7010,POWER_RAIL_3V3,PASS
LOG00939,board C9936 +5V supply: 4.55 V (flagged for rework).,C9936,POWER_RAIL_5V,FAIL
LOG00940,C 6079 +12V supply measured 12.13V (good reading).,C6079,POWER_RAIL_12V,PASS
LOG00941,"unit D1951 CH3 signal check measured 3.15Vpp, passes.",D1951,SIGNAL_INTEGRITY,PASS
LOG00942,Unit B3247: continuity on EN_LINE reading 0.82Ohm.,B3247,CONTINUITY,PASS
LOG00943,Unit board D6105: cont check CLK reading 1.55Ohm.,D6105,CONTINUITY,PASS
LOG00944,"C4249 - continuity on J4 7.43Ohm, shift B.",C4249,CONTINUITY,FAIL
LOG00945,unit b-0565: continuity on j12 reading 5.50ohm.,B0565,CONTINUITY,FAIL
LOG00946,A-7270 thermal soak reading: 20.9 C.,A7270,THERMAL,PASS
LOG00947,Unit D9453: 5V rail reading 4.75V (all good).,D9453,POWER_RAIL_5V,PASS
LOG00948,"checked resistance check j12 on b5658, 7.68ohm (bad reading).",B5658,CONTINUITY,FAIL
LOG00949,Unit board B0877: CH1 signal check reading 3.10Vpp.,B0877,SIGNAL_INTEGRITY,PASS
LOG00950,"board D9393 - resistance check RESET 6.78Ohm, shift B.",D9393,CONTINUITY,FAIL
LOG00951,"Checked thermal reading after burn-in on C 4403, 42.8C (all good), shift B.",C4403,THERMAL,PASS
LOG00952,Unit board C2441: board temp after 10min soak reading 38.0C — OK.,C2441,THERMAL,PASS
LOG00953,"Unit unit C4342: resistance check J4 reading 1.68Ohm, all good.",C4342,CONTINUITY,PASS
LOG00954,unit A3333 eye height CH1 measured 3.91Vpp — bad reading.,A3333,SIGNAL_INTEGRITY,FAIL
LOG00955,"Unit board A1232: idle current draw reading 121.89mA, all good.",A1232,CURRENT_DRAW,PASS
LOG00956,"d-8778 - quiescent current 64.59ma, customer return unit.",D8778,CURRENT_DRAW,FAIL
LOG00957,board C2264 current draw at idle measured 122.47mA (flagged for rework).,C2264,CURRENT_DRAW,FAIL
LOG00958,C 6927 3.3V rail: 3.34 V.,C6927,POWER_RAIL_3V3,PASS
LOG00959,board C1622 signal amplitude CH2 measured 3.87Vpp.,C1622,SIGNAL_INTEGRITY,FAIL
LOG00960,"Checked J4 continuity on A7894, 2.52Ohm, retest after rework.",A7894,CONTINUITY,PASS
LOG00961,d2560 +12v supply measured 12.10v.,D2560,POWER_RAIL_12V,PASS
LOG00962,"checked +5v supply on b1538, 5.25v — nominal, per eco-114.",B1538,POWER_RAIL_5V,PASS
LOG00963,A 9784 5v power check: 5.33 V — checks out.,A9784,POWER_RAIL_5V,PASS
LOG00964,"Checked standby current on board B5522, 15.58mA — flagged for rework, second attempt.",B5522,CURRENT_DRAW,FAIL
LOG00965,"checked 3.3v rail on b 9002, 3.41v, unit was reworked yesterday.",B9002,POWER_RAIL_3V3,PASS
LOG00966,"Checked idle current draw on A-6867, 91.66mA, nominal.",A6867,CURRENT_DRAW,PASS
LOG00967,Unit board D0598: 5V rail reading 5.01V (checks out).,D0598,POWER_RAIL_5V,PASS
LOG00968,"Checked continuity on CLK on board A7951, 5.37Ohm, all good, unit was reworked yesterday.",A7951,CONTINUITY,PASS
LOG00969,"D 0227 VDD_12V rail measured 11.79V, passes.",D0227,POWER_RAIL_12V,PASS
LOG00970,"Unit D-1149: RESET continuity reading 6.51Ohm, out of spec.",D1149,CONTINUITY,FAIL
LOG00971,"unit A8745 case temp measured 29.3C, failed.",A8745,THERMAL,FAIL
LOG00972,unit A2962 +5V supply measured 5.11V (no good).,A2962,POWER_RAIL_5V,FAIL
LOG00973,Unit board A8999: 12v power check reading 11.71V.,A8999,POWER_RAIL_12V,FAIL
LOG00974,board C6353 CH3 signal check: 3.95 Vpp.,C6353,SIGNAL_INTEGRITY,FAIL
LOG00975,Unit unit A0019: 5V rail reading 4.58V.,A0019,POWER_RAIL_5V,FAIL
LOG00976,"Checked RESET continuity on board A6268, 4.40Ohm, per ECO-114.",A6268,CONTINUITY,PASS
LOG00977,C 1432 signal amplitude CH4: 3.26 Vpp.,C1432,SIGNAL_INTEGRITY,PASS
LOG00978,unit D3758 scope reading CH3 measured 3.43Vpp.,D3758,SIGNAL_INTEGRITY,FAIL
LOG00979,Unit B-6278: 5V rail reading 4.98V — OK.,B6278,POWER_RAIL_5V,PASS
LOG00980,unit A1944 3.3v power check measured 3.94V — reject.,A1944,POWER_RAIL_3V3,FAIL
LOG00981,"C0979 thermal soak reading: 20.0 C, within spec.",C0979,THERMAL,PASS
LOG00982,Unit A9299: +3.3V rail reading 3.24V (passes).,A9299,POWER_RAIL_3V3,PASS
LOG00983,"A-6302 - signal amplitude CH3 3.11Vpp, after reflow.",A6302,SIGNAL_INTEGRITY,PASS
LOG00984,c 0367 current draw at idle: 95.87 ma.,C0367,CURRENT_DRAW,PASS
LOG00985,"Unit unit D3073: VDD_12V rail reading 12.28V, nominal.",D3073,POWER_RAIL_12V,PASS
LOG00986,"B-4900 - VDD_12V rail 13.12V, per ECO-114.",B4900,POWER_RAIL_12V,FAIL
LOG00987,C 8622 resistance check EN_LINE measured 2.58Ohm.,C8622,CONTINUITY,PASS
LOG00988,"Unit C9368: current draw at idle reading 126.31mA, within spec.",C9368,CURRENT_DRAW,PASS
LOG00989,"Checked current draw at idle on A 6869, 139.37mA (flagged for rework), retest after rework.",A6869,CURRENT_DRAW,FAIL
LOG00990,D8418 standby current measured 146.59mA.,D8418,CURRENT_DRAW,PASS
LOG00991,"Checked EN_LINE continuity on board D3815, 5.68Ohm (checks out), unit was reworked yesterday.",D3815,CONTINUITY,PASS
LOG00992,board A4487 thermal reading after burn-in measured 49.5C — all good.,A4487,THERMAL,PASS
LOG00993,Unit board B3481: VDD_12V rail reading 12.16V (nominal).,B3481,POWER_RAIL_12V,PASS
LOG00994,"board C0724 - 3v3 supply 3.34V — OK, second attempt.",C0724,POWER_RAIL_3V3,PASS
LOG00995,board b7622 standby current measured 109.82ma.,B7622,CURRENT_DRAW,PASS
LOG00996,B7921 resistance check EN_LINE: 0.30 Ohm.,B7921,CONTINUITY,PASS
LOG00997,"D3765 scope reading CH2: 3.98 Vpp, doesn't look right.",D3765,SIGNAL_INTEGRITY,FAIL
LOG00998,c-4178 case temp: 13.0 c.,C4178,THERMAL,FAIL
LOG00999,"C 9743 - VDD_12V rail 12.21V (nominal), unit was reworked yesterday.",C9743,POWER_RAIL_12V,PASS
LOG01000,C-2707 +5V supply: 5.03 V — all good.,C2707,POWER_RAIL_5V,PASS
LOG01001,A7059 resistance check J4: 6.05 Ohm.,A7059,CONTINUITY,PASS
LOG01002,Unit A 5759: 12V rail reading 11.13V (OK).,A5759,POWER_RAIL_12V,PASS
LOG01003,Unit A3036: resistance check J12 reading 1.12Ohm (fails).,A3036,CONTINUITY,FAIL
LOG01004,C 7610 board temp after 10min soak: 17.5 C.,C7610,THERMAL,PASS
LOG01005,C-1319 case temp: 75.2 C.,C1319,THERMAL,FAIL
LOG01006,Unit B-2399: VDD_12V rail reading 13.23V — out of spec.,B2399,POWER_RAIL_12V,FAIL
LOG01007,"board D7699 5v power check: 4.99 V, nominal.",D7699,POWER_RAIL_5V,PASS
LOG01008,board A3997 3v3 supply: 3.29 V.,A3997,POWER_RAIL_3V3,PASS
LOG01009,"checked thermal reading after burn-in on b-7719, 44.8c, per eco-114.",B7719,THERMAL,PASS
LOG01010,"Checked thermal soak reading on B 5058, 22.1C, within spec, shift B.",B5058,THERMAL,PASS
LOG01011,"unit A4560 cont check CLK: 3.37 Ohm, good reading.",A4560,CONTINUITY,PASS
LOG01012,B 0977 quiescent current: 63.54 mA.,B0977,CURRENT_DRAW,PASS
LOG01013,"C 5570 - cont check J12 4.06Ohm, customer return unit.",C5570,CONTINUITY,FAIL
LOG01014,"unit unit a5059: scope reading ch4 reading 3.29vpp, passes.",A5059,SIGNAL_INTEGRITY,PASS
LOG01015,"Checked idle current draw on B-6853, 135.36mA, customer return unit.",B6853,CURRENT_DRAW,PASS
LOG01016,"board C9705 - continuity on J7 6.39Ohm (flagged for rework), unit was reworked yesterday.",C9705,CONTINUITY,FAIL
LOG01017,"unit B9611 CH4 signal check measured 2.40Vpp, doesn't look right.",B9611,SIGNAL_INTEGRITY,FAIL
LOG01018,A-4225 3v3 supply measured 3.28V.,A4225,POWER_RAIL_3V3,PASS
LOG01019,unit B9007 +5V supply measured 4.97V.,B9007,POWER_RAIL_5V,PASS
LOG01020,unit A1715 idle current draw: 81.96 mA.,A1715,CURRENT_DRAW,PASS
LOG01021,"Checked 5v power check on board A3746, 4.99V, customer return unit.",A3746,POWER_RAIL_5V,PASS
LOG01022,"board B8104 - 12v power check 12.60V, after reflow.",B8104,POWER_RAIL_12V,PASS
LOG01023,"D0242 - continuity on J4 1.78Ohm (nominal), unit was reworked yesterday.",D0242,CONTINUITY,PASS
LOG01024,"Checked VDD_5V rail on A9808, 5.19V, per ECO-114.",A9808,POWER_RAIL_5V,PASS
LOG01025,"B-5602 - current draw at idle 18.54mA (reject), shift B.",B5602,CURRENT_DRAW,FAIL
LOG01026,"d-2912 - idle current draw -4.00ma, retest after rework.",D2912,CURRENT_DRAW,FAIL
LOG01027,"Unit D9655: +5V supply reading 4.97V, all good.",D9655,POWER_RAIL_5V,PASS
LOG01028,"Checked eye height CH2 on A5077, 2.84Vpp.",A5077,SIGNAL_INTEGRITY,FAIL
LOG01029,"Checked +5V supply on C2453, 4.68V — out of spec, after reflow.",C2453,POWER_RAIL_5V,FAIL
LOG01030,"B8782 12v power check measured 12.31V, flagged for rework.",B8782,POWER_RAIL_12V,FAIL
LOG01031,board A0736 standby current: 104.44 mA (checks out).,A0736,CURRENT_DRAW,PASS
LOG01032,unit board d0981: vdd_12v rail reading 10.92v.,D0981,POWER_RAIL_12V,FAIL
LOG01033,"D 1884 - resistance check J12 7.77Ohm, customer return unit.",D1884,CONTINUITY,FAIL
LOG01034,Unit A8683: idle current draw reading 97.76mA.,A8683,CURRENT_DRAW,PASS
LOG01035,A0750 CLK continuity: 5.61 Ohm.,A0750,CONTINUITY,PASS
LOG01036,"Checked case temp on B 3922, 38.1C — passes.",B3922,THERMAL,PASS
LOG01037,"C5757 - 5v power check 4.92V (checks out), per ECO-114.",C5757,POWER_RAIL_5V,PASS
LOG01038,unit D2896 12V rail: 12.29 V.,D2896,POWER_RAIL_12V,FAIL
LOG01039,unit board d8017: thermal reading after burn-in reading 35.3c.,D8017,THERMAL,PASS
LOG01040,b 9529 eye height ch3 measured 2.71vpp — within spec.,B9529,SIGNAL_INTEGRITY,PASS
LOG01041,"checked resistance check clk on board a3096, 3.06ohm, nominal, customer return unit.",A3096,CONTINUITY,PASS
LOG01042,"Checked 3.3V rail on C6461, 3.37V (out of spec), shift B.",C6461,POWER_RAIL_3V3,FAIL
LOG01043,unit b1251 vdd_12v rail measured 10.84v.,B1251,POWER_RAIL_12V,FAIL
LOG01044,D-5615 12V rail: 11.91 V.,D5615,POWER_RAIL_12V,PASS
LOG01045,"checked continuity on clk on unit b5664, 0.83ohm, per eco-114.",B5664,CONTINUITY,FAIL
LOG01046,"board d3781 standby current measured 178.18ma, looks good.",D3781,CURRENT_DRAW,PASS
LOG01047,A 4663 3v3 supply measured 3.33V — good reading.,A4663,POWER_RAIL_3V3,PASS
LOG01048,A-3211 +12V supply measured 12.34V (passes).,A3211,POWER_RAIL_12V,PASS
LOG01049,unit D3798 VDD_5V rail: 4.92 V.,D3798,POWER_RAIL_5V,PASS
LOG01050,"A0477 - current draw at idle -1.06mA, reject, per ECO-114.",A0477,CURRENT_DRAW,FAIL
LOG01051,B6358 quiescent current measured 15.87mA.,B6358,CURRENT_DRAW,FAIL
LOG01052,"C 1566 eye height CH1: 3.02 Vpp, failed.",C1566,SIGNAL_INTEGRITY,FAIL
LOG01053,Unit A-7797: current draw at idle reading 83.33mA.,A7797,CURRENT_DRAW,PASS
LOG01054,unit unit c8114: current draw at idle reading 103.83ma.,C8114,CURRENT_DRAW,PASS
LOG01055,"Checked +3.3V rail on board C4491, 2.67V (reject), per ECO-114.",C4491,POWER_RAIL_3V3,FAIL
LOG01056,C 0752 - +12V supply 12.03V (looks good).,C0752,POWER_RAIL_12V,PASS
LOG01057,"unit a9243 - case temp 28.5c, bad reading, line 2.",A9243,THERMAL,FAIL
LOG01058,Unit unit D7558: 5V rail reading 4.69V (nominal).,D7558,POWER_RAIL_5V,PASS
LOG01059,Unit A4192: idle current draw reading 67.29mA.,A4192,CURRENT_DRAW,PASS
LOG01060,"Checked standby current on unit A1766, 84.73mA, per ECO-114.",A1766,CURRENT_DRAW,PASS
LOG01061,C 3562 RESET continuity measured 2.27Ohm (all good).,C3562,CONTINUITY,PASS
LOG01062,Unit board A8871: current draw at idle reading 116.13mA — checks out.,A8871,CURRENT_DRAW,PASS
LOG01063,"unit D1075 - case temp 33.7C, passes, unit was reworked yesterday.",D1075,THERMAL,PASS
LOG01064,B-6415 case temp: 34.1 C (all good).,B6415,THERMAL,PASS
LOG01065,B4807 12v power check: 11.28 V (passes).,B4807,POWER_RAIL_12V,PASS
LOG01066,board A0013 idle current draw: 132.79 mA (no good).,A0013,CURRENT_DRAW,FAIL
LOG01067,Unit D-6372: eye height CH3 reading 3.06Vpp.,D6372,SIGNAL_INTEGRITY,PASS
LOG01068,Unit B-0933: VDD_12V rail reading 12.30V.,B0933,POWER_RAIL_12V,FAIL
LOG01069,"unit A7488 - current draw at idle 101.18mA, customer return unit.",A7488,CURRENT_DRAW,PASS
LOG01070,Unit A3237: quiescent current reading 20.24mA — nominal.,A3237,CURRENT_DRAW,PASS
LOG01071,Unit D-9925: VDD_5V rail reading 4.96V (good reading).,D9925,POWER_RAIL_5V,PASS
LOG01072,"board D1305 - case temp 57.8C, all good, second attempt.",D1305,THERMAL,PASS
LOG01073,board A4735 idle current draw: 99.02 mA — all good.,A4735,CURRENT_DRAW,PASS
LOG01074,"Unit D9862: cont check EN_LINE reading 2.43Ohm, looks good.",D9862,CONTINUITY,PASS
LOG01075,board d9572 vdd_5v rail: 4.82 v (within spec).,D9572,POWER_RAIL_5V,PASS
LOG01076,A 3668 +12V supply: 11.31 V — out of spec.,A3668,POWER_RAIL_12V,FAIL
LOG01077,"checked 5v power check on b-6974, 5.21v, per eco-114.",B6974,POWER_RAIL_5V,FAIL
LOG01078,B 5074 thermal reading after burn-in: 49.3 C — passes.,B5074,THERMAL,PASS
LOG01079,Unit D4951: 3.3v power check reading 3.41V — good reading.,D4951,POWER_RAIL_3V3,PASS
LOG01080,"Checked board temp after 10min soak on A 7363, 26.2C (out of spec), shift B.",A7363,THERMAL,FAIL
LOG01081,unit C0463 resistance check J7: 7.82 Ohm.,C0463,CONTINUITY,FAIL
LOG01082,A5431 5V rail: 4.92 V.,A5431,POWER_RAIL_5V,PASS
LOG01083,board A0052 - 3.3V rail 3.29V.,A0052,POWER_RAIL_3V3,PASS
LOG01084,"b0559 - 3.3v rail 2.88v, no good, per eco-114.",B0559,POWER_RAIL_3V3,FAIL
LOG01085,unit D8595 board temp after 10min soak measured 50.1C — nominal.,D8595,THERMAL,PASS
LOG01086,Unit C-0239: 3.3V rail reading 3.30V.,C0239,POWER_RAIL_3V3,PASS
LOG01087,C 2338 - continuity on J12 7.35Ohm (reject).,C2338,CONTINUITY,FAIL
LOG01088,"A 5966 - VDD_5V rail 5.00V, shift B.",A5966,POWER_RAIL_5V,PASS
LOG01089,"Checked 5V rail on A 3607, 5.07V, looks good.",A3607,POWER_RAIL_5V,PASS
LOG01090,unit A1850 5v power check measured 4.92V.,A1850,POWER_RAIL_5V,PASS
LOG01091,unit A5539 idle current draw: 14.44 mA — out of spec.,A5539,CURRENT_DRAW,FAIL
LOG01092,D3214 quiescent current: 71.21 mA.,D3214,CURRENT_DRAW,PASS
LOG01093,"board D3854 - quiescent current 172.39mA, per ECO-114.",D3854,CURRENT_DRAW,FAIL
LOG01094,"Unit C-3209: resistance check CLK reading 5.72Ohm, nominal.",C3209,CONTINUITY,PASS
LOG01095,C 1250 J12 continuity measured 6.27Ohm (no good).,C1250,CONTINUITY,FAIL
LOG01096,board A6161 +5V supply measured 5.33V — checks out.,A6161,POWER_RAIL_5V,PASS
LOG01097,A-5109 idle current draw measured 132.69mA.,A5109,CURRENT_DRAW,FAIL
LOG01098,"board A8688 - 3.3V rail 3.24V, after reflow.",A8688,POWER_RAIL_3V3,PASS
LOG01099,A6605 current draw at idle: 163.09 mA.,A6605,CURRENT_DRAW,FAIL
LOG01100,A-7585 3.3v power check: 3.74 V — out of spec.,A7585,POWER_RAIL_3V3,FAIL
LOG01101,"B 4157 - board temp after 10min soak 0.9C, second attempt.",B4157,THERMAL,FAIL
LOG01102,"b-8900 - quiescent current -4.43ma — failed, after reflow.",B8900,CURRENT_DRAW,FAIL
LOG01103,"A 4342 scope reading CH2: 2.31 Vpp, flagged for rework.",A4342,SIGNAL_INTEGRITY,FAIL
LOG01104,Unit C2277: idle current draw reading 74.73mA (failed).,C2277,CURRENT_DRAW,FAIL
LOG01105,"Checked signal amplitude CH2 on A0139, 3.03Vpp, nominal, retest after rework.",A0139,SIGNAL_INTEGRITY,PASS
LOG01106,"D3351 thermal soak reading measured 64.5C, doesn't look right.",D3351,THERMAL,FAIL
LOG01107,Unit B 4999: VDD_5V rail reading 5.25V.,B4999,POWER_RAIL_5V,FAIL
LOG01108,"Unit B-8547: 5v power check reading 4.43V, no good.",B8547,POWER_RAIL_5V,FAIL
LOG01109,B6763 12v power check: 10.74 V — bad reading.,B6763,POWER_RAIL_12V,FAIL
LOG01110,Unit board C5532: continuity on J4 reading 1.36Ohm — passes.,C5532,CONTINUITY,PASS
LOG01111,"Checked continuity on J12 on board A2802, 3.61Ohm, after reflow.",A2802,CONTINUITY,PASS
LOG01112,"Checked case temp on C4818, 0.2C, flagged for rework, per ECO-114.",C4818,THERMAL,FAIL
LOG01113,"Checked eye height CH4 on board A0337, 3.41Vpp, customer return unit.",A0337,SIGNAL_INTEGRITY,PASS
LOG01114,B 7910 signal amplitude CH4: 2.58 Vpp.,B7910,SIGNAL_INTEGRITY,PASS
LOG01115,"board D3754 - scope reading CH4 3.83Vpp — failed, customer return unit.",D3754,SIGNAL_INTEGRITY,FAIL
LOG01116,"Checked +3.3V rail on B6895, 2.78V, shift B.",B6895,POWER_RAIL_3V3,FAIL
LOG01117,Unit B-3720: thermal soak reading reading 31.7C (within spec).,B3720,THERMAL,PASS
LOG01118,unit b 4939: +12v supply reading 11.63v — checks out.,B4939,POWER_RAIL_12V,PASS
LOG01119,"Checked CH4 signal check on unit B3309, 2.80Vpp, second attempt.",B3309,SIGNAL_INTEGRITY,FAIL
LOG01120,"unit A9527 thermal reading after burn-in: 40.7 C, all good.",A9527,THERMAL,PASS
LOG01121,Unit B-2038: 12v power check reading 10.83V — failed.,B2038,POWER_RAIL_12V,FAIL
LOG01122,board c8832 quiescent current: 172.98 ma.,C8832,CURRENT_DRAW,FAIL
LOG01123,board d8050 current draw at idle measured 92.77ma — ok.,D8050,CURRENT_DRAW,PASS
LOG01124,"D-4360 - cont check J4 4.76Ohm — fails, second attempt.",D4360,CONTINUITY,FAIL
LOG01125,Unit unit A3208: scope reading CH4 reading 3.02Vpp — out of spec.,A3208,SIGNAL_INTEGRITY,FAIL
LOG01126,"B2071 - eye height CH1 2.92Vpp — no good, retest after rework.",B2071,SIGNAL_INTEGRITY,FAIL
LOG01127,Unit D-5341: RESET continuity reading 2.52Ohm.,D5341,CONTINUITY,PASS
LOG01128,Unit B-7973: 3.3V rail reading 3.30V — OK.,B7973,POWER_RAIL_3V3,PASS
LOG01129,"checked 12v rail on d 5818, 12.38v, fails, unit was reworked yesterday.",D5818,POWER_RAIL_12V,FAIL
LOG01130,"A 5754 - VDD_3V3 rail 3.70V, second attempt.",A5754,POWER_RAIL_3V3,FAIL
LOG01131,"unit A3774 - cont check RESET 0.42Ohm, after reflow.",A3774,CONTINUITY,PASS
LOG01132,"b-8573 3.3v power check measured 3.41v, nominal.",B8573,POWER_RAIL_3V3,PASS
LOG01133,"unit C3150 - continuity on EN_LINE 6.50Ohm, checks out, per ECO-114.",C3150,CONTINUITY,PASS
LOG01134,Unit B 6508: 5v power check reading 5.40V (looks good).,B6508,POWER_RAIL_5V,PASS
LOG01135,b-0041 5v power check measured 5.25v.,B0041,POWER_RAIL_5V,FAIL
LOG01136,B-4864 - standby current 65.02mA — passes.,B4864,CURRENT_DRAW,PASS
LOG01137,"Checked 12v power check on unit B2547, 12.91V, passes, unit was reworked yesterday.",B2547,POWER_RAIL_12V,PASS
LOG01138,"D0594 - continuity on RESET 1.08Ohm, second attempt.",D0594,CONTINUITY,FAIL
LOG01139,B-7252 continuity on J12 measured 0.89Ohm.,B7252,CONTINUITY,FAIL
LOG01140,"Checked 3.3v power check on unit A4911, 3.37V (within spec), retest after rework.",A4911,POWER_RAIL_3V3,PASS
LOG01141,"D-8708 - current draw at idle 96.92mA, after reflow.",D8708,CURRENT_DRAW,PASS
LOG01142,"Checked 3.3v power check on unit C7942, 3.23V — out of spec, customer return unit.",C7942,POWER_RAIL_3V3,FAIL
LOG01143,B 1165 12v power check: 10.96 V.,B1165,POWER_RAIL_12V,FAIL
LOG01144,"D 7875 - cont check EN_LINE 2.93Ohm, second attempt.",D7875,CONTINUITY,PASS
LOG01145,"C 8853 - standby current 114.28mA, retest after rework.",C8853,CURRENT_DRAW,PASS
LOG01146,unit A8269 +5V supply measured 5.68V — bad reading.,A8269,POWER_RAIL_5V,FAIL
LOG01147,Unit unit C7397: 3.3V rail reading 3.31V (looks good).,C7397,POWER_RAIL_3V3,PASS
LOG01148,"checked 12v power check on c-2029, 12.20v, all good, retest after rework.",C2029,POWER_RAIL_12V,PASS
LOG01149,C6714 board temp after 10min soak: 20.2 C.,C6714,THERMAL,FAIL
LOG01150,board C8963 3v3 supply: 3.64 V.,C8963,POWER_RAIL_3V3,FAIL
LOG01151,"Checked thermal soak reading on B-9592, 34.6C, customer return unit.",B9592,THERMAL,PASS
LOG01152,Unit B-5357: +3.3V rail reading 3.46V (good reading).,B5357,POWER_RAIL_3V3,PASS
LOG01153,unit C8922 board temp after 10min soak measured 42.4C — within spec.,C8922,THERMAL,PASS
LOG01154,"Checked +12V supply on B-0691, 12.06V (checks out), unit was reworked yesterday.",B0691,POWER_RAIL_12V,PASS
LOG01155,"unit D4270 - +5V supply 5.11V, per ECO-114.",D4270,POWER_RAIL_5V,FAIL
LOG01156,A8310 12v power check measured 13.18V.,A8310,POWER_RAIL_12V,FAIL
LOG01157,"C 1369 - signal amplitude CH3 2.38Vpp, retest after rework.",C1369,SIGNAL_INTEGRITY,FAIL
LOG01158,"D4981 thermal soak reading measured 34.6C, looks good.",D4981,THERMAL,PASS
LOG01159,unit C4052 eye height CH4 measured 2.80Vpp (failed).,C4052,SIGNAL_INTEGRITY,FAIL
LOG01160,"board C6171 VDD_12V rail measured 10.76V, no good.",C6171,POWER_RAIL_12V,FAIL
LOG01161,board D7276 3.3v power check measured 3.31V (nominal).,D7276,POWER_RAIL_3V3,PASS
LOG01162,C-5290 3.3V rail measured 3.11V — no good.,C5290,POWER_RAIL_3V3,FAIL
LOG01163,Unit D-1150: +5V supply reading 4.75V — doesn't look right.,D1150,POWER_RAIL_5V,FAIL
LOG01164,board C9739 - signal amplitude CH3 3.37Vpp — out of spec.,C9739,SIGNAL_INTEGRITY,FAIL
LOG01165,C8370 case temp: 35.2 C.,C8370,THERMAL,PASS
LOG01166,unit d6878 eye height ch2 measured 3.13vpp.,D6878,SIGNAL_INTEGRITY,PASS
LOG01167,"Checked quiescent current on board C5462, 75.88mA, second attempt.",C5462,CURRENT_DRAW,FAIL
LOG01168,A 2080 cont check RESET: 2.15 Ohm.,A2080,CONTINUITY,PASS
LOG01169,c6275 en_line continuity measured 1.63ohm (nominal).,C6275,CONTINUITY,PASS
LOG01170,"B7037 - thermal soak reading 38.1C — all good, second attempt.",B7037,THERMAL,PASS
LOG01171,"unit A1120 3.3v power check: 3.42 V, nominal.",A1120,POWER_RAIL_3V3,PASS
LOG01172,"Unit unit A8083: 5v power check reading 4.71V, fails.",A8083,POWER_RAIL_5V,FAIL
LOG01173,B9889 VDD_5V rail measured 4.69V (all good).,B9889,POWER_RAIL_5V,PASS
LOG01174,"C 1125 - 5v power check 5.25V, per ECO-114.",C1125,POWER_RAIL_5V,PASS
LOG01175,A8936 VDD_12V rail measured 11.74V.,A8936,POWER_RAIL_12V,FAIL
LOG01176,"Checked RESET continuity on board B3106, 0.95Ohm, looks good, second attempt.",B3106,CONTINUITY,PASS
LOG01177,"Checked resistance check J4 on unit D8426, 2.34Ohm — all good, unit was reworked yesterday.",D8426,CONTINUITY,PASS
LOG01178,unit D1705 +12V supply measured 11.70V.,D1705,POWER_RAIL_12V,PASS
LOG01179,"board B9082 - 12V rail 12.60V, retest after rework.",B9082,POWER_RAIL_12V,FAIL
LOG01180,B6542 idle current draw measured 166.90mA — failed.,B6542,CURRENT_DRAW,FAIL
LOG01181,Unit D 8446: 3.3V rail reading 3.22V.,D8446,POWER_RAIL_3V3,PASS
LOG01182,board D7341 quiescent current: 66.07 mA.,D7341,CURRENT_DRAW,FAIL
LOG01183,"unit B1038 - 12V rail 11.15V, shift B.",B1038,POWER_RAIL_12V,PASS
LOG01184,"B-6065 CH4 signal check measured 2.71Vpp, doesn't look right.",B6065,SIGNAL_INTEGRITY,FAIL
LOG01185,Unit unit C4424: signal amplitude CH3 reading 2.93Vpp — reject.,C4424,SIGNAL_INTEGRITY,FAIL
LOG01186,unit D3908 5V rail: 5.54 V — fails.,D3908,POWER_RAIL_5V,FAIL
LOG01187,Unit board C1180: +3.3V rail reading 3.29V.,C1180,POWER_RAIL_3V3,PASS
LOG01188,board b5972 5v power check measured 4.71v — nominal.,B5972,POWER_RAIL_5V,PASS
LOG01189,B 6692 board temp after 10min soak: 12.4 C.,B6692,THERMAL,PASS
LOG01190,"B-8662 - +5V supply 4.94V, all good.",B8662,POWER_RAIL_5V,PASS
LOG01191,Unit unit D0945: J12 continuity reading 2.08Ohm (within spec).,D0945,CONTINUITY,PASS
LOG01192,"Checked quiescent current on B-3049, 150.00mA — bad reading, after reflow.",B3049,CURRENT_DRAW,FAIL
LOG01193,D5515 scope reading CH4 measured 3.17Vpp — looks good.,D5515,SIGNAL_INTEGRITY,PASS
LOG01194,B-1953 eye height CH3: 4.08 Vpp (bad reading).,B1953,SIGNAL_INTEGRITY,FAIL
LOG01195,"checked thermal reading after burn-in on c2247, 29.1c, per eco-114.",C2247,THERMAL,FAIL
LOG01196,Unit C4609: CH4 signal check reading 2.50Vpp — reject.,C4609,SIGNAL_INTEGRITY,FAIL
LOG01197,d-2657 continuity on reset: 3.16 ohm.,D2657,CONTINUITY,PASS
LOG01198,"Checked continuity on J7 on C 9127, 6.81Ohm, second attempt.",C9127,CONTINUITY,FAIL
LOG01199,"board D9030 - scope reading CH1 3.71Vpp (all good), second attempt.",D9030,SIGNAL_INTEGRITY,PASS
LOG01200,"Checked CLK continuity on A 7007, 7.18Ohm (bad reading), after reflow.",A7007,CONTINUITY,FAIL
LOG01201,"c-3274 - 5v power check 5.55v (bad reading), shift b.",C3274,POWER_RAIL_5V,FAIL
LOG01202,"unit C4411 - signal amplitude CH2 3.26Vpp — good reading, customer return unit.",C4411,SIGNAL_INTEGRITY,PASS
LOG01203,A-0036 continuity on J4: 2.26 Ohm (all good).,A0036,CONTINUITY,PASS
LOG01204,board A6410 board temp after 10min soak: 30.5 C.,A6410,THERMAL,PASS
LOG01205,Unit C 3804: 12V rail reading 12.59V (reject).,C3804,POWER_RAIL_12V,FAIL
LOG01206,Unit board A9072: 12V rail reading 11.51V.,A9072,POWER_RAIL_12V,FAIL
LOG01207,"Checked VDD_5V rail on board A8365, 4.33V (out of spec).",A8365,POWER_RAIL_5V,FAIL
LOG01208,"Checked signal amplitude CH1 on C2312, 3.25Vpp, good reading, retest after rework.",C2312,SIGNAL_INTEGRITY,PASS
LOG01209,"B 7631 - 12V rail 12.11V, line 2.",B7631,POWER_RAIL_12V,PASS
LOG01210,"B-0042 - +5V supply 4.91V, passes, shift B.",B0042,POWER_RAIL_5V,PASS
LOG01211,"B-1432 - 12v power check 11.40V (within spec), per ECO-114.",B1432,POWER_RAIL_12V,PASS
LOG01212,"Checked board temp after 10min soak on board A6611, 45.3C (fails), shift B.",A6611,THERMAL,FAIL
LOG01213,"unit d-4216: cont check clk reading 4.03ohm, nominal.",D4216,CONTINUITY,PASS
LOG01214,"A 2900 - case temp 26.4C, unit was reworked yesterday.",A2900,THERMAL,FAIL
LOG01215,"checked ch1 signal check on b9888, 3.04vpp, retest after rework.",B9888,SIGNAL_INTEGRITY,PASS
LOG01216,"unit C3834 - +12V supply 11.83V, good reading, shift B.",C3834,POWER_RAIL_12V,PASS
LOG01217,B-1323 resistance check EN_LINE measured 0.00Ohm (OK).,B1323,CONTINUITY,PASS
LOG01218,Unit unit C4287: VDD_12V rail reading 13.00V.,C4287,POWER_RAIL_12V,FAIL
LOG01219,"Checked eye height CH4 on board C4823, 3.45Vpp, bad reading, per ECO-114.",C4823,SIGNAL_INTEGRITY,FAIL
LOG01220,"Checked CH3 signal check on unit D8668, 3.03Vpp, retest after rework.",D8668,SIGNAL_INTEGRITY,FAIL
LOG01221,"Unit A-5340: 5v power check reading 5.04V, all good.",A5340,POWER_RAIL_5V,PASS
LOG01222,"Checked 3.3v power check on B-9925, 2.90V — no good, per ECO-114.",B9925,POWER_RAIL_3V3,FAIL
LOG01223,"Checked signal amplitude CH3 on C4159, 3.90Vpp (flagged for rework), retest after rework.",C4159,SIGNAL_INTEGRITY,FAIL
LOG01224,board C4933 5V rail: 4.44 V (no good).,C4933,POWER_RAIL_5V,FAIL
LOG01225,Unit C4878: +12V supply reading 12.60V.,C4878,POWER_RAIL_12V,PASS
LOG01226,"Checked 3v3 supply on board B2943, 3.34V, after reflow.",B2943,POWER_RAIL_3V3,PASS
LOG01227,D4177 quiescent current: 28.97 mA — passes.,D4177,CURRENT_DRAW,PASS
LOG01228,"C6747 VDD_3V3 rail measured 3.32V, OK.",C6747,POWER_RAIL_3V3,PASS
LOG01229,"Checked resistance check EN_LINE on board A0817, 4.90Ohm (reject), shift B.",A0817,CONTINUITY,FAIL
LOG01230,C7829 signal amplitude CH3: 3.36 Vpp (good reading).,C7829,SIGNAL_INTEGRITY,PASS
LOG01231,C-6003 3v3 supply: 3.37 V.,C6003,POWER_RAIL_3V3,PASS
LOG01232,"B-3940 - standby current 83.76mA (looks good), unit was reworked yesterday.",B3940,CURRENT_DRAW,PASS
LOG01233,"unit B3789 - board temp after 10min soak 29.7C, shift B.",B3789,THERMAL,PASS
LOG01234,C 7196 12V rail: 11.64 V.,C7196,POWER_RAIL_12V,PASS
LOG01235,"A0218 VDD_5V rail: 5.03 V, nominal.",A0218,POWER_RAIL_5V,PASS
LOG01236,unit board c3422: vdd_12v rail reading 10.68v (failed).,C3422,POWER_RAIL_12V,FAIL
LOG01237,"board D4473 - VDD_3V3 rail 3.35V, unit was reworked yesterday.",D4473,POWER_RAIL_3V3,PASS
LOG01238,Unit A-6447: VDD_12V rail reading 10.70V.,A6447,POWER_RAIL_12V,FAIL
LOG01239,C0143 12V rail: 12.28 V — looks good.,C0143,POWER_RAIL_12V,PASS
LOG01240,Unit board D2035: +3.3V rail reading 3.24V.,D2035,POWER_RAIL_3V3,PASS
LOG01241,"C9793 CLK continuity: 2.81 Ohm, within spec.",C9793,CONTINUITY,PASS
LOG01242,"Checked 5v power check on C 0598, 4.40V (bad reading), unit was reworked yesterday.",C0598,POWER_RAIL_5V,FAIL
LOG01243,Unit A-1905: resistance check J7 reading 6.52Ohm.,A1905,CONTINUITY,FAIL
LOG01244,"Checked idle current draw on board D3020, -0.45mA, out of spec.",D3020,CURRENT_DRAW,FAIL
LOG01245,"board C0971 - thermal soak reading 42.5C, passes, second attempt.",C0971,THERMAL,PASS
LOG01246,unit D9903 continuity on J4: 2.48 Ohm (passes).,D9903,CONTINUITY,PASS
LOG01247,"checked quiescent current on a0859, 73.38ma, per eco-114.",A0859,CURRENT_DRAW,FAIL
LOG01248,B 4073 3.3v power check: 3.29 V — all good.,B4073,POWER_RAIL_3V3,PASS
LOG01249,"board A8872 - RESET continuity 1.35Ohm — within spec, unit was reworked yesterday.",A8872,CONTINUITY,PASS
LOG01250,D 6115 thermal soak reading: 33.0 C.,D6115,THERMAL,PASS
LOG01251,"B-6992 - VDD_12V rail 11.20V — no good, retest after rework.",B6992,POWER_RAIL_12V,FAIL
LOG01252,"checked 12v rail on b-0443, 12.05v (looks good), retest after rework.",B0443,POWER_RAIL_12V,PASS
LOG01253,"B 5063 - quiescent current 113.99mA — OK, retest after rework.",B5063,CURRENT_DRAW,PASS
LOG01254,Unit board D9271: resistance check J12 reading 1.51Ohm.,D9271,CONTINUITY,PASS
LOG01255,"Checked CH4 signal check on board A5442, 2.91Vpp — doesn't look right.",A5442,SIGNAL_INTEGRITY,FAIL
LOG01256,d-0290 board temp after 10min soak measured 28.0c.,D0290,THERMAL,FAIL
LOG01257,"unit C7256 - 3.3v power check 3.70V, no good, per ECO-114.",C7256,POWER_RAIL_3V3,FAIL
LOG01258,board c5526 thermal soak reading measured 42.6c.,C5526,THERMAL,PASS
LOG01259,"unit C5659 - idle current draw 20.67mA, out of spec, retest after rework.",C5659,CURRENT_DRAW,FAIL
LOG01260,b-5051 j7 continuity measured 6.36ohm — bad reading.,B5051,CONTINUITY,FAIL
LOG01261,C 7974 3.3v power check measured 3.03V — failed.,C7974,POWER_RAIL_3V3,FAIL
LOG01262,"Checked +3.3V rail on B-5291, 3.41V, after reflow.",B5291,POWER_RAIL_3V3,PASS
LOG01263,"Checked cont check J12 on C9478, 1.88Ohm, passes, second attempt.",C9478,CONTINUITY,PASS
LOG01264,"Checked VDD_12V rail on unit C2796, 11.91V — checks out, unit was reworked yesterday.",C2796,POWER_RAIL_12V,PASS
LOG01265,"Checked resistance check J4 on B 9141, 1.09Ohm, reject, after reflow.",B9141,CONTINUITY,FAIL
LOG01266,"Checked 3.3v power check on board A4467, 3.26V, per ECO-114.",A4467,POWER_RAIL_3V3,PASS
LOG01267,Unit D-7675: case temp reading 13.3C.,D7675,THERMAL,PASS
LOG01268,D2306 cont check EN_LINE measured 3.76Ohm.,D2306,CONTINUITY,FAIL
LOG01269,"Checked quiescent current on unit A1004, 88.86mA, unit was reworked yesterday.",A1004,CURRENT_DRAW,PASS
LOG01270,D1411 standby current measured 206.22mA — out of spec.,D1411,CURRENT_DRAW,FAIL
LOG01271,Unit C 6386: +12V supply reading 11.90V.,C6386,POWER_RAIL_12V,PASS
LOG01272,"B-0703 - +3.3V rail 3.34V, passes, unit was reworked yesterday.",B0703,POWER_RAIL_3V3,PASS
LOG01273,board B1762 thermal soak reading: 68.9 C — no good.,B1762,THERMAL,FAIL
LOG01274,"Checked current draw at idle on unit A2526, 79.13mA, second attempt.",A2526,CURRENT_DRAW,FAIL
LOG01275,A 9045 current draw at idle measured 67.92mA.,A9045,CURRENT_DRAW,FAIL
LOG01276,"Checked thermal reading after burn-in on A-9670, 66.8C — fails, unit was reworked yesterday.",A9670,THERMAL,FAIL
LOG01277,"D 9478 +12V supply measured 12.10V, checks out.",D9478,POWER_RAIL_12V,PASS
LOG01278,"unit a 8828: quiescent current reading 205.01ma, fails.",A8828,CURRENT_DRAW,FAIL
LOG01279,Unit board A2390: 5v power check reading 5.14V — fails.,A2390,POWER_RAIL_5V,FAIL
LOG01280,Unit board C2758: board temp after 10min soak reading 44.5C (OK).,C2758,THERMAL,PASS
LOG01281,D 2249 3.3V rail: 3.30 V — nominal.,D2249,POWER_RAIL_3V3,PASS
LOG01282,unit C7731 thermal reading after burn-in measured 6.7C.,C7731,THERMAL,FAIL
LOG01283,"unit C0473 - signal amplitude CH4 2.59Vpp (passes), second attempt.",C0473,SIGNAL_INTEGRITY,PASS
LOG01284,"a4865 - cont check en_line 6.05ohm, shift b.",A4865,CONTINUITY,FAIL
LOG01285,unit C4654 eye height CH4 measured 3.87Vpp (flagged for rework).,C4654,SIGNAL_INTEGRITY,FAIL
LOG01286,"a-8299 - continuity on reset 5.00ohm, retest after rework.",A8299,CONTINUITY,PASS
LOG01287,"checked 12v power check on b1475, 12.73v, per eco-114.",B1475,POWER_RAIL_12V,FAIL
LOG01288,"A3256 3.3v power check measured 3.33V, looks good.",A3256,POWER_RAIL_3V3,PASS
LOG01289,"B9472 current draw at idle: 93.21 mA, all good.",B9472,CURRENT_DRAW,PASS
LOG01290,Unit A4476: thermal soak reading reading 63.3C.,A4476,THERMAL,FAIL
LOG01291,"Checked CH1 signal check on board B8085, 3.18Vpp.",B8085,SIGNAL_INTEGRITY,PASS
LOG01292,Unit board D4265: 5V rail reading 4.96V.,D4265,POWER_RAIL_5V,PASS
LOG01293,unit B5345 quiescent current: 209.17 mA.,B5345,CURRENT_DRAW,FAIL
LOG01294,unit A8889 +5V supply: 5.20 V (bad reading).,A8889,POWER_RAIL_5V,FAIL
LOG01295,a 6336 current draw at idle: 93.41 ma — looks good.,A6336,CURRENT_DRAW,PASS
LOG01296,board D5044 quiescent current: 72.66 mA.,D5044,CURRENT_DRAW,PASS
LOG01297,"Checked 12v power check on B6715, 13.18V, after reflow.",B6715,POWER_RAIL_12V,FAIL
LOG01298,D-7065 5v power check measured 4.88V.,D7065,POWER_RAIL_5V,PASS
LOG01299,"Checked idle current draw on A-3520, 95.61mA.",A3520,CURRENT_DRAW,PASS
LOG01300,"B6148 - standby current 87.73mA, customer return unit.",B6148,CURRENT_DRAW,PASS
LOG01301,"unit B5787 eye height CH1 measured 2.56Vpp, doesn't look right.",B5787,SIGNAL_INTEGRITY,FAIL
LOG01302,B 7829 5v power check measured 5.46V (reject).,B7829,POWER_RAIL_5V,FAIL
LOG01303,"Checked signal amplitude CH4 on A2671, 2.89Vpp — good reading, after reflow.",A2671,SIGNAL_INTEGRITY,PASS
LOG01304,Unit B8257: standby current reading 157.98mA — all good.,B8257,CURRENT_DRAW,PASS
LOG01305,D-7241 +3.3V rail measured 3.38V.,D7241,POWER_RAIL_3V3,PASS
LOG01306,D 2823 board temp after 10min soak measured 69.5C.,D2823,THERMAL,FAIL
LOG01307,"A-7063 - case temp 60.0C, retest after rework.",A7063,THERMAL,FAIL
LOG01308,"D 2908 - VDD_5V rail 5.35V — fails, customer return unit.",D2908,POWER_RAIL_5V,FAIL
LOG01309,"A 2087 - VDD_5V rail 4.65V, customer return unit.",A2087,POWER_RAIL_5V,PASS
LOG01310,"B5438 - 5V rail 4.98V, after reflow.",B5438,POWER_RAIL_5V,PASS
LOG01311,"unit board d8632: vdd_5v rail reading 4.98v, within spec.",D8632,POWER_RAIL_5V,PASS
LOG01312,board C2984 3.3v power check measured 3.65V (fails).,C2984,POWER_RAIL_3V3,FAIL
LOG01313,"unit C4612 - signal amplitude CH4 3.91Vpp (no good), shift B.",C4612,SIGNAL_INTEGRITY,FAIL
LOG01314,Unit D 2262: eye height CH2 reading 3.60Vpp.,D2262,SIGNAL_INTEGRITY,FAIL
LOG01315,D-8355 +5V supply: 5.74 V (failed).,D8355,POWER_RAIL_5V,FAIL
LOG01316,"D-4524 board temp after 10min soak: 42.4 C, within spec.",D4524,THERMAL,PASS
LOG01317,"Unit D 6960: quiescent current reading 181.97mA, doesn't look right.",D6960,CURRENT_DRAW,FAIL
LOG01318,B7668 +3.3V rail measured 3.19V.,B7668,POWER_RAIL_3V3,PASS
LOG01319,D 2746 idle current draw: 68.57 mA (failed).,D2746,CURRENT_DRAW,FAIL
LOG01320,"Checked 12v power check on board C0285, 12.08V, passes, retest after rework.",C0285,POWER_RAIL_12V,PASS
LOG01321,unit D2469 continuity on CLK: 7.79 Ohm — no good.,D2469,CONTINUITY,FAIL
LOG01322,unit b9627 standby current: 107.29 ma (passes).,B9627,CURRENT_DRAW,PASS
LOG01323,"B 7256 - board temp after 10min soak 34.7C (passes), unit was reworked yesterday.",B7256,THERMAL,PASS
LOG01324,unit C0703 3.3V rail measured 3.35V.,C0703,POWER_RAIL_3V3,PASS
LOG01325,board B4109 thermal reading after burn-in: 40.5 C.,B4109,THERMAL,PASS
LOG01326,"Checked 12V rail on A8454, 12.11V, per ECO-114.",A8454,POWER_RAIL_12V,PASS
LOG01327,B2806 thermal reading after burn-in: 42.2 C.,B2806,THERMAL,PASS
LOG01328,Unit A-8746: board temp after 10min soak reading 42.2C.,A8746,THERMAL,PASS
LOG01329,"unit A4325 eye height CH2 measured 3.27Vpp, OK.",A4325,SIGNAL_INTEGRITY,PASS
LOG01330,Unit C-3003: VDD_12V rail reading 12.12V — within spec.,C3003,POWER_RAIL_12V,PASS
LOG01331,"unit B0546 - +12V supply 12.28V, customer return unit.",B0546,POWER_RAIL_12V,PASS
LOG01332,board a3091 quiescent current measured 69.08ma.,A3091,CURRENT_DRAW,PASS
LOG01333,Unit board C3077: standby current reading 150.00mA.,C3077,CURRENT_DRAW,FAIL
LOG01334,"unit unit d4823: current draw at idle reading 11.50ma, failed.",D4823,CURRENT_DRAW,FAIL
LOG01335,unit C2431 continuity on EN_LINE: 7.95 Ohm.,C2431,CONTINUITY,FAIL
LOG01336,"Checked case temp on A-8702, 34.1C, nominal, per ECO-114.",A8702,THERMAL,PASS
LOG01337,Unit C1499: 12v power check reading 12.60V (fails).,C1499,POWER_RAIL_12V,FAIL
LOG01338,unit D9008 thermal reading after burn-in measured 36.5C — OK.,D9008,THERMAL,PASS
LOG01339,"board B9789 - continuity on J7 1.70Ohm, OK, line 2.",B9789,CONTINUITY,PASS
LOG01340,C 0828 3.3v power check measured 3.32V.,C0828,POWER_RAIL_3V3,PASS
LOG01341,unit a3048 +3.3v rail: 3.31 v (nominal).,A3048,POWER_RAIL_3V3,PASS
LOG01342,B-9744 VDD_5V rail: 4.71 V.,B9744,POWER_RAIL_5V,PASS
LOG01343,"A 9139 - thermal soak reading 18.0C, second attempt.",A9139,THERMAL,FAIL
LOG01344,B 0197 quiescent current measured 157.10mA — reject.,B0197,CURRENT_DRAW,FAIL
LOG01345,D 9251 continuity on J12: 1.50 Ohm.,D9251,CONTINUITY,FAIL
LOG01346,Unit C 5056: J4 continuity reading 3.91Ohm.,C5056,CONTINUITY,FAIL
LOG01347,unit A8564 +12V supply: 10.92 V — bad reading.,A8564,POWER_RAIL_12V,FAIL
LOG01348,"B4270 - +12V supply 11.19V — flagged for rework, line 2.",B4270,POWER_RAIL_12V,FAIL
LOG01349,"B 7828 - 5V rail 5.54V, no good, shift B.",B7828,POWER_RAIL_5V,FAIL
LOG01350,board B8040 quiescent current: 132.03 mA.,B8040,CURRENT_DRAW,FAIL
LOG01351,B2472 +12V supply: 11.78 V — passes.,B2472,POWER_RAIL_12V,PASS
LOG01352,"checked 12v power check on unit c4940, 12.94v, out of spec, per eco-114.",C4940,POWER_RAIL_12V,FAIL
LOG01353,"Checked +5V supply on D-4097, 4.91V, shift B.",D4097,POWER_RAIL_5V,PASS
LOG01354,"Checked 3v3 supply on D-3012, 3.30V (passes), second attempt.",D3012,POWER_RAIL_3V3,PASS
LOG01355,"D5807 RESET continuity measured 6.42Ohm, failed.",D5807,CONTINUITY,FAIL
LOG01356,"d8238 quiescent current: 128.66 ma, bad reading.",D8238,CURRENT_DRAW,FAIL
LOG01357,"board C9635 - 3.3v power check 3.39V (bad reading), retest after rework.",C9635,POWER_RAIL_3V3,FAIL
LOG01358,"board C8314 current draw at idle: 84.91 mA, OK.",C8314,CURRENT_DRAW,PASS
LOG01359,"Checked board temp after 10min soak on unit A7254, 30.9C, retest after rework.",A7254,THERMAL,PASS
LOG01360,"Checked 12v power check on D 5609, 12.40V — reject, customer return unit.",D5609,POWER_RAIL_12V,FAIL
LOG01361,unit A5787 +3.3V rail measured 3.27V.,A5787,POWER_RAIL_3V3,PASS
LOG01362,"Checked VDD_12V rail on A 3193, 11.88V, after reflow.",A3193,POWER_RAIL_12V,PASS
LOG01363,C-2161 3.3V rail measured 3.75V.,C2161,POWER_RAIL_3V3,FAIL
LOG01364,"A 5678 - 5v power check 4.63V, line 2.",A5678,POWER_RAIL_5V,FAIL
LOG01365,C6973 thermal reading after burn-in measured 15.7C (out of spec).,C6973,THERMAL,FAIL
LOG01366,B0098 3v3 supply: 2.97 V.,B0098,POWER_RAIL_3V3,FAIL
LOG01367,Unit A-0505: standby current reading 79.06mA.,A0505,CURRENT_DRAW,FAIL
LOG01368,"C-5105 5v power check measured 4.98V, passes.",C5105,POWER_RAIL_5V,PASS
LOG01369,"board C6517 - standby current 82.62mA (passes), retest after rework.",C6517,CURRENT_DRAW,PASS
LOG01370,B-0526 case temp measured 48.7C (failed).,B0526,THERMAL,FAIL
LOG01371,"board C5749 thermal reading after burn-in: 34.7 C, all good.",C5749,THERMAL,PASS
LOG01372,board D5400 - VDD_12V rail 11.51V.,D5400,POWER_RAIL_12V,PASS
LOG01373,"board B1651 - cont check J12 2.11Ohm, retest after rework.",B1651,CONTINUITY,PASS
LOG01374,"c 9459 standby current: 138.41 ma, good reading.",C9459,CURRENT_DRAW,PASS
LOG01375,Unit unit A3351: +12V supply reading 12.34V (out of spec).,A3351,POWER_RAIL_12V,FAIL
LOG01376,B-9525 3v3 supply: 3.84 V.,B9525,POWER_RAIL_3V3,FAIL
LOG01377,Unit unit C4670: resistance check J4 reading 3.43Ohm (checks out).,C4670,CONTINUITY,PASS
LOG01378,Unit C-8208: +12V supply reading 11.54V — flagged for rework.,C8208,POWER_RAIL_12V,FAIL
LOG01379,board B3068 resistance check J4: 6.14 Ohm.,B3068,CONTINUITY,PASS
LOG01380,board A6152 5V rail: 5.63 V — no good.,A6152,POWER_RAIL_5V,FAIL
LOG01381,"Checked eye height CH3 on A8657, 3.25Vpp — OK, after reflow.",A8657,SIGNAL_INTEGRITY,PASS
LOG01382,Unit D 9053: 12v power check reading 11.84V — within spec.,D9053,POWER_RAIL_12V,PASS
LOG01383,A 1729 current draw at idle: 150.00 mA (bad reading).,A1729,CURRENT_DRAW,FAIL
LOG01384,unit C7382 continuity on J4 measured 2.64Ohm — looks good.,C7382,CONTINUITY,PASS
LOG01385,"c-5717 - 3.3v power check 3.03v (no good), second attempt.",C5717,POWER_RAIL_3V3,FAIL
LOG01386,C-8955 current draw at idle measured 110.49mA — OK.,C8955,CURRENT_DRAW,PASS
LOG01387,board c9553 12v power check measured 13.30v.,C9553,POWER_RAIL_12V,FAIL
LOG01388,board C9318 board temp after 10min soak measured 37.4C (OK).,C9318,THERMAL,PASS
LOG01389,"Checked 3v3 supply on D-9693, 3.36V, customer return unit.",D9693,POWER_RAIL_3V3,PASS
LOG01390,"Checked 12v power check on D-3956, 12.05V — all good, per ECO-114.",D3956,POWER_RAIL_12V,PASS
LOG01391,"Checked idle current draw on board D2075, 85.72mA, customer return unit.",D2075,CURRENT_DRAW,PASS
LOG01392,"C5348 - signal amplitude CH1 3.21Vpp, nominal, customer return unit.",C5348,SIGNAL_INTEGRITY,PASS
LOG01393,Unit board B6970: VDD_3V3 rail reading 2.96V (out of spec).,B6970,POWER_RAIL_3V3,FAIL
LOG01394,"Checked continuity on CLK on board A4576, 1.50Ohm — OK.",A4576,CONTINUITY,PASS
LOG01395,"B0815 VDD_12V rail: 11.99 V, good reading.",B0815,POWER_RAIL_12V,PASS
LOG01396,b-7471 3v3 supply: 3.41 v — bad reading.,B7471,POWER_RAIL_3V3,FAIL
LOG01397,"A9423 - thermal reading after burn-in 30.2C — failed, retest after rework.",A9423,THERMAL,FAIL
LOG01398,"Checked cont check CLK on board C5284, 5.83Ohm, reject, per ECO-114.",C5284,CONTINUITY,FAIL
LOG01399,board B2332 cont check RESET measured 0.38Ohm.,B2332,CONTINUITY,PASS
LOG01400,"Checked 3.3v power check on board B9013, 3.32V, per ECO-114.",B9013,POWER_RAIL_3V3,PASS
LOG01401,unit D9900 idle current draw: 84.61 mA — checks out.,D9900,CURRENT_DRAW,PASS
LOG01402,"board a7869 +5v supply: 4.54 v, doesn't look right.",A7869,POWER_RAIL_5V,FAIL
LOG01403,"A 9855 - resistance check J4 5.75Ohm, line 2.",A9855,CONTINUITY,PASS
LOG01404,"Checked quiescent current on B 8426, 57.87mA, customer return unit.",B8426,CURRENT_DRAW,FAIL
LOG01405,Unit board A9018: VDD_3V3 rail reading 3.63V.,A9018,POWER_RAIL_3V3,FAIL
LOG01406,board C1326 thermal soak reading measured 29.0C.,C1326,THERMAL,FAIL
LOG01407,Unit board C6993: 12v power check reading 12.06V — checks out.,C6993,POWER_RAIL_12V,PASS
LOG01408,"board D3413 - resistance check CLK 7.93Ohm, second attempt.",D3413,CONTINUITY,FAIL
LOG01409,unit A8978 scope reading CH4 measured 3.01Vpp (within spec).,A8978,SIGNAL_INTEGRITY,PASS
LOG01410,unit C1858 thermal soak reading: 31.2 C (good reading).,C1858,THERMAL,PASS
LOG01411,"Checked thermal soak reading on board C6789, 42.5C, OK, unit was reworked yesterday.",C6789,THERMAL,PASS
LOG01412,B-5316 12v power check: 13.22 V.,B5316,POWER_RAIL_12V,FAIL
LOG01413,"checked 3.3v rail on c 7866, 3.74v, failed.",C7866,POWER_RAIL_3V3,FAIL
LOG01414,c6485 3.3v rail: 3.43 v.,C6485,POWER_RAIL_3V3,PASS
LOG01415,C4759 thermal reading after burn-in: 37.6 C.,C4759,THERMAL,PASS
LOG01416,"board d9301 - 5v power check 5.11v, second attempt.",D9301,POWER_RAIL_5V,PASS
LOG01417,"unit D6845 - board temp after 10min soak 29.7C, unit was reworked yesterday.",D6845,THERMAL,FAIL
LOG01418,"unit D8104 12v power check: 12.02 V, looks good.",D8104,POWER_RAIL_12V,PASS
LOG01419,"board c4783 - ch4 signal check 3.79vpp, shift b.",C4783,SIGNAL_INTEGRITY,PASS
LOG01420,Unit C6563: +5V supply reading 4.83V.,C6563,POWER_RAIL_5V,FAIL
LOG01421,"b-1922 - eye height ch4 2.36vpp, line 2.",B1922,SIGNAL_INTEGRITY,FAIL
LOG01422,board D7246 12v power check measured 12.09V — looks good.,D7246,POWER_RAIL_12V,PASS
LOG01423,unit B2251 case temp: 31.9 C.,B2251,THERMAL,PASS
LOG01424,board c5455 +12v supply measured 11.93v.,C5455,POWER_RAIL_12V,PASS
LOG01425,"Checked VDD_12V rail on D0341, 11.64V, unit was reworked yesterday.",D0341,POWER_RAIL_12V,PASS
LOG01426,board C9474 3v3 supply measured 2.89V — bad reading.,C9474,POWER_RAIL_3V3,FAIL
LOG01427,"checked continuity on j4 on board b3976, 2.90ohm — all good, after reflow.",B3976,CONTINUITY,PASS
LOG01428,"board A1660 VDD_3V3 rail: 3.73 V, doesn't look right.",A1660,POWER_RAIL_3V3,FAIL
LOG01429,board D2125 quiescent current measured 92.26mA (good reading).,D2125,CURRENT_DRAW,PASS
LOG01430,"Unit B-7588: standby current reading 63.30mA, out of spec.",B7588,CURRENT_DRAW,FAIL
LOG01431,board a3699 5v rail measured 4.77v (flagged for rework).,A3699,POWER_RAIL_5V,FAIL
LOG01432,unit D6765 cont check CLK: 1.89 Ohm.,D6765,CONTINUITY,PASS
LOG01433,"D7574 - resistance check J12 3.22Ohm (looks good), unit was reworked yesterday.",D7574,CONTINUITY,PASS
LOG01434,A-0726 +5V supply measured 5.01V.,A0726,POWER_RAIL_5V,PASS
LOG01435,Unit board D9845: CH3 signal check reading 2.94Vpp.,D9845,SIGNAL_INTEGRITY,PASS
LOG01436,board B9341 eye height CH4 measured 2.55Vpp.,B9341,SIGNAL_INTEGRITY,FAIL
LOG01437,Unit B9542: 5v power check reading 5.18V (good reading).,B9542,POWER_RAIL_5V,PASS
LOG01438,"Checked VDD_3V3 rail on unit D1203, 3.81V, second attempt.",D1203,POWER_RAIL_3V3,FAIL
LOG01439,C-0245 current draw at idle: 55.80 mA.,C0245,CURRENT_DRAW,PASS
LOG01440,"Checked VDD_12V rail on D 0470, 11.77V, good reading, second attempt.",D0470,POWER_RAIL_12V,PASS
LOG01441,board A5951 3.3v power check measured 3.87V (out of spec).,A5951,POWER_RAIL_3V3,FAIL
LOG01442,"Unit B 4447: RESET continuity reading 0.55Ohm, OK.",B4447,CONTINUITY,PASS
LOG01443,"Checked 5v power check on B 4795, 5.75V — reject, after reflow.",B4795,POWER_RAIL_5V,FAIL
LOG01444,C-5209 standby current: -5.30 mA (failed).,C5209,CURRENT_DRAW,FAIL
LOG01445,"Unit D6295: thermal reading after burn-in reading 7.7C, bad reading.",D6295,THERMAL,FAIL
LOG01446,A-5849 VDD_12V rail: 12.36 V (within spec).,A5849,POWER_RAIL_12V,PASS
LOG01447,"unit A2697 - 12v power check 12.35V, retest after rework.",A2697,POWER_RAIL_12V,FAIL
LOG01448,b-9434 standby current measured -6.57ma.,B9434,CURRENT_DRAW,FAIL
LOG01449,C0119 +12V supply measured 11.67V.,C0119,POWER_RAIL_12V,FAIL
LOG01450,a3342 vdd_5v rail measured 4.77v (failed).,A3342,POWER_RAIL_5V,FAIL
LOG01451,A6216 5V rail measured 5.09V.,A6216,POWER_RAIL_5V,PASS
LOG01452,board C2951 eye height CH4 measured 3.37Vpp (looks good).,C2951,SIGNAL_INTEGRITY,PASS
LOG01453,"b-3528 - cont check j7 2.57ohm, customer return unit.",B3528,CONTINUITY,PASS
LOG01454,board B9022 standby current measured 202.89mA (failed).,B9022,CURRENT_DRAW,FAIL
LOG01455,board B1076 current draw at idle measured 63.19mA.,B1076,CURRENT_DRAW,FAIL
LOG01456,"D7562 - case temp 46.8C, passes, shift B.",D7562,THERMAL,PASS
LOG01457,"B9045 thermal soak reading: 67.8 C, out of spec.",B9045,THERMAL,FAIL
LOG01458,unit b6023 board temp after 10min soak measured 28.1c — looks good.,B6023,THERMAL,PASS
LOG01459,unit unit a2590: vdd_12v rail reading 12.57v (passes).,A2590,POWER_RAIL_12V,PASS
LOG01460,"board C1173 - +12V supply 12.15V, nominal, shift B.",C1173,POWER_RAIL_12V,PASS
LOG01461,Unit A9822: cont check EN_LINE reading 0.00Ohm.,A9822,CONTINUITY,PASS
LOG01462,"Checked thermal reading after burn-in on unit A6644, 44.1C, customer return unit.",A6644,THERMAL,PASS
LOG01463,B 1333 +5V supply: 4.87 V (looks good).,B1333,POWER_RAIL_5V,PASS
LOG01464,"board C8887 - resistance check J7 6.03Ohm, flagged for rework, second attempt.",C8887,CONTINUITY,FAIL
LOG01465,"checked vdd_3v3 rail on b 7954, 3.16v (all good), retest after rework.",B7954,POWER_RAIL_3V3,PASS
LOG01466,Unit B-2412: RESET continuity reading 5.46Ohm — within spec.,B2412,CONTINUITY,PASS
LOG01467,"B1171 J7 continuity: 6.14 Ohm, flagged for rework.",B1171,CONTINUITY,FAIL
LOG01468,"Unit C 9638: board temp after 10min soak reading 31.6C, looks good.",C9638,THERMAL,PASS
LOG01469,C 3656 +12V supply measured 11.63V.,C3656,POWER_RAIL_12V,FAIL
LOG01470,"B2714 - VDD_12V rail 10.72V, per ECO-114.",B2714,POWER_RAIL_12V,FAIL
LOG01471,Unit D-7124: 5V rail reading 5.08V.,D7124,POWER_RAIL_5V,PASS
LOG01472,B 3089 current draw at idle: 90.65 mA (good reading).,B3089,CURRENT_DRAW,PASS
LOG01473,d3298 continuity on j4 measured 3.79ohm (looks good).,D3298,CONTINUITY,PASS
LOG01474,"C-1938 - +5V supply 4.87V (no good), customer return unit.",C1938,POWER_RAIL_5V,FAIL
LOG01475,unit C1136 VDD_12V rail measured 11.84V (checks out).,C1136,POWER_RAIL_12V,PASS
LOG01476,C0214 idle current draw: 132.70 mA.,C0214,CURRENT_DRAW,FAIL
LOG01477,B 8838 +12V supply measured 13.24V (fails).,B8838,POWER_RAIL_12V,FAIL
LOG01478,"board A0876 - cont check J4 6.17Ohm, line 2.",A0876,CONTINUITY,FAIL
LOG01479,"Checked thermal reading after burn-in on B-9556, 57.1C, unit was reworked yesterday.",B9556,THERMAL,FAIL
LOG01480,"C9686 - scope reading CH4 3.23Vpp, retest after rework.",C9686,SIGNAL_INTEGRITY,PASS
LOG01481,"Checked thermal reading after burn-in on board D3831, 23.6C, second attempt.",D3831,THERMAL,FAIL
LOG01482,Unit A-7354: thermal reading after burn-in reading 43.9C.,A7354,THERMAL,PASS
LOG01483,"Checked 12V rail on board B7398, 11.88V — checks out, unit was reworked yesterday.",B7398,POWER_RAIL_12V,PASS
LOG01484,"Checked thermal reading after burn-in on board C9569, 37.7C, line 2.",C9569,THERMAL,PASS
LOG01485,board B4558 board temp after 10min soak measured 20.1C (doesn't look right).,B4558,THERMAL,FAIL
LOG01486,B 5433 board temp after 10min soak: 55.0 C — doesn't look right.,B5433,THERMAL,FAIL
LOG01487,A 5085 thermal reading after burn-in: 6.9 C.,A5085,THERMAL,FAIL
LOG01488,board A2005 board temp after 10min soak measured 72.6C.,A2005,THERMAL,FAIL
LOG01489,"Checked signal amplitude CH3 on C5452, 3.99Vpp (reject), after reflow.",C5452,SIGNAL_INTEGRITY,FAIL
LOG01490,"C 8140 - board temp after 10min soak 60.7C, nominal, second attempt.",C8140,THERMAL,PASS
LOG01491,Unit A 8421: resistance check CLK reading 2.96Ohm.,A8421,CONTINUITY,PASS
LOG01492,unit d 1923: ch3 signal check reading 3.38vpp — no good.,D1923,SIGNAL_INTEGRITY,FAIL
LOG01493,"Checked 5V rail on B 4744, 5.13V, customer return unit.",B4744,POWER_RAIL_5V,PASS
LOG01494,"unit a4244 vdd_12v rail measured 11.10v, no good.",A4244,POWER_RAIL_12V,FAIL
LOG01495,C 3395 case temp measured 58.4C (out of spec).,C3395,THERMAL,FAIL
LOG01496,a7871 5v power check measured 4.50v.,A7871,POWER_RAIL_5V,FAIL
LOG01497,"board D3541 3v3 supply measured 3.23V, flagged for rework.",D3541,POWER_RAIL_3V3,FAIL
LOG01498,Unit A 7217: cont check J7 reading 7.36Ohm.,A7217,CONTINUITY,FAIL
LOG01499,"Checked resistance check J7 on unit C3179, 5.62Ohm (flagged for rework), shift B.",C3179,CONTINUITY,FAIL
LOG01500,"Checked current draw at idle on unit C7157, 57.12mA, fails, after reflow.",C7157,CURRENT_DRAW,FAIL
LOG01501,"board B0018 - CH3 signal check 2.94Vpp, customer return unit.",B0018,SIGNAL_INTEGRITY,FAIL
LOG01502,"Checked VDD_3V3 rail on unit B3157, 3.40V, checks out, line 2.",B3157,POWER_RAIL_3V3,PASS
LOG01503,"D3179 +3.3V rail: 3.32 V, all good.",D3179,POWER_RAIL_3V3,PASS
LOG01504,"Unit A-3674: VDD_5V rail reading 5.08V, nominal.",A3674,POWER_RAIL_5V,PASS
LOG01505,B 9414 +3.3V rail: 3.24 V.,B9414,POWER_RAIL_3V3,PASS
LOG01506,Unit D7304: 3.3v power check reading 3.25V (checks out).,D7304,POWER_RAIL_3V3,PASS
LOG01507,"Checked quiescent current on board A5647, 98.40mA — good reading, customer return unit.",A5647,CURRENT_DRAW,PASS
LOG01508,"Checked 5V rail on unit C5125, 4.26V, unit was reworked yesterday.",C5125,POWER_RAIL_5V,FAIL
LOG01509,unit D4017 board temp after 10min soak: 52.8 C.,D4017,THERMAL,FAIL
LOG01510,Unit board D6880: VDD_3V3 rail reading 2.87V.,D6880,POWER_RAIL_3V3,FAIL
LOG01511,"Checked cont check CLK on C1955, 6.81Ohm.",C1955,CONTINUITY,FAIL
LOG01512,"C-5463 current draw at idle measured 150.00mA, reject.",C5463,CURRENT_DRAW,FAIL
LOG01513,"board B1098 - scope reading CH3 2.84Vpp — doesn't look right, shift B.",B1098,SIGNAL_INTEGRITY,FAIL
LOG01514,board b2470 12v power check measured 10.98v (out of spec).,B2470,POWER_RAIL_12V,FAIL
LOG01515,B 6189 standby current measured 111.36mA.,B6189,CURRENT_DRAW,PASS
LOG01516,C 6249 +12V supply measured 11.11V.,C6249,POWER_RAIL_12V,FAIL
LOG01517,Unit unit B0790: +3.3V rail reading 3.93V.,B0790,POWER_RAIL_3V3,FAIL
LOG01518,board b5806 3.3v power check: 3.31 v.,B5806,POWER_RAIL_3V3,PASS
LOG01519,B-7345 thermal soak reading: 29.6 C (within spec).,B7345,THERMAL,PASS
LOG01520,b8644 +5v supply measured 5.33v.,B8644,POWER_RAIL_5V,PASS
LOG01521,D 3926 VDD_5V rail: 4.34 V — reject.,D3926,POWER_RAIL_5V,FAIL
LOG01522,unit B0673 +12V supply: 12.24 V (within spec).,B0673,POWER_RAIL_12V,PASS
LOG01523,Unit unit A0935: eye height CH2 reading 3.65Vpp — reject.,A0935,SIGNAL_INTEGRITY,FAIL
LOG01524,"D 2592 cont check RESET: 5.92 Ohm, failed.",D2592,CONTINUITY,FAIL
LOG01525,"B5769 - resistance check J4 3.88Ohm (fails), line 2.",B5769,CONTINUITY,FAIL
LOG01526,"D-5189 - +5V supply 5.51V, shift B.",D5189,POWER_RAIL_5V,FAIL
LOG01527,"D9449 scope reading CH2: 3.60 Vpp, all good.",D9449,SIGNAL_INTEGRITY,PASS
LOG01528,unit D9444 continuity on J12 measured 2.86Ohm (passes).,D9444,CONTINUITY,PASS
LOG01529,A8615 eye height CH2: 2.41 Vpp (flagged for rework).,A8615,SIGNAL_INTEGRITY,FAIL
LOG01530,b2447 quiescent current: 110.76 ma.,B2447,CURRENT_DRAW,PASS
LOG01531,board b0651 scope reading ch1 measured 2.38vpp.,B0651,SIGNAL_INTEGRITY,FAIL
LOG01532,"Checked 12V rail on B 4976, 12.54V, flagged for rework, second attempt.",B4976,POWER_RAIL_12V,FAIL
LOG01533,"A-5600 - cont check J4 7.98Ohm (failed), after reflow.",A5600,CONTINUITY,FAIL
LOG01534,"unit b3232 - signal amplitude ch1 3.91vpp (fails), customer return unit.",B3232,SIGNAL_INTEGRITY,FAIL
LOG01535,"unit b1072 - 3.3v power check 3.36v, customer return unit.",B1072,POWER_RAIL_3V3,PASS
LOG01536,board C8466 thermal reading after burn-in: 47.6 C.,C8466,THERMAL,FAIL
LOG01537,B-6199 +12V supply: 11.99 V.,B6199,POWER_RAIL_12V,PASS
LOG01538,board C0613 - +5V supply 5.02V.,C0613,POWER_RAIL_5V,PASS
LOG01539,"Checked 5V rail on B-8418, 4.78V, retest after rework.",B8418,POWER_RAIL_5V,PASS
LOG01540,"board D7236 - board temp after 10min soak 6.0C, shift B.",D7236,THERMAL,FAIL
LOG01541,B-9986 5v power check measured 4.44V.,B9986,POWER_RAIL_5V,FAIL
LOG01542,A-8125 +5V supply: 4.98 V (passes).,A8125,POWER_RAIL_5V,PASS
LOG01543,"unit B4401 3.3v power check: 3.35 V, passes.",B4401,POWER_RAIL_3V3,PASS
LOG01544,B 6847 J7 continuity: 2.54 Ohm.,B6847,CONTINUITY,PASS
LOG01545,board C5196 - 5v power check 5.33V.,C5196,POWER_RAIL_5V,PASS
LOG01546,"Checked current draw at idle on A5780, 187.39mA, customer return unit.",A5780,CURRENT_DRAW,FAIL
LOG01547,board C4815 signal amplitude CH2 measured 3.51Vpp.,C4815,SIGNAL_INTEGRITY,FAIL
LOG01548,d3414 12v power check: 10.88 v.,D3414,POWER_RAIL_12V,FAIL
LOG01549,unit B1620 continuity on CLK measured 3.65Ohm — fails.,B1620,CONTINUITY,FAIL
LOG01550,Unit A 0070: thermal soak reading reading 49.5C (bad reading).,A0070,THERMAL,FAIL
LOG01551,Unit C-1764: resistance check J7 reading 1.63Ohm (good reading).,C1764,CONTINUITY,PASS
LOG01552,Unit C 4418: +5V supply reading 4.96V (all good).,C4418,POWER_RAIL_5V,PASS
LOG01553,B 1402 quiescent current: 203.32 mA.,B1402,CURRENT_DRAW,FAIL
LOG01554,"d 6996 - scope reading ch3 3.17vpp, line 2.",D6996,SIGNAL_INTEGRITY,PASS
LOG01555,"B-2115 - VDD_3V3 rail 3.20V, fails, after reflow.",B2115,POWER_RAIL_3V3,FAIL
LOG01556,"checked j12 continuity on a-8304, 6.86ohm, unit was reworked yesterday.",A8304,CONTINUITY,FAIL
LOG01557,"D 3010 - continuity on J4 0.72Ohm, retest after rework.",D3010,CONTINUITY,PASS
LOG01558,"Checked 12V rail on C 2230, 11.71V — nominal, line 2.",C2230,POWER_RAIL_12V,PASS
LOG01559,"A-4583 - cont check CLK 6.25Ohm, unit was reworked yesterday.",A4583,CONTINUITY,PASS
LOG01560,"A6793 - cont check J7 3.64Ohm, shift B.",A6793,CONTINUITY,FAIL
LOG01561,unit C6247 +5V supply: 5.66 V.,C6247,POWER_RAIL_5V,FAIL
LOG01562,"board C6631 - 5v power check 5.16V — no good, second attempt.",C6631,POWER_RAIL_5V,FAIL
LOG01563,"Checked continuity on RESET on D-8691, 0.00Ohm — passes, unit was reworked yesterday.",D8691,CONTINUITY,PASS
LOG01564,D-5492 3.3v power check measured 3.36V (nominal).,D5492,POWER_RAIL_3V3,PASS
LOG01565,"B-8189 - +5V supply 5.64V, reject, customer return unit.",B8189,POWER_RAIL_5V,FAIL
LOG01566,"B-8736 3.3V rail measured 3.13V, within spec.",B8736,POWER_RAIL_3V3,PASS
LOG01567,D 8946 eye height CH4 measured 2.85Vpp.,D8946,SIGNAL_INTEGRITY,PASS
LOG01568,"unit D9848 - resistance check RESET 3.83Ohm, nominal, shift B.",D9848,CONTINUITY,PASS
LOG01569,board C6849 5V rail: 4.88 V.,C6849,POWER_RAIL_5V,PASS
LOG01570,"unit d2224 +12v supply measured 11.73v, passes.",D2224,POWER_RAIL_12V,PASS
LOG01571,board c2040 thermal reading after burn-in: 41.0 c — all good.,C2040,THERMAL,PASS
LOG01572,B3732 VDD_12V rail: 11.40 V.,B3732,POWER_RAIL_12V,PASS
LOG01573,"Checked resistance check EN_LINE on board C1157, 2.38Ohm, per ECO-114.",C1157,CONTINUITY,PASS
LOG01574,Unit A 7427: cont check EN_LINE reading 0.91Ohm (looks good).,A7427,CONTINUITY,PASS
LOG01575,unit D3669 scope reading CH4: 3.85 Vpp.,D3669,SIGNAL_INTEGRITY,FAIL
LOG01576,"Checked VDD_12V rail on A4991, 11.40V, customer return unit.",A4991,POWER_RAIL_12V,FAIL
LOG01577,C0944 resistance check J4: 2.44 Ohm.,C0944,CONTINUITY,PASS
LOG01578,"Checked thermal soak reading on unit C7119, 37.8C, passes.",C7119,THERMAL,PASS
LOG01579,"A0395 - cont check RESET 3.29Ohm — good reading, line 2.",A0395,CONTINUITY,PASS
LOG01580,Unit unit B2948: CLK continuity reading 3.01Ohm.,B2948,CONTINUITY,PASS
LOG01581,Unit board A8958: 5V rail reading 5.10V.,A8958,POWER_RAIL_5V,PASS
LOG01582,"d2718 - vdd_12v rail 11.79v, per eco-114.",D2718,POWER_RAIL_12V,PASS
LOG01583,board B8682 thermal soak reading measured 6.1C.,B8682,THERMAL,FAIL
LOG01584,"board C3021 current draw at idle measured 88.57mA, checks out.",C3021,CURRENT_DRAW,PASS
LOG01585,"Checked eye height CH4 on A4501, 4.01Vpp, line 2.",A4501,SIGNAL_INTEGRITY,FAIL
LOG01586,A0328 3.3v power check measured 2.96V.,A0328,POWER_RAIL_3V3,FAIL
LOG01587,unit C0671 scope reading CH1 measured 3.05Vpp.,C0671,SIGNAL_INTEGRITY,PASS
LOG01588,"D 8857 - scope reading CH3 2.99Vpp, retest after rework.",D8857,SIGNAL_INTEGRITY,FAIL
LOG01589,"checked +5v supply on unit c6367, 5.18v, line 2.",C6367,POWER_RAIL_5V,PASS
LOG01590,"Checked cont check EN_LINE on board D0757, 1.80Ohm, per ECO-114.",D0757,CONTINUITY,PASS
LOG01591,unit board d5120: thermal reading after burn-in reading 49.7c.,D5120,THERMAL,FAIL
LOG01592,Unit B-7596: J7 continuity reading 7.92Ohm (no good).,B7596,CONTINUITY,FAIL
LOG01593,"unit b3155 - j12 continuity 7.20ohm, second attempt.",B3155,CONTINUITY,FAIL
LOG01594,C 1837 eye height CH2 measured 3.18Vpp — looks good.,C1837,SIGNAL_INTEGRITY,PASS
LOG01595,board a9587 scope reading ch2 measured 2.97vpp.,A9587,SIGNAL_INTEGRITY,FAIL
LOG01596,Unit board D3498: VDD_5V rail reading 5.10V — within spec.,D3498,POWER_RAIL_5V,PASS
LOG01597,"D-6882 VDD_5V rail: 4.72 V, doesn't look right.",D6882,POWER_RAIL_5V,FAIL
LOG01598,C 6759 5v power check: 5.06 V — all good.,C6759,POWER_RAIL_5V,PASS
LOG01599,"Checked 12v power check on board D6681, 12.89V (fails).",D6681,POWER_RAIL_12V,FAIL
LOG01600,A3526 eye height CH4 measured 2.34Vpp.,A3526,SIGNAL_INTEGRITY,FAIL
LOG01601,board C0004 +5V supply measured 4.92V (within spec).,C0004,POWER_RAIL_5V,PASS
LOG01602,"checked cont check j4 on unit c8903, 0.94ohm — bad reading, per eco-114.",C8903,CONTINUITY,FAIL
LOG01603,A 7355 J4 continuity measured 0.47Ohm (passes).,A7355,CONTINUITY,PASS
LOG01604,unit B5181 board temp after 10min soak: 49.2 C — all good.,B5181,THERMAL,PASS
LOG01605,"Checked case temp on B9398, 32.9C, per ECO-114.",B9398,THERMAL,PASS
LOG01606,Unit board B9120: resistance check CLK reading 3.88Ohm — checks out.,B9120,CONTINUITY,PASS
LOG01607,"Unit A 9061: 3.3v power check reading 3.46V, no good.",A9061,POWER_RAIL_3V3,FAIL
LOG01608,"board A5989 - signal amplitude CH4 2.75Vpp, flagged for rework, per ECO-114.",A5989,SIGNAL_INTEGRITY,FAIL
LOG01609,"B 7938 - scope reading CH2 3.03Vpp, customer return unit.",B7938,SIGNAL_INTEGRITY,FAIL
LOG01610,D-8396 5v power check: 4.76 V.,D8396,POWER_RAIL_5V,PASS
LOG01611,"A-1009 - +5V supply 4.91V — nominal, shift B.",A1009,POWER_RAIL_5V,PASS
LOG01612,Unit unit B6054: 3v3 supply reading 3.60V.,B6054,POWER_RAIL_3V3,FAIL
LOG01613,"Checked cont check RESET on D-1834, 2.42Ohm, all good, after reflow.",D1834,CONTINUITY,PASS
LOG01614,Unit board B2373: thermal soak reading reading 10.1C.,B2373,THERMAL,PASS
LOG01615,"B 8563 idle current draw: 94.47 mA, within spec.",B8563,CURRENT_DRAW,PASS
LOG01616,Unit B8844: board temp after 10min soak reading 54.6C.,B8844,THERMAL,FAIL
LOG01617,"board C8274 - 5V rail 5.51V, second attempt.",C8274,POWER_RAIL_5V,FAIL
LOG01618,"A 1808 current draw at idle: 122.05 mA, passes.",A1808,CURRENT_DRAW,PASS
LOG01619,"C-6340 - case temp 64.2C — out of spec, unit was reworked yesterday.",C6340,THERMAL,FAIL
LOG01620,"A7512 3v3 supply measured 3.27V, good reading.",A7512,POWER_RAIL_3V3,PASS
LOG01621,"unit B2043 - resistance check J12 5.46Ohm, after reflow.",B2043,CONTINUITY,FAIL
LOG01622,D3753 VDD_5V rail measured 5.08V.,D3753,POWER_RAIL_5V,PASS
LOG01623,"unit A0182 - 5v power check 5.44V — flagged for rework, shift B.",A0182,POWER_RAIL_5V,FAIL
LOG01624,Unit board A5419: board temp after 10min soak reading 30.8C.,A5419,THERMAL,PASS
LOG01625,D-4992 5V rail: 5.49 V.,D4992,POWER_RAIL_5V,FAIL
LOG01626,board a2551 scope reading ch4 measured 3.33vpp.,A2551,SIGNAL_INTEGRITY,PASS
LOG01627,"unit d8893 +3.3v rail: 2.84 v, flagged for rework.",D8893,POWER_RAIL_3V3,FAIL
LOG01628,"checked board temp after 10min soak on board b1773, 47.7c — reject, after reflow.",B1773,THERMAL,FAIL
LOG01629,"Checked thermal reading after burn-in on B-8270, 29.3C, retest after rework.",B8270,THERMAL,FAIL
LOG01630,"unit B6739 12V rail: 11.74 V, checks out.",B6739,POWER_RAIL_12V,PASS
LOG01631,"C-6148 - J4 continuity 0.94Ohm — nominal, retest after rework.",C6148,CONTINUITY,PASS
LOG01632,unit B6994 VDD_12V rail measured 12.13V — passes.,B6994,POWER_RAIL_12V,PASS
LOG01633,"Checked 3.3v power check on unit C5792, 3.42V, per ECO-114.",C5792,POWER_RAIL_3V3,PASS
LOG01634,board D9025 board temp after 10min soak: 61.0 C.,D9025,THERMAL,PASS
LOG01635,D 4982 +3.3V rail measured 3.88V — failed.,D4982,POWER_RAIL_3V3,FAIL
LOG01636,Unit unit D6608: cont check EN_LINE reading 1.25Ohm.,D6608,CONTINUITY,PASS
LOG01637,C 7574 VDD_5V rail: 4.70 V — doesn't look right.,C7574,POWER_RAIL_5V,FAIL
LOG01638,"unit d2537 - continuity on reset 6.54ohm, no good, unit was reworked yesterday.",D2537,CONTINUITY,FAIL
LOG01639,"board C9983 5V rail measured 5.03V, checks out.",C9983,POWER_RAIL_5V,PASS
LOG01640,board C3125 scope reading CH1: 3.92 Vpp — no good.,C3125,SIGNAL_INTEGRITY,FAIL
LOG01641,"Checked 3.3V rail on A 8316, 3.26V, second attempt.",A8316,POWER_RAIL_3V3,PASS
LOG01642,"B8932 - board temp after 10min soak 44.9C, retest after rework.",B8932,THERMAL,PASS
LOG01643,c-7982 12v rail measured 12.14v — nominal.,C7982,POWER_RAIL_12V,PASS
LOG01644,board B5611 12V rail measured 12.09V — checks out.,B5611,POWER_RAIL_12V,PASS
LOG01645,unit C9377 case temp measured 54.2C (doesn't look right).,C9377,THERMAL,FAIL
LOG01646,"checked 3v3 supply on d8591, 3.78v, failed, after reflow.",D8591,POWER_RAIL_3V3,FAIL
LOG01647,"Checked standby current on unit A4957, 86.09mA (good reading), per ECO-114.",A4957,CURRENT_DRAW,PASS
LOG01648,"Checked +12V supply on A5159, 11.96V, second attempt.",A5159,POWER_RAIL_12V,PASS
LOG01649,"checked vdd_5v rail on b-5569, 4.81v (fails).",B5569,POWER_RAIL_5V,FAIL
LOG01650,"A1804 - 5V rail 4.96V — checks out, customer return unit.",A1804,POWER_RAIL_5V,PASS
LOG01651,"Unit A-3140: 3v3 supply reading 3.31V, checks out.",A3140,POWER_RAIL_3V3,PASS
LOG01652,"checked thermal soak reading on b8357, 74.3c, doesn't look right, per eco-114.",B8357,THERMAL,FAIL
LOG01653,"B-4525 - 5v power check 5.66V, per ECO-114.",B4525,POWER_RAIL_5V,FAIL
LOG01654,B 4093 continuity on J7: 3.32 Ohm.,B4093,CONTINUITY,PASS
LOG01655,"Checked VDD_12V rail on D-7906, 11.82V — within spec, shift B.",D7906,POWER_RAIL_12V,PASS
LOG01656,"Unit unit D4501: +12V supply reading 12.23V, looks good.",D4501,POWER_RAIL_12V,PASS
LOG01657,A 4863 J4 continuity: 0.01 Ohm (fails).,A4863,CONTINUITY,FAIL
LOG01658,B4569 VDD_3V3 rail: 3.08 V.,B4569,POWER_RAIL_3V3,PASS
LOG01659,"Checked CH2 signal check on A-8110, 3.13Vpp, good reading, after reflow.",A8110,SIGNAL_INTEGRITY,PASS
LOG01660,"Unit A6944: resistance check CLK reading 0.00Ohm, checks out.",A6944,CONTINUITY,PASS
LOG01661,"Checked 3.3v power check on unit B4410, 3.63V, fails, unit was reworked yesterday.",B4410,POWER_RAIL_3V3,FAIL
LOG01662,unit d-7280: resistance check j12 reading 1.10ohm.,D7280,CONTINUITY,FAIL
LOG01663,"checked continuity on j7 on c 0281, 1.59ohm, unit was reworked yesterday.",C0281,CONTINUITY,PASS
LOG01664,"Checked scope reading CH4 on unit A2246, 3.33Vpp.",A2246,SIGNAL_INTEGRITY,PASS
LOG01665,A 8391 5V rail: 4.29 V (bad reading).,A8391,POWER_RAIL_5V,FAIL
LOG01666,unit c9151 cont check reset: 1.94 ohm — within spec.,C9151,CONTINUITY,PASS
LOG01667,"B-9199 - case temp 29.7C — out of spec, second attempt.",B9199,THERMAL,FAIL
LOG01668,unit D3162 eye height CH1: 3.40 Vpp.,D3162,SIGNAL_INTEGRITY,PASS
LOG01669,board C3019 VDD_3V3 rail measured 2.90V (reject).,C3019,POWER_RAIL_3V3,FAIL
LOG01670,Unit D-1842: 3.3V rail reading 3.56V (fails).,D1842,POWER_RAIL_3V3,FAIL
LOG01671,Unit B3630: current draw at idle reading 104.69mA — nominal.,B3630,CURRENT_DRAW,PASS
LOG01672,"Checked 5v power check on C7867, 4.89V, no good, per ECO-114.",C7867,POWER_RAIL_5V,FAIL
LOG01673,"Checked VDD_5V rail on C-5268, 4.70V — bad reading, customer return unit.",C5268,POWER_RAIL_5V,FAIL
LOG01674,"board A1384 - 12V rail 10.73V, failed, retest after rework.",A1384,POWER_RAIL_12V,FAIL
LOG01675,C-6896 current draw at idle: 82.01 mA.,C6896,CURRENT_DRAW,PASS
LOG01676,"Checked case temp on A-5416, 39.0C — good reading, after reflow.",A5416,THERMAL,PASS
LOG01677,"D-0382 - CH3 signal check 3.59Vpp, shift B.",D0382,SIGNAL_INTEGRITY,PASS
LOG01678,"A-8860 resistance check EN_LINE measured 2.69Ohm, nominal.",A8860,CONTINUITY,PASS
LOG01679,Unit board A0360: continuity on CLK reading 7.87Ohm — no good.,A0360,CONTINUITY,FAIL
LOG01680,D-9687 3.3V rail measured 3.24V — OK.,D9687,POWER_RAIL_3V3,PASS
LOG01681,"board B4110 - 3.3V rail 2.69V (reject), retest after rework.",B4110,POWER_RAIL_3V3,FAIL
LOG01682,unit A5372 case temp: 12.7 C.,A5372,THERMAL,PASS
LOG01683,"A 9415 - resistance check CLK 0.05Ohm, bad reading, line 2.",A9415,CONTINUITY,FAIL
LOG01684,"unit D0599 - eye height CH3 3.36Vpp, shift B.",D0599,SIGNAL_INTEGRITY,PASS
LOG01685,D 5510 5v power check measured 4.98V — looks good.,D5510,POWER_RAIL_5V,PASS
LOG01686,Unit C7133: resistance check RESET reading 6.45Ohm.,C7133,CONTINUITY,PASS
LOG01687,b 8331 current draw at idle measured 125.64ma (failed).,B8331,CURRENT_DRAW,FAIL
LOG01688,unit C1234 5v power check: 4.90 V (OK).,C1234,POWER_RAIL_5V,PASS
LOG01689,board A3073 5v power check: 4.80 V.,A3073,POWER_RAIL_5V,FAIL
LOG01690,Unit board D4082: VDD_3V3 rail reading 3.96V (no good).,D4082,POWER_RAIL_3V3,FAIL
LOG01691,"checked board temp after 10min soak on a-7643, 69.3c, second attempt.",A7643,THERMAL,FAIL
LOG01692,D-7780 VDD_12V rail measured 11.63V.,D7780,POWER_RAIL_12V,FAIL
LOG01693,"C5114 - resistance check J7 5.82Ohm (out of spec), line 2.",C5114,CONTINUITY,FAIL
LOG01694,Unit B 6149: scope reading CH1 reading 3.35Vpp.,B6149,SIGNAL_INTEGRITY,PASS
LOG01695,"Checked idle current draw on A0705, 68.15mA, retest after rework.",A0705,CURRENT_DRAW,FAIL
LOG01696,"board A2406 board temp after 10min soak: 49.0 C, doesn't look right.",A2406,THERMAL,FAIL
LOG01697,"Checked VDD_5V rail on board C5507, 5.05V, unit was reworked yesterday.",C5507,POWER_RAIL_5V,PASS
LOG01698,Unit A-7255: scope reading CH3 reading 3.56Vpp.,A7255,SIGNAL_INTEGRITY,FAIL
LOG01699,a3219 en_line continuity measured 6.87ohm (reject).,A3219,CONTINUITY,FAIL
LOG01700,"checked current draw at idle on d 6286, 28.37ma (checks out), second attempt.",D6286,CURRENT_DRAW,PASS
LOG01701,"b 8265 - current draw at idle 17.78ma, unit was reworked yesterday.",B8265,CURRENT_DRAW,FAIL
LOG01702,"unit B5983 - idle current draw 146.17mA — checks out, retest after rework.",B5983,CURRENT_DRAW,PASS
LOG01703,unit board a5256: 3v3 supply reading 3.39v (passes).,A5256,POWER_RAIL_3V3,PASS
LOG01704,C-8161 CH2 signal check: 3.18 Vpp — looks good.,C8161,SIGNAL_INTEGRITY,PASS
LOG01705,unit C6471 +3.3V rail measured 3.41V — checks out.,C6471,POWER_RAIL_3V3,PASS
LOG01706,unit B7496 3.3V rail: 2.72 V.,B7496,POWER_RAIL_3V3,FAIL
LOG01707,"Checked thermal reading after burn-in on board B0455, 48.7C, passes, unit was reworked yesterday.",B0455,THERMAL,PASS
LOG01708,D0818 continuity on RESET: 1.32 Ohm — checks out.,D0818,CONTINUITY,PASS
LOG01709,"Checked standby current on unit D7019, 207.95mA — reject, customer return unit.",D7019,CURRENT_DRAW,FAIL
LOG01710,"B 5053 - quiescent current 83.93mA, passes, line 2.",B5053,CURRENT_DRAW,PASS
LOG01711,"Checked idle current draw on D 6555, 122.74mA (bad reading), unit was reworked yesterday.",D6555,CURRENT_DRAW,FAIL
LOG01712,Unit unit A4129: cont check RESET reading 3.22Ohm.,A4129,CONTINUITY,PASS
LOG01713,"unit D5862 - cont check CLK 5.00Ohm, checks out.",D5862,CONTINUITY,PASS
LOG01714,Unit C 3264: thermal soak reading reading 49.6C.,C3264,THERMAL,PASS
LOG01715,D 9768 +5V supply measured 4.93V (good reading).,D9768,POWER_RAIL_5V,PASS
LOG01716,Unit unit B8706: resistance check EN_LINE reading 6.49Ohm.,B8706,CONTINUITY,FAIL
LOG01717,"Checked continuity on J12 on board A7206, 1.84Ohm (looks good), line 2.",A7206,CONTINUITY,PASS
LOG01718,unit c7552 current draw at idle measured 194.91ma.,C7552,CURRENT_DRAW,FAIL
LOG01719,"Checked eye height CH4 on C8085, 3.25Vpp, OK, per ECO-114.",C8085,SIGNAL_INTEGRITY,PASS
LOG01720,board D9457 continuity on J7: 7.50 Ohm — doesn't look right.,D9457,CONTINUITY,FAIL
LOG01721,"checked signal amplitude ch3 on unit b5997, 3.28vpp (good reading), per eco-114.",B5997,SIGNAL_INTEGRITY,PASS
LOG01722,Unit B6929: 5V rail reading 5.25V.,B6929,POWER_RAIL_5V,PASS
LOG01723,unit A4976 3.3v power check: 3.30 V.,A4976,POWER_RAIL_3V3,PASS
LOG01724,unit C6166 +3.3V rail: 3.05 V.,C6166,POWER_RAIL_3V3,FAIL
LOG01725,unit D8340 CLK continuity measured 4.03Ohm (out of spec).,D8340,CONTINUITY,FAIL
LOG01726,D9895 12V rail measured 12.83V (looks good).,D9895,POWER_RAIL_12V,PASS
LOG01727,"Checked VDD_5V rail on unit A9762, 4.97V — looks good, per ECO-114.",A9762,POWER_RAIL_5V,PASS
LOG01728,B0469 current draw at idle measured 117.38mA.,B0469,CURRENT_DRAW,PASS
LOG01729,c0480 5v power check measured 5.14v (flagged for rework).,C0480,POWER_RAIL_5V,FAIL
LOG01730,"A-3331 eye height CH4 measured 3.18Vpp, nominal.",A3331,SIGNAL_INTEGRITY,PASS
LOG01731,"Checked 12v power check on unit D4820, 10.83V — failed, unit was reworked yesterday.",D4820,POWER_RAIL_12V,FAIL
LOG01732,unit a-3766: 3.3v power check reading 3.28v — nominal.,A3766,POWER_RAIL_3V3,PASS
LOG01733,board A3531 thermal reading after burn-in measured 65.3C.,A3531,THERMAL,FAIL
LOG01734,"Checked 5V rail on unit C2630, 5.62V, unit was reworked yesterday.",C2630,POWER_RAIL_5V,FAIL
LOG01735,Unit B-8460: 3.3V rail reading 3.46V.,B8460,POWER_RAIL_3V3,PASS
LOG01736,unit A6895 3.3v power check: 3.50 V.,A6895,POWER_RAIL_3V3,FAIL
LOG01737,"B 2562 3.3V rail: 3.17 V, bad reading.",B2562,POWER_RAIL_3V3,FAIL
LOG01738,C-2907 VDD_5V rail: 5.67 V — flagged for rework.,C2907,POWER_RAIL_5V,FAIL
LOG01739,"B2961 standby current measured 187.33mA, out of spec.",B2961,CURRENT_DRAW,FAIL
LOG01740,"checked eye height ch1 on b 5514, 2.49vpp, shift b.",B5514,SIGNAL_INTEGRITY,FAIL
LOG01741,"Unit unit B0967: 12v power check reading 12.36V, fails.",B0967,POWER_RAIL_12V,FAIL
LOG01742,"board A6948 - +12V supply 11.43V, second attempt.",A6948,POWER_RAIL_12V,FAIL
LOG01743,Unit D-7958: 12v power check reading 12.30V (fails).,D7958,POWER_RAIL_12V,FAIL
LOG01744,"unit A9193 +12V supply: 12.66 V, passes.",A9193,POWER_RAIL_12V,PASS
LOG01745,"Checked CH4 signal check on A 7012, 3.17Vpp.",A7012,SIGNAL_INTEGRITY,PASS
LOG01746,D 2375 5V rail: 5.21 V (flagged for rework).,D2375,POWER_RAIL_5V,FAIL
LOG01747,unit D2826 +5V supply: 4.96 V — OK.,D2826,POWER_RAIL_5V,PASS
LOG01748,"D-9387 - +12V supply 11.89V, OK, after reflow.",D9387,POWER_RAIL_12V,PASS
LOG01749,"b 3163 - resistance check clk 2.47ohm, line 2.",B3163,CONTINUITY,PASS
LOG01750,Unit unit B6109: 3.3V rail reading 3.20V (reject).,B6109,POWER_RAIL_3V3,FAIL
LOG01751,unit C3488 RESET continuity: 3.01 Ohm (nominal).,C3488,CONTINUITY,PASS
LOG01752,"Checked 3.3v power check on B-4570, 3.15V — failed, shift B.",B4570,POWER_RAIL_3V3,FAIL
LOG01753,B 9461 scope reading CH4: 3.67 Vpp — flagged for rework.,B9461,SIGNAL_INTEGRITY,FAIL
LOG01754,board B4797 board temp after 10min soak: 3.3 C — flagged for rework.,B4797,THERMAL,FAIL
LOG01755,D 0066 VDD_3V3 rail measured 3.28V (all good).,D0066,POWER_RAIL_3V3,PASS
LOG01756,board A5776 12v power check measured 11.80V (looks good).,A5776,POWER_RAIL_12V,PASS
LOG01757,B-1534 5v power check: 5.18 V — looks good.,B1534,POWER_RAIL_5V,PASS
LOG01758,"B 0253 12v power check: 11.70 V, nominal.",B0253,POWER_RAIL_12V,PASS
LOG01759,"Checked 12v power check on C5174, 11.87V — checks out, customer return unit.",C5174,POWER_RAIL_12V,PASS
LOG01760,B 9642 12V rail measured 12.60V.,B9642,POWER_RAIL_12V,FAIL
LOG01761,board B4828 scope reading CH3 measured 2.58Vpp (passes).,B4828,SIGNAL_INTEGRITY,PASS
LOG01762,"Checked board temp after 10min soak on C-3941, 75.4C, line 2.",C3941,THERMAL,FAIL
LOG01763,board B2107 VDD_12V rail: 13.25 V.,B2107,POWER_RAIL_12V,FAIL
LOG01764,Unit board A7885: 12V rail reading 11.54V (no good).,A7885,POWER_RAIL_12V,FAIL
LOG01765,board C5397 +5V supply measured 4.94V — OK.,C5397,POWER_RAIL_5V,PASS
LOG01766,"unit C2929 - thermal soak reading 26.5C, line 2.",C2929,THERMAL,FAIL
LOG01767,"board d1207 vdd_12v rail: 12.85 v, failed.",D1207,POWER_RAIL_12V,FAIL
LOG01768,"Checked 5V rail on board A3440, 4.93V, customer return unit.",A3440,POWER_RAIL_5V,PASS
LOG01769,"a1284 - quiescent current 50.00ma, per eco-114.",A1284,CURRENT_DRAW,FAIL
LOG01770,"Checked VDD_12V rail on D 1116, 11.92V (good reading), after reflow.",D1116,POWER_RAIL_12V,PASS
LOG01771,D-8237 3.3V rail measured 3.16V (failed).,D8237,POWER_RAIL_3V3,FAIL
LOG01772,D 8952 +12V supply: 12.37 V (reject).,D8952,POWER_RAIL_12V,FAIL
LOG01773,A5607 signal amplitude CH3: 2.81 Vpp.,A5607,SIGNAL_INTEGRITY,PASS
LOG01774,A2737 eye height CH1: 3.03 Vpp.,A2737,SIGNAL_INTEGRITY,FAIL
LOG01775,"board A1634 - VDD_3V3 rail 3.46V, fails, unit was reworked yesterday.",A1634,POWER_RAIL_3V3,FAIL
LOG01776,D8215 VDD_12V rail: 13.16 V — flagged for rework.,D8215,POWER_RAIL_12V,FAIL
LOG01777,Unit A-2236: resistance check CLK reading 5.40Ohm.,A2236,CONTINUITY,FAIL
LOG01778,Unit A 5572: eye height CH1 reading 3.60Vpp.,A5572,SIGNAL_INTEGRITY,FAIL
LOG01779,"A 1594 RESET continuity measured 2.54Ohm, good reading.",A1594,CONTINUITY,PASS
LOG01780,"Unit C-8049: quiescent current reading 138.52mA, failed.",C8049,CURRENT_DRAW,FAIL
LOG01781,unit board b3959: +5v supply reading 5.22v.,B3959,POWER_RAIL_5V,PASS
LOG01782,"Checked quiescent current on D-1901, 90.11mA — good reading, unit was reworked yesterday.",D1901,CURRENT_DRAW,PASS
LOG01783,"Checked 12V rail on A6858, 12.44V, doesn't look right, customer return unit.",A6858,POWER_RAIL_12V,FAIL
LOG01784,"Checked thermal soak reading on board C0691, 32.2C, second attempt.",C0691,THERMAL,PASS
LOG01785,"checked thermal reading after burn-in on a 8309, 46.0c, no good, line 2.",A8309,THERMAL,FAIL
LOG01786,unit A9544 3.3V rail: 3.33 V.,A9544,POWER_RAIL_3V3,PASS
LOG01787,a 0372 board temp after 10min soak measured 74.5c — no good.,A0372,THERMAL,FAIL
LOG01788,"Checked VDD_12V rail on board B6891, 12.58V, unit was reworked yesterday.",B6891,POWER_RAIL_12V,FAIL
LOG01789,C-7466 resistance check RESET measured 7.87Ohm (bad reading).,C7466,CONTINUITY,FAIL
LOG01790,Unit board B5673: +3.3V rail reading 3.28V.,B5673,POWER_RAIL_3V3,PASS
LOG01791,"C-7593 +12V supply: 12.43 V, looks good.",C7593,POWER_RAIL_12V,PASS
LOG01792,Unit A-0259: thermal soak reading reading 75.5C (reject).,A0259,THERMAL,FAIL
LOG01793,c1576 vdd_3v3 rail: 3.17 v.,C1576,POWER_RAIL_3V3,PASS
LOG01794,"unit B0695 eye height CH3 measured 3.33Vpp, good reading.",B0695,SIGNAL_INTEGRITY,PASS
LOG01795,A-0652 5V rail measured 5.55V.,A0652,POWER_RAIL_5V,FAIL
LOG01796,"D3648 - quiescent current 182.38mA, after reflow.",D3648,CURRENT_DRAW,FAIL
LOG01797,board A9191 - +5V supply 4.84V.,A9191,POWER_RAIL_5V,PASS
LOG01798,"board A2334 - VDD_5V rail 5.67V (doesn't look right), unit was reworked yesterday.",A2334,POWER_RAIL_5V,FAIL
LOG01799,c-8468 quiescent current: 146.02 ma.,C8468,CURRENT_DRAW,FAIL
LOG01800,"D-8797 - 5V rail 5.57V, second attempt.",D8797,POWER_RAIL_5V,FAIL
LOG01801,"Checked board temp after 10min soak on D-7446, 14.0C, good reading, after reflow.",D7446,THERMAL,PASS
LOG01802,B4219 CH4 signal check measured 3.60Vpp — no good.,B4219,SIGNAL_INTEGRITY,FAIL
LOG01803,B3246 case temp: 32.7 C.,B3246,THERMAL,PASS
LOG01804,board c3167 3.3v rail: 3.93 v.,C3167,POWER_RAIL_3V3,FAIL
LOG01805,"checked 3.3v power check on unit d9443, 2.84v, reject, second attempt.",D9443,POWER_RAIL_3V3,FAIL
LOG01806,unit A2431 standby current: 125.09 mA.,A2431,CURRENT_DRAW,PASS
LOG01807,board A7426 case temp: 8.8 C — doesn't look right.,A7426,THERMAL,FAIL
LOG01808,"B-4745 12v power check measured 12.20V, good reading.",B4745,POWER_RAIL_12V,PASS
LOG01809,A1177 VDD_5V rail: 5.00 V.,A1177,POWER_RAIL_5V,PASS
LOG01810,Unit board D2013: VDD_12V rail reading 13.14V.,D2013,POWER_RAIL_12V,FAIL
LOG01811,board B6003 VDD_5V rail: 5.56 V.,B6003,POWER_RAIL_5V,FAIL
LOG01812,Unit A7479: thermal soak reading reading 66.9C.,A7479,THERMAL,FAIL
LOG01813,Unit B-9620: VDD_3V3 rail reading 3.50V.,B9620,POWER_RAIL_3V3,FAIL
LOG01814,"Checked idle current draw on A9296, 31.74mA, after reflow.",A9296,CURRENT_DRAW,PASS
LOG01815,Unit C-8323: +3.3V rail reading 3.26V (good reading).,C8323,POWER_RAIL_3V3,PASS
LOG01816,unit D3444 5v power check measured 4.96V.,D3444,POWER_RAIL_5V,PASS
LOG01817,"Checked idle current draw on B 1032, 118.27mA, shift B.",B1032,CURRENT_DRAW,PASS
LOG01818,Unit board C6238: eye height CH2 reading 3.35Vpp.,C6238,SIGNAL_INTEGRITY,PASS
LOG01819,"B 2036 signal amplitude CH1 measured 2.53Vpp, reject.",B2036,SIGNAL_INTEGRITY,FAIL
LOG01820,"unit b2314 - case temp 30.2c — bad reading, customer return unit.",B2314,THERMAL,FAIL
LOG01821,"A 8654 - resistance check J7 6.99Ohm (doesn't look right), shift B.",A8654,CONTINUITY,FAIL
LOG01822,"Checked thermal soak reading on B-1343, 44.3C — checks out, customer return unit.",B1343,THERMAL,PASS
LOG01823,"Checked quiescent current on board B0751, 80.38mA, line 2.",B0751,CURRENT_DRAW,PASS
LOG01824,"Checked eye height CH4 on D-5210, 3.03Vpp, line 2.",D5210,SIGNAL_INTEGRITY,PASS
LOG01825,B-7605 5v power check measured 5.04V — all good.,B7605,POWER_RAIL_5V,PASS
LOG01826,"unit B9038 - +5V supply 4.98V, OK, customer return unit.",B9038,POWER_RAIL_5V,PASS
LOG01827,unit A4829 current draw at idle: 103.47 mA.,A4829,CURRENT_DRAW,PASS
LOG01828,"board a4792 - standby current 14.44ma — fails, unit was reworked yesterday.",A4792,CURRENT_DRAW,FAIL
LOG01829,Unit board C9703: 5v power check reading 4.61V — bad reading.,C9703,POWER_RAIL_5V,FAIL
LOG01830,Unit C8405: VDD_5V rail reading 5.07V — all good.,C8405,POWER_RAIL_5V,PASS
LOG01831,"board C4742 - VDD_12V rail 13.16V — no good, per ECO-114.",C4742,POWER_RAIL_12V,FAIL
LOG01832,"A7745 continuity on CLK: 6.27 Ohm, fails.",A7745,CONTINUITY,FAIL
LOG01833,"D-1750 current draw at idle measured 50.07mA, passes.",D1750,CURRENT_DRAW,PASS
LOG01834,"A-0160 cont check J12: 3.60 Ohm, passes.",A0160,CONTINUITY,PASS
LOG01835,"board c8223 - thermal soak reading 37.1c, shift b.",C8223,THERMAL,PASS
LOG01836,unit A4817 continuity on J12: 4.15 Ohm (no good).,A4817,CONTINUITY,FAIL
LOG01837,Unit D 2284: resistance check EN_LINE reading 7.88Ohm (out of spec).,D2284,CONTINUITY,FAIL
LOG01838,Unit unit D6271: thermal soak reading reading 67.1C (doesn't look right).,D6271,THERMAL,FAIL
LOG01839,Unit unit B6131: 3.3V rail reading 3.58V — failed.,B6131,POWER_RAIL_3V3,FAIL
LOG01840,"unit C7916 +3.3V rail measured 3.38V, looks good.",C7916,POWER_RAIL_3V3,PASS
LOG01841,"D5893 - 5V rail 4.63V (fails), retest after rework.",D5893,POWER_RAIL_5V,FAIL
LOG01842,board D8271 5V rail measured 4.29V.,D8271,POWER_RAIL_5V,FAIL
LOG01843,"B-4661 - VDD_3V3 rail 3.33V, retest after rework.",B4661,POWER_RAIL_3V3,PASS
LOG01844,unit D7261 board temp after 10min soak measured 45.9C (no good).,D7261,THERMAL,FAIL
LOG01845,B 8921 - scope reading CH2 3.13Vpp (within spec).,B8921,SIGNAL_INTEGRITY,PASS
LOG01846,"Checked +3.3V rail on unit C1975, 3.38V, per ECO-114.",C1975,POWER_RAIL_3V3,PASS
LOG01847,A9625 VDD_12V rail measured 11.05V — flagged for rework.,A9625,POWER_RAIL_12V,FAIL
LOG01848,"d 9021 - scope reading ch3 2.57vpp (nominal), line 2.",D9021,SIGNAL_INTEGRITY,PASS
LOG01849,unit d3259 current draw at idle: 70.39 ma.,D3259,CURRENT_DRAW,FAIL
LOG01850,Unit B 6236: VDD_3V3 rail reading 3.26V — nominal.,B6236,POWER_RAIL_3V3,PASS
LOG01851,"unit A9067 case temp: 44.4 C, all good.",A9067,THERMAL,PASS
LOG01852,"checked cont check j7 on unit d2874, 8.00ohm, out of spec, per eco-114.",D2874,CONTINUITY,FAIL
LOG01853,"Checked 5v power check on D 5188, 5.18V (bad reading), unit was reworked yesterday.",D5188,POWER_RAIL_5V,FAIL
LOG01854,"Checked eye height CH1 on B3421, 4.05Vpp, retest after rework.",B3421,SIGNAL_INTEGRITY,FAIL
LOG01855,A8086 +3.3V rail measured 3.34V (passes).,A8086,POWER_RAIL_3V3,PASS
LOG01856,Unit A 2224: eye height CH1 reading 3.28Vpp.,A2224,SIGNAL_INTEGRITY,PASS
LOG01857,"board A4118 - +5V supply 5.67V, per ECO-114.",A4118,POWER_RAIL_5V,FAIL
LOG01858,d8641 ch3 signal check: 3.11 vpp — checks out.,D8641,SIGNAL_INTEGRITY,PASS
LOG01859,Unit C 6577: scope reading CH1 reading 3.30Vpp.,C6577,SIGNAL_INTEGRITY,PASS
LOG01860,board C3940 +3.3V rail measured 3.26V.,C3940,POWER_RAIL_3V3,PASS
LOG01861,"Checked cont check J7 on D5472, 5.39Ohm (all good), shift B.",D5472,CONTINUITY,PASS
LOG01862,"A-3372 - board temp after 10min soak 39.6C, within spec, customer return unit.",A3372,THERMAL,PASS
LOG01863,Unit unit C4112: VDD_5V rail reading 5.22V — looks good.,C4112,POWER_RAIL_5V,PASS
LOG01864,"unit B4130 - +5V supply 5.25V, per ECO-114.",B4130,POWER_RAIL_5V,FAIL
LOG01865,"Checked VDD_5V rail on D 1617, 5.72V (no good), unit was reworked yesterday.",D1617,POWER_RAIL_5V,FAIL
LOG01866,unit a 6985: 12v rail reading 12.18v (passes).,A6985,POWER_RAIL_12V,PASS
LOG01867,A 1655 VDD_5V rail: 5.17 V.,A1655,POWER_RAIL_5V,PASS
LOG01868,board C6898 CH3 signal check measured 3.98Vpp.,C6898,SIGNAL_INTEGRITY,FAIL
LOG01869,unit board a6923: 12v rail reading 11.40v.,A6923,POWER_RAIL_12V,FAIL
LOG01870,"unit C5706 - CH4 signal check 2.93Vpp (passes), customer return unit.",C5706,SIGNAL_INTEGRITY,PASS
LOG01871,unit board b7297: 3v3 supply reading 2.93v.,B7297,POWER_RAIL_3V3,FAIL
LOG01872,D8269 5v power check: 5.06 V.,D8269,POWER_RAIL_5V,PASS
LOG01873,"Checked 12V rail on D 0863, 12.08V (passes), per ECO-114.",D0863,POWER_RAIL_12V,PASS
LOG01874,"Checked signal amplitude CH4 on A3439, 2.67Vpp — within spec, per ECO-114.",A3439,SIGNAL_INTEGRITY,PASS
LOG01875,a 2078 continuity on j12: 4.51 ohm (looks good).,A2078,CONTINUITY,PASS
LOG01876,D-4205 5v power check measured 5.10V.,D4205,POWER_RAIL_5V,PASS
LOG01877,"board C1523 - resistance check RESET 7.87Ohm, after reflow.",C1523,CONTINUITY,FAIL
LOG01878,"checked 12v power check on unit c0251, 11.86v, line 2.",C0251,POWER_RAIL_12V,PASS
LOG01879,Unit B6403: board temp after 10min soak reading 39.9C.,B6403,THERMAL,PASS
LOG01880,"Checked standby current on B1696, 72.29mA (all good), per ECO-114.",B1696,CURRENT_DRAW,PASS
LOG01881,A9721 12v power check: 10.80 V.,A9721,POWER_RAIL_12V,FAIL
LOG01882,"c 3888 - 5v rail 4.60v, retest after rework.",C3888,POWER_RAIL_5V,FAIL
LOG01883,"C6591 - +12V supply 12.33V, customer return unit.",C6591,POWER_RAIL_12V,PASS
LOG01884,Unit board D9574: J4 continuity reading 3.80Ohm.,D9574,CONTINUITY,FAIL
LOG01885,board D2828 J12 continuity measured 0.41Ohm — doesn't look right.,D2828,CONTINUITY,FAIL
LOG01886,board B0783 thermal soak reading measured 58.6C.,B0783,THERMAL,FAIL
LOG01887,"unit B7073 - +5V supply 4.95V, shift B.",B7073,POWER_RAIL_5V,PASS
LOG01888,D9115 thermal reading after burn-in: 40.6 C (all good).,D9115,THERMAL,PASS
LOG01889,board C5279 3.3V rail: 3.85 V (flagged for rework).,C5279,POWER_RAIL_3V3,FAIL
LOG01890,Unit unit D6581: 5v power check reading 5.59V — fails.,D6581,POWER_RAIL_5V,FAIL
LOG01891,"Checked thermal reading after burn-in on B 3174, 36.6C, after reflow.",B3174,THERMAL,PASS
LOG01892,Unit C 3596: case temp reading 57.7C (looks good).,C3596,THERMAL,PASS
LOG01893,board A8091 thermal soak reading: 34.6 C.,A8091,THERMAL,PASS
LOG01894,unit d-5501: signal amplitude ch3 reading 3.13vpp.,D5501,SIGNAL_INTEGRITY,PASS
LOG01895,"Checked continuity on J12 on C 9863, 5.83Ohm, retest after rework.",C9863,CONTINUITY,PASS
LOG01896,"D 8879 - 5v power check 4.60V, shift B.",D8879,POWER_RAIL_5V,PASS
LOG01897,"unit a0361 idle current draw: 23.53 ma, fails.",A0361,CURRENT_DRAW,FAIL
LOG01898,a9086 ch3 signal check: 3.10 vpp.,A9086,SIGNAL_INTEGRITY,PASS
LOG01899,A 6707 resistance check J12 measured 7.04Ohm — failed.,A6707,CONTINUITY,FAIL
LOG01900,unit d-2127: 12v power check reading 11.68v (checks out).,D2127,POWER_RAIL_12V,PASS
LOG01901,Unit C 3218: 12V rail reading 11.34V.,C3218,POWER_RAIL_12V,FAIL
LOG01902,"Unit A 4087: quiescent current reading 132.96mA, nominal.",A4087,CURRENT_DRAW,PASS
LOG01903,"Checked J12 continuity on A 7631, 5.44Ohm, OK.",A7631,CONTINUITY,PASS
LOG01904,A-7830 quiescent current: 150.00 mA.,A7830,CURRENT_DRAW,PASS
LOG01905,Unit unit D2331: case temp reading 44.1C — OK.,D2331,THERMAL,PASS
LOG01906,"Checked +3.3V rail on board A9066, 3.31V — OK.",A9066,POWER_RAIL_3V3,PASS
LOG01907,B9872 3.3V rail measured 3.94V — reject.,B9872,POWER_RAIL_3V3,FAIL
LOG01908,Unit A 6358: 12V rail reading 11.91V (checks out).,A6358,POWER_RAIL_12V,PASS
LOG01909,a2146 5v rail: 5.01 v.,A2146,POWER_RAIL_5V,PASS
LOG01910,D-5355 3.3v power check measured 3.28V.,D5355,POWER_RAIL_3V3,PASS
LOG01911,unit a-0194: 5v power check reading 4.98v.,A0194,POWER_RAIL_5V,PASS
LOG01912,"Unit D 8173: 3.3v power check reading 3.86V, bad reading.",D8173,POWER_RAIL_3V3,FAIL
LOG01913,"Checked VDD_12V rail on C-4363, 13.06V, line 2.",C4363,POWER_RAIL_12V,FAIL
LOG01914,"Checked current draw at idle on unit D6232, 91.73mA, customer return unit.",D6232,CURRENT_DRAW,PASS
LOG01915,b 7041 j7 continuity measured 3.25ohm (nominal).,B7041,CONTINUITY,PASS
LOG01916,"Checked resistance check RESET on A0295, 3.18Ohm.",A0295,CONTINUITY,PASS
LOG01917,"Checked CH1 signal check on C-3189, 2.45Vpp, customer return unit.",C3189,SIGNAL_INTEGRITY,FAIL
LOG01918,"Checked quiescent current on board B4286, -7.15mA — no good, second attempt.",B4286,CURRENT_DRAW,FAIL
LOG01919,"checked 3.3v rail on board a4414, 3.26v — within spec.",A4414,POWER_RAIL_3V3,PASS
LOG01920,board D8027 12v power check: 12.98 V.,D8027,POWER_RAIL_12V,FAIL
LOG01921,Unit unit A7969: CH2 signal check reading 3.13Vpp — checks out.,A7969,SIGNAL_INTEGRITY,PASS
LOG01922,D-6837 3.3v power check measured 3.89V.,D6837,POWER_RAIL_3V3,FAIL
LOG01923,unit a 8624: 3v3 supply reading 3.20v.,A8624,POWER_RAIL_3V3,FAIL
LOG01924,Unit C 8296: 12v power check reading 13.07V.,C8296,POWER_RAIL_12V,FAIL
LOG01925,"Unit unit C7314: VDD_3V3 rail reading 3.39V, looks good.",C7314,POWER_RAIL_3V3,PASS
LOG01926,unit C9655 resistance check EN_LINE: 2.48 Ohm (checks out).,C9655,CONTINUITY,PASS
LOG01927,"B 8358 thermal soak reading: 2.3 C, out of spec.",B8358,THERMAL,FAIL
LOG01928,"B 0189 - continuity on EN_LINE 6.51Ohm, per ECO-114.",B0189,CONTINUITY,FAIL
LOG01929,d 4383 3v3 supply: 2.95 v.,D4383,POWER_RAIL_3V3,FAIL
LOG01930,unit C2577 board temp after 10min soak: 58.6 C — no good.,C2577,THERMAL,FAIL
LOG01931,"Checked 12V rail on unit D5704, 12.83V (doesn't look right), second attempt.",D5704,POWER_RAIL_12V,FAIL
LOG01932,"board a7439 - +12v supply 11.40v, flagged for rework, after reflow.",A7439,POWER_RAIL_12V,FAIL
LOG01933,"unit D3416 - VDD_12V rail 12.57V, shift B.",D3416,POWER_RAIL_12V,PASS
LOG01934,"B3127 - +3.3V rail 2.99V — fails, per ECO-114.",B3127,POWER_RAIL_3V3,FAIL
LOG01935,"Checked eye height CH4 on board C4194, 2.49Vpp — flagged for rework, shift B.",C4194,SIGNAL_INTEGRITY,FAIL
LOG01936,Unit unit C0795: CH2 signal check reading 3.01Vpp.,C0795,SIGNAL_INTEGRITY,FAIL
LOG01937,C 0722 thermal soak reading: 25.2 C.,C0722,THERMAL,PASS
LOG01938,"Unit unit C7998: EN_LINE continuity reading 2.60Ohm, looks good.",C7998,CONTINUITY,PASS
LOG01939,D 8588 12v power check measured 13.16V.,D8588,POWER_RAIL_12V,FAIL
LOG01940,D5715 VDD_3V3 rail measured 2.71V (failed).,D5715,POWER_RAIL_3V3,FAIL
LOG01941,board D7152 board temp after 10min soak measured 71.5C.,D7152,THERMAL,FAIL
LOG01942,"checked case temp on board c6788, 2.1c (flagged for rework).",C6788,THERMAL,FAIL
LOG01943,"Checked cont check J4 on A 6595, 6.94Ohm (failed).",A6595,CONTINUITY,FAIL
LOG01944,unit unit c3053: 3.3v power check reading 3.43v — all good.,C3053,POWER_RAIL_3V3,PASS
LOG01945,D8488 continuity on J12 measured 2.32Ohm.,D8488,CONTINUITY,PASS
LOG01946,board D0846 cont check CLK measured 3.33Ohm.,D0846,CONTINUITY,PASS
LOG01947,"Checked +12V supply on board C0786, 12.07V, per ECO-114.",C0786,POWER_RAIL_12V,PASS
LOG01948,"checked 5v power check on b-2441, 4.92v, customer return unit.",B2441,POWER_RAIL_5V,PASS
LOG01949,B-6948 +12V supply: 12.05 V.,B6948,POWER_RAIL_12V,PASS
LOG01950,"board A6660 - 5V rail 4.82V — fails, second attempt.",A6660,POWER_RAIL_5V,FAIL
LOG01951,Unit B 9109: board temp after 10min soak reading 3.1C — doesn't look right.,B9109,THERMAL,FAIL
LOG01952,B5256 case temp: 44.8 C.,B5256,THERMAL,PASS
LOG01953,"unit D4433 - resistance check J4 5.88Ohm, line 2.",D4433,CONTINUITY,PASS
LOG01954,unit D4218 VDD_12V rail measured 12.86V.,D4218,POWER_RAIL_12V,FAIL
LOG01955,"c 6918 - 12v rail 12.20v, retest after rework.",C6918,POWER_RAIL_12V,PASS
LOG01956,"C1262 - 3.3V rail 3.46V — nominal, shift B.",C1262,POWER_RAIL_3V3,PASS
LOG01957,unit C8052 eye height CH4: 3.10 Vpp.,C8052,SIGNAL_INTEGRITY,PASS
LOG01958,Unit C-2328: resistance check CLK reading 6.56Ohm (failed).,C2328,CONTINUITY,FAIL
LOG01959,Unit unit B6658: resistance check EN_LINE reading 7.35Ohm.,B6658,CONTINUITY,FAIL
LOG01960,Unit A 1672: CH4 signal check reading 2.85Vpp.,A1672,SIGNAL_INTEGRITY,PASS
LOG01961,unit A7970 scope reading CH4: 3.36 Vpp (passes).,A7970,SIGNAL_INTEGRITY,PASS
LOG01962,A3978 quiescent current measured 102.90mA.,A3978,CURRENT_DRAW,PASS
LOG01963,"unit a 4502: 12v rail reading 10.70v, reject.",A4502,POWER_RAIL_12V,FAIL
LOG01964,"board A2811 - 5V rail 5.30V — nominal, line 2.",A2811,POWER_RAIL_5V,PASS
LOG01965,"Checked thermal soak reading on C-3110, 8.8C, retest after rework.",C3110,THERMAL,FAIL
LOG01966,"Checked 5v power check on A 2333, 5.25V — within spec.",A2333,POWER_RAIL_5V,PASS
LOG01967,unit b0954 ch4 signal check: 3.04 vpp (looks good).,B0954,SIGNAL_INTEGRITY,PASS
LOG01968,Unit A-8987: 3.3v power check reading 3.69V.,A8987,POWER_RAIL_3V3,FAIL
LOG01969,Unit C-4617: case temp reading 43.3C — within spec.,C4617,THERMAL,PASS
LOG01970,"Checked signal amplitude CH2 on D-5149, 3.44Vpp — bad reading, per ECO-114.",D5149,SIGNAL_INTEGRITY,FAIL
LOG01971,Unit D-9514: cont check EN_LINE reading 5.82Ohm.,D9514,CONTINUITY,FAIL
LOG01972,"B 1605 VDD_5V rail measured 5.02V, OK.",B1605,POWER_RAIL_5V,PASS
LOG01973,"board D4257 - 3v3 supply 3.38V — checks out, second attempt.",D4257,POWER_RAIL_3V3,PASS
LOG01974,"Checked VDD_5V rail on D 2668, 5.46V, shift B.",D2668,POWER_RAIL_5V,FAIL
LOG01975,Unit D-4337: idle current draw reading 170.49mA — all good.,D4337,CURRENT_DRAW,PASS
LOG01976,a8993 standby current: 97.16 ma.,A8993,CURRENT_DRAW,PASS
LOG01977,"A 2953 - cont check CLK 7.25Ohm, bad reading.",A2953,CONTINUITY,FAIL
LOG01978,B-5516 +5V supply: 4.85 V.,B5516,POWER_RAIL_5V,PASS
LOG01979,a0484 idle current draw measured 204.83ma (failed).,A0484,CURRENT_DRAW,FAIL
LOG01980,unit B9354 cont check J4: 1.55 Ohm — passes.,B9354,CONTINUITY,PASS
LOG01981,C 0641 case temp: 67.6 C.,C0641,THERMAL,FAIL
LOG01982,"D-5562 - thermal reading after burn-in 44.4C, nominal.",D5562,THERMAL,PASS
LOG01983,"Checked 12V rail on D3762, 12.12V, after reflow.",D3762,POWER_RAIL_12V,PASS
LOG01984,C2780 resistance check J4 measured 6.82Ohm.,C2780,CONTINUITY,FAIL
LOG01985,"board C3467 - J12 continuity 6.12Ohm, flagged for rework, second attempt.",C3467,CONTINUITY,FAIL
LOG01986,unit D5144 +3.3V rail: 3.35 V — good reading.,D5144,POWER_RAIL_3V3,PASS
LOG01987,B6859 cont check J12 measured 7.54Ohm.,B6859,CONTINUITY,FAIL
LOG01988,"B-6653 - continuity on CLK 4.84Ohm (good reading), shift B.",B6653,CONTINUITY,PASS
LOG01989,board A0334 VDD_12V rail: 12.26 V.,A0334,POWER_RAIL_12V,PASS
LOG01990,C-9913 VDD_12V rail: 10.90 V.,C9913,POWER_RAIL_12V,FAIL
LOG01991,unit A9756 signal amplitude CH4: 3.24 Vpp.,A9756,SIGNAL_INTEGRITY,PASS
LOG01992,unit D3443 idle current draw measured 176.52mA.,D3443,CURRENT_DRAW,PASS
LOG01993,"Checked 3.3v power check on board D4305, 3.27V, shift B.",D4305,POWER_RAIL_3V3,PASS
LOG01994,"Checked cont check EN_LINE on board A7184, 6.01Ohm.",A7184,CONTINUITY,FAIL
LOG01995,"unit A6376 thermal reading after burn-in measured 23.6C, failed.",A6376,THERMAL,FAIL
LOG01996,B 6050 +5V supply: 4.90 V — good reading.,B6050,POWER_RAIL_5V,PASS
LOG01997,"Checked 12V rail on B-1431, 11.08V (doesn't look right), line 2.",B1431,POWER_RAIL_12V,FAIL
LOG01998,B-6344 5V rail measured 4.83V (failed).,B6344,POWER_RAIL_5V,FAIL
LOG01999,D 0937 resistance check RESET measured 6.02Ohm.,D0937,CONTINUITY,FAIL
LOG02000,a2533 continuity on en_line measured 4.49ohm — doesn't look right.,A2533,CONTINUITY,FAIL
LOG02001,Unit board C6596: scope reading CH2 reading 3.03Vpp.,C6596,SIGNAL_INTEGRITY,PASS
LOG02002,B 4625 board temp after 10min soak: 14.9 C.,B4625,THERMAL,FAIL
LOG02003,"A7856 - +12V supply 11.93V, second attempt.",A7856,POWER_RAIL_12V,PASS
LOG02004,"D-1345 - cont check CLK 1.74Ohm, per ECO-114.",D1345,CONTINUITY,PASS
LOG02005,"checked continuity on j12 on unit d2687, 5.00ohm — doesn't look right, second attempt.",D2687,CONTINUITY,FAIL
LOG02006,unit c7567: vdd_5v rail reading 5.46v.,C7567,POWER_RAIL_5V,FAIL
LOG02007,"D6538 - 12v power check 12.46V (reject), shift B.",D6538,POWER_RAIL_12V,FAIL
LOG02008,Unit D5883: 5V rail reading 4.85V.,D5883,POWER_RAIL_5V,FAIL
LOG02009,C3853 5v power check: 4.45 V.,C3853,POWER_RAIL_5V,FAIL
LOG02010,unit c8091 5v power check: 5.32 v.,C8091,POWER_RAIL_5V,FAIL
LOG02011,A-4084 signal amplitude CH2 measured 2.90Vpp.,A4084,SIGNAL_INTEGRITY,PASS
LOG02012,"Checked standby current on C2436, 200.72mA, shift B.",C2436,CURRENT_DRAW,FAIL
LOG02013,board d3046 quiescent current measured 107.70ma.,D3046,CURRENT_DRAW,PASS
LOG02014,"d-2815 - case temp 47.5c, retest after rework.",D2815,THERMAL,PASS
LOG02015,"board B4680 - VDD_5V rail 4.35V (fails), second attempt.",B4680,POWER_RAIL_5V,FAIL
LOG02016,b-1518 resistance check en_line measured 4.47ohm.,B1518,CONTINUITY,FAIL
LOG02017,Unit A2118: continuity on J7 reading 1.15Ohm.,A2118,CONTINUITY,PASS
LOG02018,"board c8122 vdd_12v rail measured 12.99v, no good.",C8122,POWER_RAIL_12V,FAIL
LOG02019,unit C7344 - board temp after 10min soak 55.0C (failed).,C7344,THERMAL,FAIL
LOG02020,A2874 thermal soak reading: 60.5 C — good reading.,A2874,THERMAL,PASS
LOG02021,"C-3348 - CH2 signal check 3.43Vpp (fails), per ECO-114.",C3348,SIGNAL_INTEGRITY,FAIL
LOG02022,"Checked standby current on unit B5636, 170.98mA — doesn't look right, unit was reworked yesterday.",B5636,CURRENT_DRAW,FAIL
LOG02023,"B 5422 - +12V supply 12.86V, after reflow.",B5422,POWER_RAIL_12V,FAIL
LOG02024,Unit D 5402: signal amplitude CH1 reading 2.53Vpp (reject).,D5402,SIGNAL_INTEGRITY,FAIL
LOG02025,"board B9288 12v power check measured 12.12V, all good.",B9288,POWER_RAIL_12V,PASS
LOG02026,"unit D7336 - signal amplitude CH3 3.19Vpp, per ECO-114.",D7336,SIGNAL_INTEGRITY,PASS
LOG02027,"unit C5318 - case temp 42.6C, second attempt.",C5318,THERMAL,PASS
LOG02028,"Checked 3v3 supply on C5589, 3.27V — looks good, retest after rework.",C5589,POWER_RAIL_3V3,PASS
LOG02029,Unit board B5953: 3v3 supply reading 3.29V.,B5953,POWER_RAIL_3V3,PASS
LOG02030,"C 0462 - +5V supply 5.30V (no good), second attempt.",C0462,POWER_RAIL_5V,FAIL
LOG02031,C 8782 continuity on J7 measured 7.56Ohm.,C8782,CONTINUITY,FAIL
LOG02032,unit A1332 +12V supply: 11.40 V.,A1332,POWER_RAIL_12V,PASS
LOG02033,C 8760 5V rail measured 4.46V.,C8760,POWER_RAIL_5V,FAIL
LOG02034,unit A0406 thermal soak reading measured 41.0C (nominal).,A0406,THERMAL,PASS
LOG02035,B-4462 3.3v power check measured 3.19V — good reading.,B4462,POWER_RAIL_3V3,PASS
LOG02036,Unit board C7700: thermal reading after burn-in reading 30.4C (bad reading).,C7700,THERMAL,FAIL
LOG02037,Unit C 0329: CH1 signal check reading 3.03Vpp (failed).,C0329,SIGNAL_INTEGRITY,FAIL
LOG02038,"board b5000 - quiescent current 110.01ma, per eco-114.",B5000,CURRENT_DRAW,PASS
LOG02039,unit A3779 signal amplitude CH4 measured 3.59Vpp (flagged for rework).,A3779,SIGNAL_INTEGRITY,FAIL
LOG02040,A-4519 12V rail measured 11.40V — all good.,A4519,POWER_RAIL_12V,PASS
LOG02041,board A0949 current draw at idle: 187.99 mA.,A0949,CURRENT_DRAW,FAIL
LOG02042,board B6312 CH4 signal check: 2.84 Vpp (flagged for rework).,B6312,SIGNAL_INTEGRITY,FAIL
LOG02043,A 9458 3.3V rail measured 3.26V (checks out).,A9458,POWER_RAIL_3V3,PASS
LOG02044,"Checked +12V supply on B5002, 13.14V, unit was reworked yesterday.",B5002,POWER_RAIL_12V,FAIL
LOG02045,"board A3287 - continuity on J12 3.81Ohm, retest after rework.",A3287,CONTINUITY,PASS
LOG02046,unit board d5456: eye height ch3 reading 2.37vpp.,D5456,SIGNAL_INTEGRITY,FAIL
LOG02047,"Checked cont check J12 on B 2906, 4.82Ohm, customer return unit.",B2906,CONTINUITY,FAIL
LOG02048,"unit C3857 - continuity on J4 1.80Ohm, shift B.",C3857,CONTINUITY,PASS
LOG02049,"Checked +12V supply on unit B6280, 11.29V (flagged for rework), line 2.",B6280,POWER_RAIL_12V,FAIL
LOG02050,board B5803 case temp: 15.6 C (looks good).,B5803,THERMAL,PASS
LOG02051,"Checked case temp on board C6347, 5.9C — no good, shift B.",C6347,THERMAL,FAIL
LOG02052,unit A7520 3.3v power check: 3.35 V.,A7520,POWER_RAIL_3V3,PASS
LOG02053,"Checked current draw at idle on C 8801, 78.77mA, after reflow.",C8801,CURRENT_DRAW,FAIL
LOG02054,unit board c1314: 12v rail reading 12.32v — within spec.,C1314,POWER_RAIL_12V,PASS
LOG02055,A7638 - 5v power check 5.06V.,A7638,POWER_RAIL_5V,PASS
LOG02056,Unit A-0073: idle current draw reading 98.61mA — nominal.,A0073,CURRENT_DRAW,PASS
LOG02057,"Checked idle current draw on unit C0146, 172.23mA — passes, customer return unit.",C0146,CURRENT_DRAW,PASS
LOG02058,"A5737 - +12V supply 11.32V, retest after rework.",A5737,POWER_RAIL_12V,PASS
LOG02059,Unit B9413: 12V rail reading 11.55V.,B9413,POWER_RAIL_12V,PASS
LOG02060,"C 7787 standby current measured 6.18mA, flagged for rework.",C7787,CURRENT_DRAW,FAIL
LOG02061,"Checked board temp after 10min soak on B 9257, 41.5C, after reflow.",B9257,THERMAL,PASS
LOG02062,"C 6609 - 5v power check 4.86V — reject, retest after rework.",C6609,POWER_RAIL_5V,FAIL
LOG02063,"C7473 - VDD_5V rail 4.65V, retest after rework.",C7473,POWER_RAIL_5V,FAIL
LOG02064,A-7196 standby current: 127.27 mA.,A7196,CURRENT_DRAW,PASS
LOG02065,Unit B2941: CH2 signal check reading 2.84Vpp — nominal.,B2941,SIGNAL_INTEGRITY,PASS
LOG02066,D 6466 12V rail: 12.44 V — flagged for rework.,D6466,POWER_RAIL_12V,FAIL
LOG02067,Unit board B2506: VDD_5V rail reading 4.89V.,B2506,POWER_RAIL_5V,FAIL
LOG02068,"unit D4348 - 12v power check 11.71V, customer return unit.",D4348,POWER_RAIL_12V,FAIL
LOG02069,"Checked current draw at idle on A 2166, 50.00mA.",A2166,CURRENT_DRAW,PASS
LOG02070,a-0048 - resistance check j4 5.91ohm — within spec.,A0048,CONTINUITY,PASS
LOG02071,unit C3785 5V rail measured 4.27V — fails.,C3785,POWER_RAIL_5V,FAIL
LOG02072,unit unit c2270: case temp reading 71.1c — doesn't look right.,C2270,THERMAL,FAIL
LOG02073,Unit unit C6696: 5V rail reading 5.35V.,C6696,POWER_RAIL_5V,PASS
LOG02074,unit C8679 VDD_12V rail measured 10.78V.,C8679,POWER_RAIL_12V,FAIL
LOG02075,unit A9532 +12V supply measured 12.13V — within spec.,A9532,POWER_RAIL_12V,PASS
LOG02076,"D-2132 - 5v power check 4.63V — passes, unit was reworked yesterday.",D2132,POWER_RAIL_5V,PASS
LOG02077,board B4936 12v power check measured 12.42V — OK.,B4936,POWER_RAIL_12V,PASS
LOG02078,Unit A2888: board temp after 10min soak reading 38.0C.,A2888,THERMAL,PASS
LOG02079,Unit B-8754: +5V supply reading 5.13V.,B8754,POWER_RAIL_5V,PASS
LOG02080,"Unit unit B5797: current draw at idle reading 117.94mA, all good.",B5797,CURRENT_DRAW,PASS
LOG02081,D 4867 +12V supply measured 12.33V (out of spec).,D4867,POWER_RAIL_12V,FAIL
LOG02082,a0784 +12v supply measured 12.03v (ok).,A0784,POWER_RAIL_12V,PASS
LOG02083,unit D4518 CH4 signal check measured 2.59Vpp (checks out).,D4518,SIGNAL_INTEGRITY,PASS
LOG02084,board A1931 standby current: 107.94 mA.,A1931,CURRENT_DRAW,PASS
LOG02085,"C5172 - signal amplitude CH2 3.51Vpp — failed, line 2.",C5172,SIGNAL_INTEGRITY,FAIL
LOG02086,"unit B3915 - +12V supply 13.04V, shift B.",B3915,POWER_RAIL_12V,FAIL
LOG02087,"Unit C2224: 5v power check reading 4.98V, looks good.",C2224,POWER_RAIL_5V,PASS
LOG02088,"board A5379 J7 continuity: 7.95 Ohm, flagged for rework.",A5379,CONTINUITY,FAIL
LOG02089,B0914 eye height CH2: 3.71 Vpp.,B0914,SIGNAL_INTEGRITY,FAIL
LOG02090,C9206 VDD_12V rail measured 11.87V.,C9206,POWER_RAIL_12V,PASS
LOG02091,"B6219 CH2 signal check: 3.60 Vpp, doesn't look right.",B6219,SIGNAL_INTEGRITY,FAIL
LOG02092,B7197 5v power check measured 5.01V (checks out).,B7197,POWER_RAIL_5V,PASS
LOG02093,"unit d7493: case temp reading 13.0c, within spec.",D7493,THERMAL,PASS
LOG02094,"Checked 5v power check on D 7482, 4.89V — doesn't look right, after reflow.",D7482,POWER_RAIL_5V,FAIL
LOG02095,D2369 standby current: 111.27 mA — OK.,D2369,CURRENT_DRAW,PASS
LOG02096,"Checked continuity on EN_LINE on D6257, 2.39Ohm, retest after rework.",D6257,CONTINUITY,PASS
LOG02097,"C1177 - scope reading CH1 2.55Vpp — flagged for rework, per ECO-114.",C1177,SIGNAL_INTEGRITY,FAIL
LOG02098,Unit board A2669: continuity on J7 reading 1.76Ohm.,A2669,CONTINUITY,PASS
LOG02099,unit B7946 +12V supply: 11.40 V (fails).,B7946,POWER_RAIL_12V,FAIL
LOG02100,"D 6667 - 12v power check 11.57V, customer return unit.",D6667,POWER_RAIL_12V,PASS
LOG02101,"board A0899 - resistance check EN_LINE 0.79Ohm — bad reading, customer return unit.",A0899,CONTINUITY,FAIL
LOG02102,A 1265 12V rail: 11.78 V (OK).,A1265,POWER_RAIL_12V,PASS
LOG02103,"board c0064 idle current draw: 107.55 ma, good reading.",C0064,CURRENT_DRAW,PASS
LOG02104,Unit unit D6361: quiescent current reading 117.46mA.,D6361,CURRENT_DRAW,PASS
LOG02105,C 5698 3v3 supply: 3.88 V (out of spec).,C5698,POWER_RAIL_3V3,FAIL
LOG02106,"Checked J12 continuity on board D4589, 1.31Ohm — doesn't look right, per ECO-114.",D4589,CONTINUITY,FAIL
LOG02107,Unit C 1536: 3.3v power check reading 3.13V — no good.,C1536,POWER_RAIL_3V3,FAIL
LOG02108,Unit unit C2409: VDD_3V3 rail reading 3.22V — within spec.,C2409,POWER_RAIL_3V3,PASS
LOG02109,"board C8645 - scope reading CH3 3.11Vpp (passes), second attempt.",C8645,SIGNAL_INTEGRITY,PASS
LOG02110,"Checked cont check J4 on board A6852, 3.78Ohm, customer return unit.",A6852,CONTINUITY,PASS
LOG02111,unit d2168: vdd_12v rail reading 11.29v.,D2168,POWER_RAIL_12V,PASS
LOG02112,Unit A9998: 5v power check reading 5.00V (good reading).,A9998,POWER_RAIL_5V,PASS
LOG02113,"Checked +3.3V rail on C 2390, 3.44V.",C2390,POWER_RAIL_3V3,PASS
LOG02114,"Checked 5V rail on B3188, 5.73V — fails, line 2.",B3188,POWER_RAIL_5V,FAIL
LOG02115,"unit C8069 - 3.3V rail 3.24V, retest after rework.",C8069,POWER_RAIL_3V3,PASS
LOG02116,"D1170 - scope reading CH3 3.17Vpp — good reading, after reflow.",D1170,SIGNAL_INTEGRITY,PASS
LOG02117,"C-2622 3v3 supply: 3.28 V, nominal.",C2622,POWER_RAIL_3V3,PASS
LOG02118,"board A8156 5V rail: 5.35 V, looks good.",A8156,POWER_RAIL_5V,PASS
LOG02119,B-4922 +3.3V rail measured 3.34V (good reading).,B4922,POWER_RAIL_3V3,PASS
LOG02120,c3136 12v power check: 12.60 v — out of spec.,C3136,POWER_RAIL_12V,FAIL
LOG02121,"Checked current draw at idle on B-8822, 9.48mA, shift B.",B8822,CURRENT_DRAW,FAIL
LOG02122,Unit unit C9767: CH2 signal check reading 2.63Vpp — reject.,C9767,SIGNAL_INTEGRITY,FAIL
LOG02123,"a6163 - +12v supply 12.87v, shift b.",A6163,POWER_RAIL_12V,PASS
LOG02124,A4300 resistance check J4 measured 4.36Ohm.,A4300,CONTINUITY,PASS
LOG02125,Unit unit C0646: thermal soak reading reading 9.0C.,C0646,THERMAL,FAIL
LOG02126,board B9200 continuity on J4: 3.59 Ohm.,B9200,CONTINUITY,PASS
LOG02127,A 8469 3.3v power check: 3.52 V — no good.,A8469,POWER_RAIL_3V3,FAIL
LOG02128,"Checked current draw at idle on D 9309, 139.38mA — OK.",D9309,CURRENT_DRAW,PASS
LOG02129,"Checked 12v power check on C-4923, 12.24V — nominal, unit was reworked yesterday.",C4923,POWER_RAIL_12V,PASS
LOG02130,board b9900 board temp after 10min soak measured 42.4c (ok).,B9900,THERMAL,PASS
LOG02131,"D-2783 - 5v power check 5.05V, unit was reworked yesterday.",D2783,POWER_RAIL_5V,PASS
LOG02132,A 6829 scope reading CH2: 3.24 Vpp (nominal).,A6829,SIGNAL_INTEGRITY,PASS
LOG02133,"Checked +5V supply on board C8564, 5.09V (nominal), customer return unit.",C8564,POWER_RAIL_5V,PASS
LOG02134,board B5217 thermal reading after burn-in: 22.1 C — reject.,B5217,THERMAL,FAIL
LOG02135,"unit A0507 - case temp 30.9C, second attempt.",A0507,THERMAL,PASS
LOG02136,Unit C7056: cont check J12 reading 5.71Ohm — checks out.,C7056,CONTINUITY,PASS
LOG02137,board D1808 standby current: 88.96 mA.,D1808,CURRENT_DRAW,PASS
LOG02138,"Checked 3.3v power check on D1340, 3.11V, retest after rework.",D1340,POWER_RAIL_3V3,FAIL
LOG02139,"Checked eye height CH2 on D-0339, 3.19Vpp.",D0339,SIGNAL_INTEGRITY,PASS
LOG02140,D 1077 3.3V rail: 3.39 V (reject).,D1077,POWER_RAIL_3V3,FAIL
LOG02141,"unit D2970 - case temp 30.5C (reject), line 2.",D2970,THERMAL,FAIL
LOG02142,"Checked VDD_5V rail on unit C5786, 4.53V — fails, unit was reworked yesterday.",C5786,POWER_RAIL_5V,FAIL
LOG02143,"D4485 - cont check RESET 2.06Ohm, good reading, retest after rework.",D4485,CONTINUITY,PASS
LOG02144,"unit D7742 - signal amplitude CH4 3.86Vpp, bad reading, second attempt.",D7742,SIGNAL_INTEGRITY,FAIL
LOG02145,"board A0612 - board temp after 10min soak 63.4C, nominal, customer return unit.",A0612,THERMAL,PASS
LOG02146,"Checked scope reading CH1 on board D7338, 3.22Vpp (passes), retest after rework.",D7338,SIGNAL_INTEGRITY,PASS
LOG02147,board D4025 quiescent current measured 114.42mA.,D4025,CURRENT_DRAW,PASS
LOG02148,Unit unit C2392: 3v3 supply reading 3.65V.,C2392,POWER_RAIL_3V3,FAIL
LOG02149,"B3391 thermal soak reading measured 2.2C, no good.",B3391,THERMAL,FAIL
LOG02150,D 8407 3.3v power check measured 3.13V.,D8407,POWER_RAIL_3V3,FAIL
LOG02151,B8554 CH1 signal check: 3.52 Vpp (failed).,B8554,SIGNAL_INTEGRITY,FAIL
LOG02152,"B 9752 12v power check measured 11.20V, bad reading.",B9752,POWER_RAIL_12V,FAIL
LOG02153,"Checked continuity on CLK on board B5907, 1.11Ohm (OK), second attempt.",B5907,CONTINUITY,PASS
LOG02154,Unit board C0645: standby current reading 106.01mA.,C0645,CURRENT_DRAW,PASS
LOG02155,"checked thermal soak reading on d9678, 69.1c, line 2.",D9678,THERMAL,FAIL
LOG02156,B-1386 continuity on J12 measured 6.19Ohm.,B1386,CONTINUITY,PASS
LOG02157,"unit B8971 continuity on EN_LINE: 2.31 Ohm, within spec.",B8971,CONTINUITY,PASS
LOG02158,"Checked +5V supply on C3486, 5.08V, retest after rework.",C3486,POWER_RAIL_5V,PASS
LOG02159,Unit board A9768: VDD_3V3 rail reading 3.37V — all good.,A9768,POWER_RAIL_3V3,PASS
LOG02160,A 0286 resistance check J4 measured 6.32Ohm (out of spec).,A0286,CONTINUITY,FAIL
LOG02161,unit D9924 board temp after 10min soak measured 38.0C.,D9924,THERMAL,PASS
LOG02162,"checked en_line continuity on b-0283, 5.00ohm, within spec, per eco-114.",B0283,CONTINUITY,PASS
LOG02163,"Checked VDD_5V rail on D9981, 5.48V (fails), retest after rework.",D9981,POWER_RAIL_5V,FAIL
LOG02164,B-0264 12v power check: 13.15 V — failed.,B0264,POWER_RAIL_12V,FAIL
LOG02165,"checked ch3 signal check on board c6080, 3.36vpp (ok), unit was reworked yesterday.",C6080,SIGNAL_INTEGRITY,PASS
LOG02166,A 9244 signal amplitude CH4: 3.19 Vpp.,A9244,SIGNAL_INTEGRITY,PASS
LOG02167,"Unit board C4585: 12V rail reading 11.78V, good reading.",C4585,POWER_RAIL_12V,PASS
LOG02168,"D 9800 case temp measured 42.8C, all good.",D9800,THERMAL,PASS
LOG02169,B3131 - quiescent current 207.00mA.,B3131,CURRENT_DRAW,FAIL
LOG02170,"Checked 12V rail on D-2342, 11.87V.",D2342,POWER_RAIL_12V,PASS
LOG02171,"c 8104 vdd_5v rail measured 4.47v, bad reading.",C8104,POWER_RAIL_5V,FAIL
LOG02172,unit B9444 continuity on RESET measured 5.89Ohm (fails).,B9444,CONTINUITY,FAIL
LOG02173,Unit unit C8444: resistance check CLK reading 3.66Ohm.,C8444,CONTINUITY,FAIL
LOG02174,"Unit B9458: current draw at idle reading 0.08mA, bad reading.",B9458,CURRENT_DRAW,FAIL
LOG02175,"Unit A 6528: RESET continuity reading 1.95Ohm, within spec.",A6528,CONTINUITY,PASS
LOG02176,"Checked +5V supply on board C3950, 5.13V, all good, retest after rework.",C3950,POWER_RAIL_5V,PASS
LOG02177,board c1701 scope reading ch4 measured 2.80vpp — passes.,C1701,SIGNAL_INTEGRITY,PASS
LOG02178,"Unit board D1158: 3.3v power check reading 3.13V, out of spec.",D1158,POWER_RAIL_3V3,FAIL
LOG02179,C-2643 3.3V rail: 3.25 V.,C2643,POWER_RAIL_3V3,PASS
LOG02180,C 2050 EN_LINE continuity measured 1.36Ohm.,C2050,CONTINUITY,FAIL
LOG02181,"Unit B 9482: 12V rail reading 12.01V, OK.",B9482,POWER_RAIL_12V,PASS
LOG02182,"Checked +3.3V rail on B4694, 3.86V (doesn't look right), shift B.",B4694,POWER_RAIL_3V3,FAIL
LOG02183,"C5027 CLK continuity: 2.94 Ohm, within spec.",C5027,CONTINUITY,PASS
LOG02184,"unit unit d5224: board temp after 10min soak reading 31.8c, good reading.",D5224,THERMAL,PASS
LOG02185,"a6247 - +3.3v rail 3.20v (fails), second attempt.",A6247,POWER_RAIL_3V3,FAIL
LOG02186,"C9031 5V rail measured 5.00V, nominal.",C9031,POWER_RAIL_5V,PASS
LOG02187,"unit A8242 - thermal soak reading 36.4C (passes), unit was reworked yesterday.",A8242,THERMAL,PASS
LOG02188,unit c 5656: vdd_12v rail reading 12.38v.,C5656,POWER_RAIL_12V,FAIL
LOG02189,A-7709 3.3v power check: 3.07 V.,A7709,POWER_RAIL_3V3,FAIL
LOG02190,"Checked scope reading CH3 on A7185, 2.41Vpp (failed), second attempt.",A7185,SIGNAL_INTEGRITY,FAIL
LOG02191,unit C3335 quiescent current measured 150.00mA (within spec).,C3335,CURRENT_DRAW,PASS
LOG02192,B8812 case temp: 43.1 C — good reading.,B8812,THERMAL,PASS
LOG02193,unit b 3889: vdd_5v rail reading 5.41v — no good.,B3889,POWER_RAIL_5V,FAIL
LOG02194,c-8108 vdd_3v3 rail: 3.37 v (bad reading).,C8108,POWER_RAIL_3V3,FAIL
LOG02195,unit a2692 - 5v rail 4.40v (doesn't look right).,A2692,POWER_RAIL_5V,FAIL
LOG02196,B3951 +5V supply: 4.39 V.,B3951,POWER_RAIL_5V,FAIL
LOG02197,"Checked VDD_5V rail on unit D6739, 4.92V, shift B.",D6739,POWER_RAIL_5V,PASS
LOG02198,Unit D 7230: eye height CH2 reading 2.97Vpp.,D7230,SIGNAL_INTEGRITY,FAIL
LOG02199,D-3598 +12V supply: 11.12 V.,D3598,POWER_RAIL_12V,FAIL
LOG02200,"Checked 5V rail on unit C1283, 5.63V, after reflow.",C1283,POWER_RAIL_5V,FAIL
LOG02201,"unit C0553 - +5V supply 5.72V, line 2.",C0553,POWER_RAIL_5V,FAIL
LOG02202,Unit B 9159: scope reading CH2 reading 2.70Vpp — reject.,B9159,SIGNAL_INTEGRITY,FAIL
LOG02203,b-8559 +3.3v rail measured 3.29v (within spec).,B8559,POWER_RAIL_3V3,PASS
LOG02204,"Checked idle current draw on A 2550, 187.32mA, bad reading, line 2.",A2550,CURRENT_DRAW,FAIL
LOG02205,"C 3702 VDD_5V rail measured 4.82V, good reading.",C3702,POWER_RAIL_5V,PASS
LOG02206,A1643 VDD_12V rail: 12.60 V (passes).,A1643,POWER_RAIL_12V,PASS
LOG02207,"Checked +12V supply on board C2971, 12.60V, customer return unit.",C2971,POWER_RAIL_12V,PASS
LOG02208,"Checked eye height CH4 on A-7075, 3.30Vpp (OK), shift B.",A7075,SIGNAL_INTEGRITY,PASS
LOG02209,"a-6667 - quiescent current 42.16ma — passes, unit was reworked yesterday.",A6667,CURRENT_DRAW,PASS
LOG02210,B 0391 CH4 signal check measured 2.96Vpp (fails).,B0391,SIGNAL_INTEGRITY,FAIL
LOG02211,unit D9562 - 5v power check 5.07V.,D9562,POWER_RAIL_5V,PASS
LOG02212,unit a-4312: 3.3v rail reading 3.78v.,A4312,POWER_RAIL_3V3,FAIL
LOG02213,Unit C-6925: case temp reading 67.5C.,C6925,THERMAL,FAIL
LOG02214,"A4199 - thermal reading after burn-in 40.8C, retest after rework.",A4199,THERMAL,PASS
LOG02215,B 4835 case temp measured 55.0C.,B4835,THERMAL,PASS
LOG02216,b 6838 continuity on j7 measured 4.46ohm.,B6838,CONTINUITY,FAIL
LOG02217,"C3109 12v power check: 11.65 V, within spec.",C3109,POWER_RAIL_12V,PASS
LOG02218,"board b4669 - +12v supply 13.25v, flagged for rework, per eco-114.",B4669,POWER_RAIL_12V,FAIL
LOG02219,Unit A3055: board temp after 10min soak reading 61.9C.,A3055,THERMAL,FAIL
LOG02220,"Checked 5V rail on board A4405, 4.31V (flagged for rework), unit was reworked yesterday.",A4405,POWER_RAIL_5V,FAIL
LOG02221,"checked 3.3v power check on c-9539, 3.23v, customer return unit.",C9539,POWER_RAIL_3V3,FAIL
LOG02222,Unit D 1906: idle current draw reading 53.19mA (reject).,D1906,CURRENT_DRAW,FAIL
LOG02223,"Checked thermal reading after burn-in on A9290, 37.7C, customer return unit.",A9290,THERMAL,PASS
LOG02224,"Checked idle current draw on B-2729, 168.23mA, shift B.",B2729,CURRENT_DRAW,FAIL
LOG02225,A-5481 5V rail: 4.46 V — doesn't look right.,A5481,POWER_RAIL_5V,FAIL
LOG02226,unit A6693 +12V supply measured 10.71V — bad reading.,A6693,POWER_RAIL_12V,FAIL
LOG02227,A 2076 case temp: -0.6 C.,A2076,THERMAL,FAIL
LOG02228,"C 3260 board temp after 10min soak measured 33.0C, checks out.",C3260,THERMAL,PASS
LOG02229,Unit D 3979: +5V supply reading 4.32V.,D3979,POWER_RAIL_5V,FAIL
LOG02230,unit b1232: thermal reading after burn-in reading 30.3c (failed).,B1232,THERMAL,FAIL
LOG02231,D 1399 current draw at idle measured 94.64mA.,D1399,CURRENT_DRAW,PASS
LOG02232,unit c 4909: +5v supply reading 5.11v.,C4909,POWER_RAIL_5V,FAIL
LOG02233,"b-3589 - scope reading ch2 3.18vpp, line 2.",B3589,SIGNAL_INTEGRITY,PASS
LOG02234,unit a-2844: scope reading ch2 reading 2.89vpp.,A2844,SIGNAL_INTEGRITY,PASS
LOG02235,"Checked signal amplitude CH2 on board D5378, 2.51Vpp (failed), per ECO-114.",D5378,SIGNAL_INTEGRITY,FAIL
LOG02236,"board A2160 - +5V supply 4.39V, doesn't look right, second attempt.",A2160,POWER_RAIL_5V,FAIL
LOG02237,unit C9235 CH3 signal check measured 3.34Vpp.,C9235,SIGNAL_INTEGRITY,PASS
LOG02238,"board A3334 - continuity on RESET 2.46Ohm — looks good, per ECO-114.",A3334,CONTINUITY,PASS
LOG02239,"unit D2868 - 3v3 supply 3.23V, bad reading.",D2868,POWER_RAIL_3V3,FAIL
LOG02240,board C4367 quiescent current: 76.46 mA.,C4367,CURRENT_DRAW,PASS
LOG02241,unit d 5060: signal amplitude ch1 reading 3.76vpp (ok).,D5060,SIGNAL_INTEGRITY,PASS
LOG02242,D-7084 eye height CH4: 3.01 Vpp — no good.,D7084,SIGNAL_INTEGRITY,FAIL
LOG02243,C-2893 +5V supply: 4.30 V.,C2893,POWER_RAIL_5V,FAIL
LOG02244,Unit board D2276: case temp reading 4.6C.,D2276,THERMAL,FAIL
LOG02245,unit B9565 thermal reading after burn-in measured 25.3C.,B9565,THERMAL,PASS
LOG02246,"unit C0037 RESET continuity measured 5.89Ohm, out of spec.",C0037,CONTINUITY,FAIL
LOG02247,"Checked board temp after 10min soak on unit C6674, 57.0C, second attempt.",C6674,THERMAL,FAIL
LOG02248,"Checked cont check J4 on C8452, 7.73Ohm, flagged for rework, customer return unit.",C8452,CONTINUITY,FAIL
LOG02249,"Checked J4 continuity on B 3675, 3.21Ohm, line 2.",B3675,CONTINUITY,PASS
LOG02250,Unit C-5104: eye height CH2 reading 3.73Vpp.,C5104,SIGNAL_INTEGRITY,FAIL
LOG02251,"board D8573 - continuity on J7 1.78Ohm, line 2.",D8573,CONTINUITY,PASS
LOG02252,"board b3375 cont check j12: 7.01 ohm, reject.",B3375,CONTINUITY,FAIL
LOG02253,c-5477 12v rail: 11.83 v (within spec).,C5477,POWER_RAIL_12V,PASS
LOG02254,"Checked resistance check J4 on unit D2562, 5.52Ohm, retest after rework.",D2562,CONTINUITY,FAIL
LOG02255,D2183 resistance check J7: 3.03 Ohm — within spec.,D2183,CONTINUITY,PASS
LOG02256,"Checked +3.3V rail on C-2460, 3.41V, line 2.",C2460,POWER_RAIL_3V3,FAIL
LOG02257,Unit B0767: thermal soak reading reading 9.8C.,B0767,THERMAL,FAIL
LOG02258,Unit unit D0829: current draw at idle reading 104.82mA — nominal.,D0829,CURRENT_DRAW,PASS
LOG02259,board D3442 - VDD_12V rail 11.40V.,D3442,POWER_RAIL_12V,PASS
LOG02260,"Checked RESET continuity on unit B5138, 0.73Ohm, after reflow.",B5138,CONTINUITY,FAIL
LOG02261,unit b7713: thermal soak reading reading 61.8c.,B7713,THERMAL,PASS
LOG02262,C4543 +12V supply measured 12.42V (passes).,C4543,POWER_RAIL_12V,PASS
LOG02263,Unit unit B1146: idle current draw reading 88.52mA (looks good).,B1146,CURRENT_DRAW,PASS
LOG02264,d-8786 scope reading ch1: 3.59 vpp (within spec).,D8786,SIGNAL_INTEGRITY,PASS
LOG02265,"board D6701 - 12v power check 12.81V, retest after rework.",D6701,POWER_RAIL_12V,PASS
LOG02266,unit c3457: quiescent current reading 93.18ma.,C3457,CURRENT_DRAW,PASS
LOG02267,board C4608 3.3v power check: 3.21 V.,C4608,POWER_RAIL_3V3,PASS
LOG02268,board A6579 VDD_5V rail: 4.44 V — fails.,A6579,POWER_RAIL_5V,FAIL
LOG02269,board D5658 thermal reading after burn-in measured 38.8C.,D5658,THERMAL,PASS
LOG02270,d8559 vdd_3v3 rail measured 3.33v.,D8559,POWER_RAIL_3V3,PASS
LOG02271,d8534 12v power check: 11.98 v.,D8534,POWER_RAIL_12V,PASS
LOG02272,Unit unit C0769: 5V rail reading 4.77V — checks out.,C0769,POWER_RAIL_5V,PASS
LOG02273,"checked scope reading ch2 on a8255, 3.06vpp (looks good), second attempt.",A8255,SIGNAL_INTEGRITY,PASS
LOG02274,D4939 scope reading CH4 measured 3.15Vpp — good reading.,D4939,SIGNAL_INTEGRITY,PASS
LOG02275,"D 8221 VDD_5V rail measured 4.42V, flagged for rework.",D8221,POWER_RAIL_5V,FAIL
LOG02276,C-6970 board temp after 10min soak measured 64.1C — passes.,C6970,THERMAL,PASS
LOG02277,board C5520 - CH4 signal check 2.31Vpp.,C5520,SIGNAL_INTEGRITY,FAIL
LOG02278,"C-8193 quiescent current measured 101.67mA, OK.",C8193,CURRENT_DRAW,PASS
LOG02279,"board D1972 - VDD_3V3 rail 3.56V, per ECO-114.",D1972,POWER_RAIL_3V3,PASS
LOG02280,"Checked board temp after 10min soak on board B5748, 4.0C, shift B.",B5748,THERMAL,FAIL
LOG02281,C 0955 5v power check: 5.00 V — nominal.,C0955,POWER_RAIL_5V,PASS
LOG02282,"B 8237 - board temp after 10min soak 2.0C, second attempt.",B8237,THERMAL,FAIL
LOG02283,"C-5524 - 12v power check 12.41V, retest after rework.",C5524,POWER_RAIL_12V,FAIL
LOG02284,board B0513 +5V supply: 5.22 V.,B0513,POWER_RAIL_5V,PASS
LOG02285,"Checked current draw at idle on A 8744, 18.51mA, bad reading, second attempt.",A8744,CURRENT_DRAW,FAIL
LOG02286,"Checked 12V rail on B-7001, 12.20V — all good, shift B.",B7001,POWER_RAIL_12V,PASS
LOG02287,"Unit unit C6758: quiescent current reading 155.64mA, good reading.",C6758,CURRENT_DRAW,PASS
LOG02288,unit b 5814: resistance check clk reading 5.37ohm.,B5814,CONTINUITY,PASS
LOG02289,D5019 5v power check: 4.38 V.,D5019,POWER_RAIL_5V,FAIL
LOG02290,"B 3251 - thermal soak reading 48.9C, OK, unit was reworked yesterday.",B3251,THERMAL,PASS
LOG02291,"Checked thermal soak reading on A-0653, 30.4C, per ECO-114.",A0653,THERMAL,FAIL
LOG02292,unit C5304 +5V supply: 4.75 V.,C5304,POWER_RAIL_5V,PASS
LOG02293,unit D0410 cont check J12 measured 1.21Ohm.,D0410,CONTINUITY,FAIL
LOG02294,"Unit C 4408: 5V rail reading 5.07V, OK.",C4408,POWER_RAIL_5V,PASS
LOG02295,"C 3178 - idle current draw 85.97mA, after reflow.",C3178,CURRENT_DRAW,PASS
LOG02296,Unit B-8999: VDD_3V3 rail reading 3.19V.,B8999,POWER_RAIL_3V3,FAIL
LOG02297,Unit unit A5257: 3.3V rail reading 3.92V (failed).,A5257,POWER_RAIL_3V3,FAIL
LOG02298,"D 1896 - continuity on J7 4.42Ohm, per ECO-114.",D1896,CONTINUITY,PASS
LOG02299,"Checked idle current draw on C 3168, 123.82mA (checks out), shift B.",C3168,CURRENT_DRAW,PASS
LOG02300,b 8388 ch1 signal check: 3.40 vpp (ok).,B8388,SIGNAL_INTEGRITY,PASS
LOG02301,"B 4359 - signal amplitude CH3 2.64Vpp, fails, second attempt.",B4359,SIGNAL_INTEGRITY,FAIL
LOG02302,"C8081 - VDD_12V rail 11.42V, retest after rework.",C8081,POWER_RAIL_12V,FAIL
LOG02303,A-7828 VDD_3V3 rail measured 3.24V — OK.,A7828,POWER_RAIL_3V3,PASS
LOG02304,"unit B1120 board temp after 10min soak measured 53.9C, flagged for rework.",B1120,THERMAL,FAIL
LOG02305,Unit unit D5789: standby current reading 101.87mA — good reading.,D5789,CURRENT_DRAW,PASS
LOG02306,Unit D-6031: scope reading CH3 reading 3.21Vpp — passes.,D6031,SIGNAL_INTEGRITY,PASS
LOG02307,A6610 current draw at idle: 50.00 mA.,A6610,CURRENT_DRAW,FAIL
LOG02308,"Checked scope reading CH4 on C8141, 3.12Vpp, shift B.",C8141,SIGNAL_INTEGRITY,PASS
LOG02309,"C7699 +5V supply measured 5.14V, OK.",C7699,POWER_RAIL_5V,PASS
LOG02310,unit d5504: cont check j7 reading 2.03ohm.,D5504,CONTINUITY,PASS
LOG02311,Unit unit C9076: continuity on RESET reading 1.39Ohm.,C9076,CONTINUITY,PASS
LOG02312,Unit unit B5776: 12v power check reading 12.11V — OK.,B5776,POWER_RAIL_12V,PASS
LOG02313,"B-0171 - idle current draw 137.50mA, good reading.",B0171,CURRENT_DRAW,PASS
LOG02314,"Checked current draw at idle on unit D2000, 93.21mA, retest after rework.",D2000,CURRENT_DRAW,PASS
LOG02315,Unit board C7107: continuity on CLK reading 0.00Ohm — good reading.,C7107,CONTINUITY,PASS
LOG02316,unit C1516 3.3V rail: 3.18 V (looks good).,C1516,POWER_RAIL_3V3,PASS
LOG02317,D 8912 VDD_5V rail measured 5.51V.,D8912,POWER_RAIL_5V,FAIL
LOG02318,unit A5253 cont check J4: 4.13 Ohm.,A5253,CONTINUITY,FAIL
LOG02319,C1602 standby current measured 58.17mA (good reading).,C1602,CURRENT_DRAW,PASS
LOG02320,"A 4229 - VDD_5V rail 4.94V, all good, second attempt.",A4229,POWER_RAIL_5V,PASS
LOG02321,"Checked case temp on A-1800, 43.4C, retest after rework.",A1800,THERMAL,PASS
LOG02322,"A 0584 - current draw at idle 122.87mA — nominal, after reflow.",A0584,CURRENT_DRAW,PASS
LOG02323,unit c2078: eye height ch1 reading 3.10vpp (nominal).,C2078,SIGNAL_INTEGRITY,PASS
LOG02324,Unit unit A9504: +12V supply reading 12.60V (no good).,A9504,POWER_RAIL_12V,FAIL
LOG02325,board A2424 VDD_12V rail: 11.74 V (nominal).,A2424,POWER_RAIL_12V,PASS
LOG02326,board D3503 5V rail: 4.88 V.,D3503,POWER_RAIL_5V,PASS
LOG02327,A 8181 cont check EN_LINE: 2.32 Ohm.,A8181,CONTINUITY,PASS
LOG02328,board A4213 3.3V rail measured 3.18V — all good.,A4213,POWER_RAIL_3V3,PASS
LOG02329,Unit board A1257: +5V supply reading 4.98V.,A1257,POWER_RAIL_5V,PASS
LOG02330,board B5456 J4 continuity measured 6.78Ohm.,B5456,CONTINUITY,FAIL
LOG02331,A 1632 3v3 supply: 3.32 V (nominal).,A1632,POWER_RAIL_3V3,PASS
LOG02332,"unit A6732 - +5V supply 5.52V, shift B.",A6732,POWER_RAIL_5V,FAIL
LOG02333,C 2366 12v power check measured 11.80V.,C2366,POWER_RAIL_12V,PASS
LOG02334,"Checked resistance check RESET on C 8558, 4.37Ohm, failed.",C8558,CONTINUITY,FAIL
LOG02335,"Checked quiescent current on C1940, 110.91mA (looks good), second attempt.",C1940,CURRENT_DRAW,PASS
LOG02336,B-1559 5V rail: 5.28 V.,B1559,POWER_RAIL_5V,FAIL
LOG02337,board C4108 eye height CH3: 3.40 Vpp (nominal).,C4108,SIGNAL_INTEGRITY,PASS
LOG02338,C-2806 thermal soak reading: 35.0 C.,C2806,THERMAL,PASS
LOG02339,"D-0395 +5V supply: 5.13 V, checks out.",D0395,POWER_RAIL_5V,PASS
LOG02340,"board D2968 - VDD_5V rail 4.99V — looks good, line 2.",D2968,POWER_RAIL_5V,PASS
LOG02341,"checked 5v power check on c-1427, 5.35v — passes.",C1427,POWER_RAIL_5V,PASS
LOG02342,"B-3740 - 5V rail 5.03V, nominal, shift B.",B3740,POWER_RAIL_5V,PASS
LOG02343,B9046 signal amplitude CH4 measured 3.36Vpp.,B9046,SIGNAL_INTEGRITY,PASS
LOG02344,B 8561 - CH1 signal check 2.93Vpp.,B8561,SIGNAL_INTEGRITY,PASS
LOG02345,"Checked thermal soak reading on unit B0255, 20.0C, customer return unit.",B0255,THERMAL,PASS
LOG02346,"d-5178 thermal reading after burn-in: 53.8 c, good reading.",D5178,THERMAL,PASS
LOG02347,B 3305 continuity on J7 measured 3.82Ohm (reject).,B3305,CONTINUITY,FAIL
LOG02348,B 0399 scope reading CH4: 3.74 Vpp.,B0399,SIGNAL_INTEGRITY,FAIL
LOG02349,board C2540 5V rail measured 4.92V.,C2540,POWER_RAIL_5V,PASS
LOG02350,"unit B6011 - 5V rail 5.31V, customer return unit.",B6011,POWER_RAIL_5V,PASS
LOG02351,"unit B9142 - 12v power check 12.60V (out of spec), after reflow.",B9142,POWER_RAIL_12V,FAIL
LOG02352,A-6772 12V rail: 12.13 V — OK.,A6772,POWER_RAIL_12V,PASS
LOG02353,C 4835 - +3.3V rail 3.26V.,C4835,POWER_RAIL_3V3,PASS
LOG02354,unit B4849 case temp measured 23.2C (all good).,B4849,THERMAL,PASS
LOG02355,D2310 cont check CLK measured 5.61Ohm.,D2310,CONTINUITY,FAIL
LOG02356,C 4021 VDD_5V rail: 5.17 V (reject).,C4021,POWER_RAIL_5V,FAIL
LOG02357,"d7457 - 3.3v rail 2.74v (no good), per eco-114.",D7457,POWER_RAIL_3V3,FAIL
LOG02358,"board C2728 - +3.3V rail 3.40V, all good.",C2728,POWER_RAIL_3V3,PASS
LOG02359,"Checked +12V supply on A4175, 12.82V — no good, per ECO-114.",A4175,POWER_RAIL_12V,FAIL
LOG02360,"Checked case temp on B8694, 20.0C, customer return unit.",B8694,THERMAL,PASS
LOG02361,"B-2348 - +3.3V rail 3.46V, per ECO-114.",B2348,POWER_RAIL_3V3,FAIL
LOG02362,"a9758 - standby current 77.60ma, shift b.",A9758,CURRENT_DRAW,PASS
LOG02363,Unit A-0480: idle current draw reading 91.09mA (good reading).,A0480,CURRENT_DRAW,PASS
LOG02364,"Checked thermal soak reading on board D1866, 44.6C, failed, second attempt.",D1866,THERMAL,FAIL
LOG02365,"unit D6080 - thermal reading after burn-in 35.8C, shift B.",D6080,THERMAL,PASS
LOG02366,"Checked EN_LINE continuity on B 9854, 2.28Ohm, after reflow.",B9854,CONTINUITY,PASS
LOG02367,d 2386 cont check j12 measured 2.14ohm (looks good).,D2386,CONTINUITY,PASS
LOG02368,"C-4850 - board temp after 10min soak 47.2C, after reflow.",C4850,THERMAL,FAIL
LOG02369,Unit C 1318: +12V supply reading 12.39V.,C1318,POWER_RAIL_12V,FAIL
LOG02370,"Checked J7 continuity on unit A8479, 2.52Ohm — nominal, customer return unit.",A8479,CONTINUITY,PASS
LOG02371,"d 7054 - 3.3v rail 2.87v, second attempt.",D7054,POWER_RAIL_3V3,FAIL
LOG02372,unit A1934 VDD_12V rail: 11.27 V.,A1934,POWER_RAIL_12V,PASS
LOG02373,Unit B 1176: 5v power check reading 4.94V — looks good.,B1176,POWER_RAIL_5V,PASS
LOG02374,"D 5390 case temp: 75.7 C, reject.",D5390,THERMAL,FAIL
LOG02375,"checked scope reading ch3 on c-0415, 2.90vpp, per eco-114.",C0415,SIGNAL_INTEGRITY,PASS
LOG02376,a-8102 signal amplitude ch3: 2.96 vpp (passes).,A8102,SIGNAL_INTEGRITY,PASS
LOG02377,"A5367 case temp: 35.0 C, good reading.",A5367,THERMAL,PASS
LOG02378,D 3142 VDD_5V rail: 5.52 V — fails.,D3142,POWER_RAIL_5V,FAIL
LOG02379,"Checked current draw at idle on B 1280, 115.17mA, looks good, retest after rework.",B1280,CURRENT_DRAW,PASS
LOG02380,"unit B6191 - eye height CH3 2.60Vpp, customer return unit.",B6191,SIGNAL_INTEGRITY,PASS
LOG02381,Unit A8019: 12v power check reading 12.04V.,A8019,POWER_RAIL_12V,PASS
LOG02382,"Checked +5V supply on board A2883, 4.39V, line 2.",A2883,POWER_RAIL_5V,FAIL
LOG02383,unit A4338 signal amplitude CH4 measured 3.31Vpp (OK).,A4338,SIGNAL_INTEGRITY,PASS
LOG02384,"checked idle current draw on a2123, 87.20ma, line 2.",A2123,CURRENT_DRAW,PASS
LOG02385,"Unit unit A4730: 12v power check reading 11.82V, OK.",A4730,POWER_RAIL_12V,PASS
LOG02386,board d2189 cont check reset: 1.52 ohm.,D2189,CONTINUITY,PASS
LOG02387,"Checked scope reading CH2 on A-0671, 3.96Vpp.",A0671,SIGNAL_INTEGRITY,FAIL
LOG02388,"Checked CH4 signal check on board C0765, 3.33Vpp, line 2.",C0765,SIGNAL_INTEGRITY,PASS
LOG02389,A-1875 current draw at idle measured 111.98mA.,A1875,CURRENT_DRAW,PASS
LOG02390,unit B0825 5v power check: 4.75 V (passes).,B0825,POWER_RAIL_5V,PASS
LOG02391,Unit unit B2397: current draw at idle reading 30.25mA — looks good.,B2397,CURRENT_DRAW,PASS
LOG02392,board d5046 standby current: 84.14 ma.,D5046,CURRENT_DRAW,PASS
LOG02393,"B9467 - 12v power check 13.14V, per ECO-114.",B9467,POWER_RAIL_12V,FAIL
LOG02394,"b 1229 cont check j12: 0.00 ohm, failed.",B1229,CONTINUITY,FAIL
LOG02395,"unit C1747 - thermal reading after burn-in 30.3C — reject, shift B.",C1747,THERMAL,FAIL
LOG02396,board D0283 board temp after 10min soak: 39.3 C.,D0283,THERMAL,PASS
LOG02397,"C6450 3.3V rail measured 3.79V, flagged for rework.",C6450,POWER_RAIL_3V3,FAIL
LOG02398,A-5614 idle current draw: 111.58 mA.,A5614,CURRENT_DRAW,PASS
LOG02399,unit D5793 12V rail: 12.22 V.,D5793,POWER_RAIL_12V,PASS
LOG02400,c5716 5v rail measured 5.39v — within spec.,C5716,POWER_RAIL_5V,PASS
LOG02401,unit board b4413: vdd_12v rail reading 12.03v (passes).,B4413,POWER_RAIL_12V,PASS
LOG02402,"D-5694 - quiescent current 65.36mA, per ECO-114.",D5694,CURRENT_DRAW,FAIL
LOG02403,"A 4990 - board temp after 10min soak 30.4C, retest after rework.",A4990,THERMAL,PASS
LOG02404,"Checked RESET continuity on board D9696, 4.36Ohm — within spec.",D9696,CONTINUITY,PASS
LOG02405,"Checked J12 continuity on A6525, 3.73Ohm — reject, after reflow.",A6525,CONTINUITY,FAIL
LOG02406,unit A4827 thermal reading after burn-in measured 40.2C.,A4827,THERMAL,PASS
LOG02407,"D 0957 - 3v3 supply 3.35V (all good), retest after rework.",D0957,POWER_RAIL_3V3,PASS
LOG02408,board c5920 eye height ch4 measured 3.26vpp (passes).,C5920,SIGNAL_INTEGRITY,PASS
LOG02409,"checked 3v3 supply on board c1171, 3.19v (fails), shift b.",C1171,POWER_RAIL_3V3,FAIL
LOG02410,a 2559 scope reading ch4: 2.99 vpp.,A2559,SIGNAL_INTEGRITY,PASS
LOG02411,"checked thermal reading after burn-in on unit a0242, 29.7c (bad reading).",A0242,THERMAL,FAIL
LOG02412,unit B8581 board temp after 10min soak: 44.0 C (looks good).,B8581,THERMAL,PASS
LOG02413,Unit unit A5875: 12V rail reading 12.36V.,A5875,POWER_RAIL_12V,FAIL
LOG02414,"Checked scope reading CH3 on board A1828, 2.97Vpp, second attempt.",A1828,SIGNAL_INTEGRITY,FAIL
LOG02415,C 8138 VDD_5V rail: 4.82 V.,C8138,POWER_RAIL_5V,FAIL
LOG02416,A4349 EN_LINE continuity: 5.59 Ohm — good reading.,A4349,CONTINUITY,PASS
LOG02417,"Checked +3.3V rail on A3575, 3.43V — out of spec, shift B.",A3575,POWER_RAIL_3V3,FAIL
LOG02418,Unit board D2730: 12V rail reading 11.89V — good reading.,D2730,POWER_RAIL_12V,PASS
LOG02419,board D2356 12v power check: 11.94 V.,D2356,POWER_RAIL_12V,PASS
LOG02420,"Checked +3.3V rail on unit B3648, 3.24V, second attempt.",B3648,POWER_RAIL_3V3,PASS
LOG02421,"B0604 - board temp after 10min soak 60.4C (fails), customer return unit.",B0604,THERMAL,FAIL
LOG02422,"Unit C 9515: thermal soak reading reading 20.0C, good reading.",C9515,THERMAL,PASS
LOG02423,"checked resistance check clk on unit a5804, 1.44ohm (no good), after reflow.",A5804,CONTINUITY,FAIL
LOG02424,"Checked +12V supply on A-7564, 13.03V, failed, unit was reworked yesterday.",A7564,POWER_RAIL_12V,FAIL
LOG02425,Unit A7383: eye height CH1 reading 3.04Vpp — no good.,A7383,SIGNAL_INTEGRITY,FAIL
LOG02426,"Checked continuity on J4 on A 6087, 2.27Ohm, second attempt.",A6087,CONTINUITY,PASS
LOG02427,"B 0930 - eye height CH3 3.14Vpp, nominal.",B0930,SIGNAL_INTEGRITY,PASS
LOG02428,"board C7319 thermal reading after burn-in: 40.4 C, OK.",C7319,THERMAL,PASS
LOG02429,C 2354 5v power check measured 5.23V — all good.,C2354,POWER_RAIL_5V,PASS
LOG02430,Unit unit B9220: idle current draw reading 75.00mA.,B9220,CURRENT_DRAW,PASS
LOG02431,"Checked 5v power check on B-1741, 4.88V — checks out.",B1741,POWER_RAIL_5V,PASS
LOG02432,"Checked +5V supply on unit B5590, 4.88V, shift B.",B5590,POWER_RAIL_5V,FAIL
LOG02433,B 1928 +12V supply: 11.07 V (no good).,B1928,POWER_RAIL_12V,FAIL
LOG02434,Unit B-6959: continuity on EN_LINE reading 2.95Ohm.,B6959,CONTINUITY,PASS
LOG02435,"Unit D4791: continuity on J7 reading 1.79Ohm, passes.",D4791,CONTINUITY,PASS
LOG02436,"unit C0228 standby current measured 100.12mA, good reading.",C0228,CURRENT_DRAW,PASS
LOG02437,"Checked 3v3 supply on unit D1757, 2.79V, shift B.",D1757,POWER_RAIL_3V3,FAIL
LOG02438,"Checked 3v3 supply on D7201, 3.36V, all good, second attempt.",D7201,POWER_RAIL_3V3,PASS
LOG02439,D 7928 +5V supply measured 4.99V.,D7928,POWER_RAIL_5V,PASS
LOG02440,"B-9077 - J12 continuity 6.41Ohm (fails), per ECO-114.",B9077,CONTINUITY,FAIL
LOG02441,a 7225 vdd_5v rail: 5.32 v.,A7225,POWER_RAIL_5V,PASS
LOG02442,C 4576 current draw at idle measured 178.77mA.,C4576,CURRENT_DRAW,PASS
LOG02443,D-5806 current draw at idle measured 66.25mA — fails.,D5806,CURRENT_DRAW,FAIL
LOG02444,unit B6021 case temp measured 11.1C — passes.,B6021,THERMAL,PASS
LOG02445,b-3858 5v power check measured 4.91v.,B3858,POWER_RAIL_5V,PASS
LOG02446,"board C5482 - +12V supply 11.64V, line 2.",C5482,POWER_RAIL_12V,FAIL
LOG02447,"Checked continuity on J4 on C-5017, 7.06Ohm (out of spec), customer return unit.",C5017,CONTINUITY,FAIL
LOG02448,d4985 current draw at idle measured 203.85ma (doesn't look right).,D4985,CURRENT_DRAW,FAIL
LOG02449,Unit C7656: VDD_3V3 rail reading 3.25V (OK).,C7656,POWER_RAIL_3V3,PASS
LOG02450,unit D5356 quiescent current measured 14.54mA.,D5356,CURRENT_DRAW,FAIL
LOG02451,"checked board temp after 10min soak on unit d0040, 54.5c, customer return unit.",D0040,THERMAL,FAIL
LOG02452,A-8407 VDD_3V3 rail: 3.82 V.,A8407,POWER_RAIL_3V3,FAIL
LOG02453,"Checked 3.3v power check on unit A5061, 3.03V (reject), after reflow.",A5061,POWER_RAIL_3V3,FAIL
LOG02454,"Checked continuity on EN_LINE on unit B1187, 4.01Ohm, all good, line 2.",B1187,CONTINUITY,PASS
LOG02455,D9067 VDD_3V3 rail measured 3.28V — good reading.,D9067,POWER_RAIL_3V3,PASS
LOG02456,"C-1950 signal amplitude CH2: 3.49 Vpp, passes.",C1950,SIGNAL_INTEGRITY,PASS
LOG02457,B8272 - 5v power check 4.82V.,B8272,POWER_RAIL_5V,PASS
LOG02458,C 5657 5V rail: 4.91 V.,C5657,POWER_RAIL_5V,PASS
LOG02459,unit a2631: 12v power check reading 12.38v.,A2631,POWER_RAIL_12V,FAIL
LOG02460,unit D3821 cont check J12 measured 7.82Ohm.,D3821,CONTINUITY,FAIL
LOG02461,"unit d0324 - 3.3v rail 3.30v, good reading, second attempt.",D0324,POWER_RAIL_3V3,PASS
LOG02462,unit C6028 idle current draw measured 149.59mA (flagged for rework).,C6028,CURRENT_DRAW,FAIL
LOG02463,unit c2917 vdd_12v rail: 12.96 v (within spec).,C2917,POWER_RAIL_12V,PASS
LOG02464,D 1695 thermal reading after burn-in measured 40.5C.,D1695,THERMAL,PASS
LOG02465,unit B3180 3.3V rail measured 3.38V.,B3180,POWER_RAIL_3V3,PASS
LOG02466,Unit board B9713: thermal soak reading reading 21.9C.,B9713,THERMAL,FAIL
LOG02467,"B-6381 - eye height CH1 2.58Vpp, second attempt.",B6381,SIGNAL_INTEGRITY,PASS
LOG02468,"Checked 3v3 supply on unit C8704, 3.26V, shift B.",C8704,POWER_RAIL_3V3,PASS
LOG02469,"checked 5v rail on c-7132, 4.62v, no good, line 2.",C7132,POWER_RAIL_5V,FAIL
LOG02470,"checked 5v rail on unit a7616, 4.30v, unit was reworked yesterday.",A7616,POWER_RAIL_5V,FAIL
LOG02471,"unit B4342 cont check RESET: 7.66 Ohm, doesn't look right.",B4342,CONTINUITY,FAIL
LOG02472,B 5238 3.3V rail measured 3.35V — looks good.,B5238,POWER_RAIL_3V3,PASS
LOG02473,unit D9474 +3.3V rail measured 3.73V.,D9474,POWER_RAIL_3V3,FAIL
LOG02474,"Checked 3.3v power check on unit D2343, 2.84V, after reflow.",D2343,POWER_RAIL_3V3,FAIL
LOG02475,Unit unit D6365: J7 continuity reading 7.49Ohm.,D6365,CONTINUITY,FAIL
LOG02476,"board A4062 3.3v power check measured 3.60V, bad reading.",A4062,POWER_RAIL_3V3,FAIL
LOG02477,"unit C2483 - VDD_5V rail 4.77V, passes, customer return unit.",C2483,POWER_RAIL_5V,PASS
LOG02478,unit b5285 +3.3v rail measured 3.50v.,B5285,POWER_RAIL_3V3,FAIL
LOG02479,B2272 +12V supply: 11.26 V (failed).,B2272,POWER_RAIL_12V,FAIL
LOG02480,Unit board C9559: CH3 signal check reading 3.49Vpp (within spec).,C9559,SIGNAL_INTEGRITY,PASS
LOG02481,Unit board D7583: idle current draw reading 88.37mA — passes.,D7583,CURRENT_DRAW,PASS
LOG02482,Unit D 8923: thermal reading after burn-in reading 51.1C.,D8923,THERMAL,PASS
LOG02483,"Checked eye height CH2 on unit A7150, 3.28Vpp, line 2.",A7150,SIGNAL_INTEGRITY,PASS
LOG02484,"Checked VDD_3V3 rail on unit B0259, 3.21V.",B0259,POWER_RAIL_3V3,FAIL
LOG02485,"d8729 - vdd_3v3 rail 2.87v, flagged for rework, per eco-114.",D8729,POWER_RAIL_3V3,FAIL
LOG02486,"unit A0126 - eye height CH4 3.14Vpp, after reflow.",A0126,SIGNAL_INTEGRITY,PASS
LOG02487,"checked signal amplitude ch4 on board c3094, 3.20vpp (all good), unit was reworked yesterday.",C3094,SIGNAL_INTEGRITY,PASS
LOG02488,"D 0616 VDD_12V rail measured 10.81V, fails.",D0616,POWER_RAIL_12V,FAIL
LOG02489,"B-5686 - continuity on J4 7.59Ohm, line 2.",B5686,CONTINUITY,FAIL
LOG02490,"A-2595 continuity on J4 measured 7.54Ohm, reject.",A2595,CONTINUITY,FAIL
LOG02491,Unit A5369: current draw at idle reading 50.00mA.,A5369,CURRENT_DRAW,FAIL
LOG02492,B 9755 thermal soak reading: 16.2 C (checks out).,B9755,THERMAL,PASS
LOG02493,"Checked case temp on A7004, 37.7C — passes, unit was reworked yesterday.",A7004,THERMAL,PASS
LOG02494,"Checked thermal reading after burn-in on C 8574, 53.3C.",C8574,THERMAL,PASS
LOG02495,Unit B 6586: thermal reading after burn-in reading 31.8C.,B6586,THERMAL,PASS
LOG02496,"B8056 - idle current draw 102.74mA, per ECO-114.",B8056,CURRENT_DRAW,PASS
LOG02497,Unit board A5242: VDD_5V rail reading 5.01V.,A5242,POWER_RAIL_5V,PASS
LOG02498,"b0656 - eye height ch2 3.19vpp (nominal), line 2.",B0656,SIGNAL_INTEGRITY,PASS
LOG02499,"Checked CH2 signal check on A0787, 3.36Vpp, shift B.",A0787,SIGNAL_INTEGRITY,FAIL
LOG02500,B 1189 signal amplitude CH1 measured 3.26Vpp (checks out).,B1189,SIGNAL_INTEGRITY,PASS
LOG02501,"C3247 +3.3V rail measured 3.33V, checks out.",C3247,POWER_RAIL_3V3,PASS
LOG02502,D9531 - +12V supply 12.17V.,D9531,POWER_RAIL_12V,PASS
LOG02503,"unit C7478 - current draw at idle 11.32mA, line 2.",C7478,CURRENT_DRAW,FAIL
LOG02504,unit D5300 board temp after 10min soak: 20.0 C (within spec).,D5300,THERMAL,PASS
LOG02505,"C 2918 - 3v3 supply 2.80V — reject, line 2.",C2918,POWER_RAIL_3V3,FAIL
LOG02506,unit unit b4129: idle current draw reading 140.86ma (checks out).,B4129,CURRENT_DRAW,PASS
LOG02507,"D0109 - 5V rail 5.03V, second attempt.",D0109,POWER_RAIL_5V,PASS
LOG02508,unit B8269 VDD_5V rail: 5.10 V.,B8269,POWER_RAIL_5V,PASS
LOG02509,"C7757 - 12V rail 11.78V (within spec), shift B.",C7757,POWER_RAIL_12V,PASS
LOG02510,A-0879 idle current draw measured 175.82mA.,A0879,CURRENT_DRAW,PASS
LOG02511,C 0920 +12V supply measured 11.79V.,C0920,POWER_RAIL_12V,PASS
LOG02512,unit B6443 5V rail: 4.86 V.,B6443,POWER_RAIL_5V,FAIL
LOG02513,Unit A-6242: J12 continuity reading 2.62Ohm.,A6242,CONTINUITY,PASS
LOG02514,"C-9910 12v power check measured 12.13V, all good.",C9910,POWER_RAIL_12V,PASS
LOG02515,"Checked thermal soak reading on unit B3273, 30.8C, nominal, per ECO-114.",B3273,THERMAL,PASS
LOG02516,Unit unit B5854: eye height CH4 reading 3.02Vpp (bad reading).,B5854,SIGNAL_INTEGRITY,FAIL
LOG02517,Unit C-8721: CH3 signal check reading 3.51Vpp — bad reading.,C8721,SIGNAL_INTEGRITY,FAIL
LOG02518,"checked thermal reading after burn-in on board d1168, 15.7c (within spec), per eco-114.",D1168,THERMAL,PASS
LOG02519,A-4608 VDD_12V rail measured 10.83V.,A4608,POWER_RAIL_12V,FAIL
LOG02520,"unit board d2493: eye height ch1 reading 3.39vpp, reject.",D2493,SIGNAL_INTEGRITY,FAIL
LOG02521,D5173 case temp: 31.6 C (good reading).,D5173,THERMAL,PASS
LOG02522,"Checked +12V supply on board C5378, 12.17V (good reading).",C5378,POWER_RAIL_12V,PASS
LOG02523,C 0548 standby current measured 50.77mA — bad reading.,C0548,CURRENT_DRAW,FAIL
LOG02524,"B2153 - 3v3 supply 3.34V, second attempt.",B2153,POWER_RAIL_3V3,PASS
LOG02525,Unit D 9061: +5V supply reading 4.50V — doesn't look right.,D9061,POWER_RAIL_5V,FAIL
LOG02526,A9217 3.3V rail: 3.81 V (fails).,A9217,POWER_RAIL_3V3,FAIL
LOG02527,"Checked resistance check CLK on A-7302, 3.33Ohm, passes.",A7302,CONTINUITY,PASS
LOG02528,"Checked 5v power check on C6969, 4.46V — reject, shift B.",C6969,POWER_RAIL_5V,FAIL
LOG02529,C-8947 VDD_5V rail: 4.99 V — all good.,C8947,POWER_RAIL_5V,PASS
LOG02530,"D-0847 - current draw at idle 187.86mA — reject, unit was reworked yesterday.",D0847,CURRENT_DRAW,FAIL
LOG02531,board D4723 3v3 supply measured 3.58V — fails.,D4723,POWER_RAIL_3V3,FAIL
LOG02532,"C 8964 - RESET continuity 1.18Ohm — out of spec, per ECO-114.",C8964,CONTINUITY,FAIL
LOG02533,"a 8530 - 5v power check 5.74v, retest after rework.",A8530,POWER_RAIL_5V,FAIL
LOG02534,"A-1358 - J12 continuity 3.82Ohm, retest after rework.",A1358,CONTINUITY,FAIL
LOG02535,"D2314 - +5V supply 5.25V, line 2.",D2314,POWER_RAIL_5V,FAIL
LOG02536,Unit board C0607: +12V supply reading 12.88V.,C0607,POWER_RAIL_12V,PASS
LOG02537,"A-9872 - +3.3V rail 3.38V (looks good), unit was reworked yesterday.",A9872,POWER_RAIL_3V3,PASS
LOG02538,unit B8330 VDD_5V rail: 4.95 V.,B8330,POWER_RAIL_5V,PASS
LOG02539,board D0871 5V rail measured 5.17V.,D0871,POWER_RAIL_5V,FAIL
LOG02540,Unit C 3568: quiescent current reading 8.89mA.,C3568,CURRENT_DRAW,FAIL
LOG02541,B-0156 VDD_5V rail: 5.12 V.,B0156,POWER_RAIL_5V,FAIL
LOG02542,"Checked signal amplitude CH2 on unit A9961, 2.97Vpp, no good, per ECO-114.",A9961,SIGNAL_INTEGRITY,FAIL
LOG02543,C7977 12V rail: 11.87 V.,C7977,POWER_RAIL_12V,PASS
LOG02544,unit B5092 12v power check measured 12.32V (good reading).,B5092,POWER_RAIL_12V,PASS
LOG02545,"C 8196 5V rail: 5.13 V, no good.",C8196,POWER_RAIL_5V,FAIL
LOG02546,C-0842 3.3v power check measured 3.27V.,C0842,POWER_RAIL_3V3,PASS
LOG02547,board C8037 3.3V rail: 3.34 V (looks good).,C8037,POWER_RAIL_3V3,PASS
LOG02548,Unit unit B8533: thermal soak reading reading 43.7C.,B8533,THERMAL,PASS
LOG02549,A4053 RESET continuity measured 6.35Ohm — no good.,A4053,CONTINUITY,FAIL
LOG02550,Unit board A2647: signal amplitude CH4 reading 2.64Vpp.,A2647,SIGNAL_INTEGRITY,PASS
LOG02551,"A-5935 - board temp after 10min soak 42.0C (OK), per ECO-114.",A5935,THERMAL,PASS
LOG02552,B3787 resistance check CLK measured 2.79Ohm.,B3787,CONTINUITY,PASS
LOG02553,unit A0789 case temp: 29.4 C (passes).,A0789,THERMAL,PASS
LOG02554,"Checked quiescent current on board D8063, 50.00mA, all good, after reflow.",D8063,CURRENT_DRAW,PASS
LOG02555,"unit D7932 - resistance check EN_LINE 2.41Ohm — checks out, shift B.",D7932,CONTINUITY,PASS
LOG02556,D6043 continuity on J12: 4.06 Ohm.,D6043,CONTINUITY,FAIL
LOG02557,"Unit B3678: VDD_12V rail reading 13.15V, reject.",B3678,POWER_RAIL_12V,FAIL
LOG02558,Unit board A6005: cont check RESET reading 3.38Ohm.,A6005,CONTINUITY,PASS
LOG02559,A 9146 board temp after 10min soak: 16.9 C.,A9146,THERMAL,PASS
LOG02560,"B 8816 - current draw at idle 83.70mA, customer return unit.",B8816,CURRENT_DRAW,PASS
LOG02561,"Unit C5004: 5v power check reading 4.57V, bad reading.",C5004,POWER_RAIL_5V,FAIL
LOG02562,board b2747 clk continuity: 6.16 ohm — flagged for rework.,B2747,CONTINUITY,FAIL
LOG02563,"Checked case temp on board A4903, 52.1C, second attempt.",A4903,THERMAL,FAIL
LOG02564,unit board c9480: 5v rail reading 5.22v (checks out).,C9480,POWER_RAIL_5V,PASS
LOG02565,unit board a4521: quiescent current reading 25.33ma.,A4521,CURRENT_DRAW,PASS
LOG02566,"Checked resistance check EN_LINE on B0494, 3.58Ohm, shift B.",B0494,CONTINUITY,FAIL
LOG02567,"checked +3.3v rail on a 6059, 3.46v — all good, second attempt.",A6059,POWER_RAIL_3V3,PASS
LOG02568,"A4022 resistance check CLK measured 6.27Ohm, failed.",A4022,CONTINUITY,FAIL
LOG02569,"Checked 12V rail on unit A5012, 12.38V (passes), after reflow.",A5012,POWER_RAIL_12V,PASS
LOG02570,"Checked scope reading CH2 on unit D2909, 3.06Vpp, after reflow.",D2909,SIGNAL_INTEGRITY,PASS
LOG02571,unit C9299 idle current draw: 205.84 mA.,C9299,CURRENT_DRAW,FAIL
LOG02572,"b 1686 +5v supply: 5.03 v, passes.",B1686,POWER_RAIL_5V,PASS
LOG02573,board B4089 thermal reading after burn-in: 8.0 C — bad reading.,B4089,THERMAL,FAIL
LOG02574,"Checked standby current on B0158, 183.41mA, retest after rework.",B0158,CURRENT_DRAW,FAIL
LOG02575,"A8686 - scope reading CH1 3.40Vpp, per ECO-114.",A8686,SIGNAL_INTEGRITY,FAIL
LOG02576,Unit board B9209: 3.3V rail reading 3.06V — failed.,B9209,POWER_RAIL_3V3,FAIL
LOG02577,unit B3921 J12 continuity: 4.44 Ohm.,B3921,CONTINUITY,PASS
LOG02578,"Checked 3.3V rail on unit A2636, 3.69V, customer return unit.",A2636,POWER_RAIL_3V3,FAIL
LOG02579,"unit B9316 - 3v3 supply 3.28V, customer return unit.",B9316,POWER_RAIL_3V3,PASS
LOG02580,B-7337 idle current draw: 126.09 mA — no good.,B7337,CURRENT_DRAW,FAIL
LOG02581,"Unit C0785: +3.3V rail reading 3.73V, no good.",C0785,POWER_RAIL_3V3,FAIL
LOG02582,"Checked idle current draw on D2059, 194.50mA, unit was reworked yesterday.",D2059,CURRENT_DRAW,FAIL
LOG02583,board C1508 CH1 signal check measured 3.13Vpp (all good).,C1508,SIGNAL_INTEGRITY,PASS
LOG02584,Unit D0721: continuity on CLK reading 2.55Ohm.,D0721,CONTINUITY,PASS
LOG02585,Unit C0100: case temp reading 73.4C.,C0100,THERMAL,FAIL
LOG02586,C 5882 J7 continuity measured 1.65Ohm.,C5882,CONTINUITY,PASS
LOG02587,"b-7374 en_line continuity measured 5.56ohm, ok.",B7374,CONTINUITY,PASS
LOG02588,"Unit A 9247: cont check EN_LINE reading 1.91Ohm, checks out.",A9247,CONTINUITY,PASS
LOG02589,"B-4524 - case temp 37.9C — good reading, shift B.",B4524,THERMAL,PASS
LOG02590,"A 8057 - +12V supply 12.10V (OK), shift B.",A8057,POWER_RAIL_12V,PASS
LOG02591,board A1225 continuity on J12: 7.46 Ohm (flagged for rework).,A1225,CONTINUITY,FAIL
LOG02592,"board D5959 signal amplitude CH2 measured 2.96Vpp, no good.",D5959,SIGNAL_INTEGRITY,FAIL
LOG02593,Unit C 8416: thermal reading after burn-in reading 2.2C.,C8416,THERMAL,FAIL
LOG02594,"unit C4138 - quiescent current 50.91mA — doesn't look right, shift B.",C4138,CURRENT_DRAW,FAIL
LOG02595,unit a-9453: quiescent current reading 34.89ma.,A9453,CURRENT_DRAW,FAIL
LOG02596,"checked 5v power check on unit d0078, 5.60v, line 2.",D0078,POWER_RAIL_5V,FAIL
LOG02597,C-2661 cont check EN_LINE: 5.87 Ohm.,C2661,CONTINUITY,PASS
LOG02598,"C 6204 - continuity on J12 3.49Ohm, within spec, after reflow.",C6204,CONTINUITY,PASS
LOG02599,B3653 12V rail measured 11.82V — passes.,B3653,POWER_RAIL_12V,PASS
LOG02600,B9371 VDD_3V3 rail measured 3.36V (within spec).,B9371,POWER_RAIL_3V3,PASS
LOG02601,"board D9357 cont check CLK: 2.94 Ohm, within spec.",D9357,CONTINUITY,PASS
LOG02602,Unit D7724: 3.3v power check reading 3.36V (passes).,D7724,POWER_RAIL_3V3,PASS
LOG02603,"Checked VDD_3V3 rail on board D4415, 3.21V (OK), shift B.",D4415,POWER_RAIL_3V3,PASS
LOG02604,"board D7433 - VDD_5V rail 4.61V, after reflow.",D7433,POWER_RAIL_5V,PASS
LOG02605,Unit board A8641: standby current reading 50.14mA (passes).,A8641,CURRENT_DRAW,PASS
LOG02606,Unit A-3197: 5V rail reading 4.75V.,A3197,POWER_RAIL_5V,FAIL
LOG02607,board A4319 +12V supply: 11.95 V (nominal).,A4319,POWER_RAIL_12V,PASS
LOG02608,"A4284 quiescent current measured 69.00mA, doesn't look right.",A4284,CURRENT_DRAW,FAIL
LOG02609,board B8442 current draw at idle measured 160.21mA (fails).,B8442,CURRENT_DRAW,FAIL
LOG02610,"Checked current draw at idle on C0758, 175.31mA, bad reading, line 2.",C0758,CURRENT_DRAW,FAIL
LOG02611,A 8048 +3.3V rail: 3.31 V — within spec.,A8048,POWER_RAIL_3V3,PASS
LOG02612,A4344 signal amplitude CH2 measured 2.54Vpp.,A4344,SIGNAL_INTEGRITY,FAIL
LOG02613,"A6905 - standby current 99.56mA — within spec, shift B.",A6905,CURRENT_DRAW,PASS
LOG02614,Unit unit A6139: signal amplitude CH2 reading 3.29Vpp.,A6139,SIGNAL_INTEGRITY,PASS
LOG02615,"unit d4593 idle current draw: 44.22 ma, within spec.",D4593,CURRENT_DRAW,PASS
LOG02616,Unit B 5541: current draw at idle reading 129.65mA.,B5541,CURRENT_DRAW,FAIL
LOG02617,unit board b8166: vdd_3v3 rail reading 3.22v — nominal.,B8166,POWER_RAIL_3V3,PASS
LOG02618,"B 7261 scope reading CH4: 3.10 Vpp, passes.",B7261,SIGNAL_INTEGRITY,PASS
LOG02619,"board B9700 - +5V supply 4.89V (good reading), retest after rework.",B9700,POWER_RAIL_5V,PASS
LOG02620,"B 5847 - VDD_5V rail 4.96V, unit was reworked yesterday.",B5847,POWER_RAIL_5V,PASS
LOG02621,board B7758 eye height CH2 measured 2.89Vpp (bad reading).,B7758,SIGNAL_INTEGRITY,FAIL
LOG02622,"Checked signal amplitude CH1 on B-6479, 2.97Vpp, unit was reworked yesterday.",B6479,SIGNAL_INTEGRITY,FAIL
LOG02623,A 0120 +5V supply: 5.03 V.,A0120,POWER_RAIL_5V,PASS
LOG02624,"d 0904 case temp: 22.0 c, checks out.",D0904,THERMAL,PASS
LOG02625,"Checked cont check J12 on A-1781, 6.22Ohm, no good, retest after rework.",A1781,CONTINUITY,FAIL
LOG02626,A7345 VDD_12V rail: 12.60 V.,A7345,POWER_RAIL_12V,FAIL
LOG02627,D3115 case temp measured 74.3C — flagged for rework.,D3115,THERMAL,FAIL
LOG02628,Unit B 6648: 5v power check reading 4.37V.,B6648,POWER_RAIL_5V,FAIL
LOG02629,B 2827 signal amplitude CH1 measured 2.80Vpp — fails.,B2827,SIGNAL_INTEGRITY,FAIL
LOG02630,b-6554 vdd_5v rail: 4.89 v.,B6554,POWER_RAIL_5V,PASS
LOG02631,B-9684 thermal soak reading measured 6.9C.,B9684,THERMAL,FAIL
LOG02632,C 7271 VDD_12V rail measured 12.70V.,C7271,POWER_RAIL_12V,FAIL
LOG02633,C 0254 +12V supply: 11.97 V.,C0254,POWER_RAIL_12V,PASS
LOG02634,unit d9275 5v rail measured 5.66v.,D9275,POWER_RAIL_5V,FAIL
LOG02635,unit A0209 12V rail measured 12.05V (checks out).,A0209,POWER_RAIL_12V,PASS
LOG02636,"Checked +5V supply on board A2605, 4.95V — checks out, second attempt.",A2605,POWER_RAIL_5V,PASS
LOG02637,"Checked idle current draw on board D2995, 98.07mA (looks good), per ECO-114.",D2995,CURRENT_DRAW,PASS
LOG02638,"C-9070 - +12V supply 11.26V, after reflow.",C9070,POWER_RAIL_12V,FAIL
LOG02639,A-8703 board temp after 10min soak measured 31.9C.,A8703,THERMAL,PASS
LOG02640,"B-6146 - 12v power check 12.18V, after reflow.",B6146,POWER_RAIL_12V,PASS
LOG02641,Unit B-7951: VDD_12V rail reading 11.77V.,B7951,POWER_RAIL_12V,PASS
LOG02642,A 7000 +5V supply measured 5.20V (good reading).,A7000,POWER_RAIL_5V,PASS
LOG02643,board a7027 ch2 signal check measured 2.58vpp.,A7027,SIGNAL_INTEGRITY,PASS
LOG02644,Unit C-3341: quiescent current reading 98.12mA.,C3341,CURRENT_DRAW,PASS
LOG02645,D7679 quiescent current: 197.04 mA.,D7679,CURRENT_DRAW,FAIL
LOG02646,board D6749 quiescent current: 198.84 mA (reject).,D6749,CURRENT_DRAW,FAIL
LOG02647,B 1249 +12V supply measured 12.11V (all good).,B1249,POWER_RAIL_12V,PASS
LOG02648,Unit C-6083: thermal reading after burn-in reading 41.7C.,C6083,THERMAL,PASS
LOG02649,Unit unit A1945: VDD_3V3 rail reading 3.29V (within spec).,A1945,POWER_RAIL_3V3,PASS
LOG02650,A-2722 5v power check: 4.95 V.,A2722,POWER_RAIL_5V,PASS
LOG02651,D5387 CH1 signal check: 2.93 Vpp — reject.,D5387,SIGNAL_INTEGRITY,FAIL
LOG02652,"Checked 12V rail on unit C7759, 11.46V, passes, customer return unit.",C7759,POWER_RAIL_12V,PASS
LOG02653,Unit B-5455: idle current draw reading 102.23mA.,B5455,CURRENT_DRAW,PASS
LOG02654,"unit B5939 - 3.3V rail 3.36V, per ECO-114.",B5939,POWER_RAIL_3V3,PASS
LOG02655,"unit C7330 - board temp after 10min soak 36.2C, shift B.",C7330,THERMAL,PASS
LOG02656,"Checked 5V rail on A-8289, 4.90V — nominal, second attempt.",A8289,POWER_RAIL_5V,PASS
LOG02657,board A1846 VDD_12V rail measured 12.33V (OK).,A1846,POWER_RAIL_12V,PASS
LOG02658,unit board d2529: standby current reading 66.77ma.,D2529,CURRENT_DRAW,FAIL
LOG02659,Unit D 7803: standby current reading 111.49mA.,D7803,CURRENT_DRAW,PASS
LOG02660,D-9396 thermal soak reading measured 34.6C.,D9396,THERMAL,PASS
LOG02661,"checked 3v3 supply on board d8002, 3.78v (bad reading), unit was reworked yesterday.",D8002,POWER_RAIL_3V3,FAIL
LOG02662,"Checked continuity on RESET on board D7741, 7.99Ohm, second attempt.",D7741,CONTINUITY,FAIL
LOG02663,Unit D1138: continuity on J4 reading 3.24Ohm.,D1138,CONTINUITY,PASS
LOG02664,board A7612 5v power check measured 5.71V.,A7612,POWER_RAIL_5V,FAIL
LOG02665,B 2874 - idle current draw 88.10mA.,B2874,CURRENT_DRAW,PASS
LOG02666,"A 6270 VDD_3V3 rail measured 3.24V, within spec.",A6270,POWER_RAIL_3V3,PASS
LOG02667,A 7500 +12V supply measured 12.33V (no good).,A7500,POWER_RAIL_12V,FAIL
LOG02668,"board A9440 - 3v3 supply 3.25V, after reflow.",A9440,POWER_RAIL_3V3,PASS
LOG02669,A-3871 case temp measured 68.3C — doesn't look right.,A3871,THERMAL,FAIL
LOG02670,Unit D 1463: quiescent current reading 95.71mA.,D1463,CURRENT_DRAW,PASS
LOG02671,"Checked cont check J7 on A 6753, 2.32Ohm, nominal, line 2.",A6753,CONTINUITY,PASS
LOG02672,Unit C9847: scope reading CH3 reading 3.12Vpp (good reading).,C9847,SIGNAL_INTEGRITY,PASS
LOG02673,"Checked current draw at idle on board C9755, 166.62mA, all good, per ECO-114.",C9755,CURRENT_DRAW,PASS
LOG02674,"D9577 - eye height CH2 3.95Vpp — doesn't look right, per ECO-114.",D9577,SIGNAL_INTEGRITY,FAIL
LOG02675,"C8678 5V rail: 4.93 V, all good.",C8678,POWER_RAIL_5V,PASS
LOG02676,Unit unit C6938: eye height CH3 reading 3.86Vpp.,C6938,SIGNAL_INTEGRITY,FAIL
LOG02677,board C9668 thermal soak reading measured 55.0C.,C9668,THERMAL,PASS
LOG02678,"Checked thermal reading after burn-in on unit A8253, 39.2C — OK, customer return unit.",A8253,THERMAL,PASS
LOG02679,C 4035 case temp measured 31.8C — looks good.,C4035,THERMAL,PASS
LOG02680,"B1004 - cont check RESET 2.93Ohm — all good, customer return unit.",B1004,CONTINUITY,PASS
LOG02681,"B 4460 - 3.3V rail 3.22V, out of spec, line 2.",B4460,POWER_RAIL_3V3,FAIL
LOG02682,"C-6255 cont check CLK measured 6.99Ohm, out of spec.",C6255,CONTINUITY,FAIL
LOG02683,"Checked 5v power check on A-1990, 4.96V, per ECO-114.",A1990,POWER_RAIL_5V,PASS
LOG02684,D7364 current draw at idle: 14.50 mA.,D7364,CURRENT_DRAW,FAIL
LOG02685,unit a4316 continuity on j4: 7.07 ohm (doesn't look right).,A4316,CONTINUITY,FAIL
LOG02686,D 0045 standby current: 56.36 mA — fails.,D0045,CURRENT_DRAW,FAIL
LOG02687,C-8956 scope reading CH2 measured 3.93Vpp.,C8956,SIGNAL_INTEGRITY,FAIL
LOG02688,Unit D 7864: board temp after 10min soak reading 10.4C.,D7864,THERMAL,FAIL
LOG02689,"A 5203 +3.3V rail: 3.24 V, OK.",A5203,POWER_RAIL_3V3,PASS
LOG02690,Unit D6123: CH2 signal check reading 3.57Vpp — within spec.,D6123,SIGNAL_INTEGRITY,PASS
LOG02691,unit board c5807: ch2 signal check reading 4.10vpp (failed).,C5807,SIGNAL_INTEGRITY,FAIL
LOG02692,"board D3556 - case temp 40.0C, passes, after reflow.",D3556,THERMAL,PASS
LOG02693,unit unit d9579: cont check j7 reading 1.15ohm — ok.,D9579,CONTINUITY,PASS
LOG02694,Unit board C2234: 3.3v power check reading 3.36V — checks out.,C2234,POWER_RAIL_3V3,PASS
LOG02695,"C0942 - case temp 38.3C, customer return unit.",C0942,THERMAL,PASS
LOG02696,A 4059 thermal reading after burn-in: 13.3 C.,A4059,THERMAL,FAIL
LOG02697,B3113 3v3 supply: 3.30 V.,B3113,POWER_RAIL_3V3,PASS
LOG02698,B-0582 resistance check CLK measured 7.09Ohm.,B0582,CONTINUITY,FAIL
LOG02699,board d8471 case temp: 47.8 c.,D8471,THERMAL,PASS
LOG02700,"board B3211 CH3 signal check: 3.31 Vpp, checks out.",B3211,SIGNAL_INTEGRITY,PASS
LOG02701,board B5231 case temp measured 34.1C — good reading.,B5231,THERMAL,PASS
LOG02702,A6329 board temp after 10min soak measured 4.8C.,A6329,THERMAL,FAIL
LOG02703,Unit board C3837: idle current draw reading 105.22mA (looks good).,C3837,CURRENT_DRAW,PASS
LOG02704,"A-0463 - +12V supply 10.68V, doesn't look right, per ECO-114.",A0463,POWER_RAIL_12V,FAIL
LOG02705,unit a-3922: board temp after 10min soak reading 44.1c.,A3922,THERMAL,PASS
LOG02706,board b5784 cont check en_line measured 3.18ohm — nominal.,B5784,CONTINUITY,PASS
LOG02707,"D 0812 - quiescent current 105.07mA, after reflow.",D0812,CURRENT_DRAW,PASS
LOG02708,C 5046 - 12v power check 11.64V.,C5046,POWER_RAIL_12V,PASS
LOG02709,"unit A5655 - VDD_12V rail 10.91V (fails), line 2.",A5655,POWER_RAIL_12V,FAIL
LOG02710,D-3566 +12V supply measured 12.91V (fails).,D3566,POWER_RAIL_12V,FAIL
LOG02711,"Checked J4 continuity on B4323, 6.91Ohm, shift B.",B4323,CONTINUITY,FAIL
LOG02712,"Unit C 1086: continuity on J12 reading 2.09Ohm, all good.",C1086,CONTINUITY,PASS
LOG02713,C7990 cont check CLK measured 2.48Ohm (looks good).,C7990,CONTINUITY,PASS
LOG02714,B-4711 +5V supply: 4.79 V (OK).,B4711,POWER_RAIL_5V,PASS
LOG02715,"Checked case temp on D1076, 35.6C (passes), per ECO-114.",D1076,THERMAL,PASS
LOG02716,"B 0148 - board temp after 10min soak 13.6C — good reading, per ECO-114.",B0148,THERMAL,PASS
LOG02717,d 7953 continuity on j4 measured 6.74ohm (failed).,D7953,CONTINUITY,FAIL
LOG02718,B0426 3.3v power check: 3.04 V (out of spec).,B0426,POWER_RAIL_3V3,FAIL
LOG02719,"B0857 quiescent current: 110.71 mA, passes.",B0857,CURRENT_DRAW,PASS
LOG02720,"board B6303 - VDD_3V3 rail 3.35V, second attempt.",B6303,POWER_RAIL_3V3,PASS
LOG02721,unit B8892 scope reading CH2: 2.98 Vpp.,B8892,SIGNAL_INTEGRITY,PASS
LOG02722,"B-6111 - 5V rail 4.33V — fails, line 2.",B6111,POWER_RAIL_5V,FAIL
LOG02723,A-9269 VDD_3V3 rail measured 3.31V — within spec.,A9269,POWER_RAIL_3V3,PASS
LOG02724,"unit c 5362: thermal reading after burn-in reading 44.4c, passes.",C5362,THERMAL,PASS
LOG02725,D-0778 standby current measured 103.87mA.,D0778,CURRENT_DRAW,PASS
LOG02726,b 9163 resistance check clk measured 1.63ohm (within spec).,B9163,CONTINUITY,PASS
LOG02727,Unit D 4300: +5V supply reading 4.61V.,D4300,POWER_RAIL_5V,PASS
LOG02728,"D9123 - VDD_5V rail 5.63V, second attempt.",D9123,POWER_RAIL_5V,FAIL
LOG02729,D0033 quiescent current measured 167.35mA.,D0033,CURRENT_DRAW,PASS
LOG02730,unit c4718 thermal soak reading measured 33.2c.,C4718,THERMAL,PASS
LOG02731,"Checked eye height CH1 on A 7928, 3.22Vpp — passes, customer return unit.",A7928,SIGNAL_INTEGRITY,PASS
LOG02732,"D-0720 - 12v power check 12.24V — within spec, line 2.",D0720,POWER_RAIL_12V,PASS
LOG02733,"Checked quiescent current on D8607, 6.72mA, no good.",D8607,CURRENT_DRAW,FAIL
LOG02734,unit board a9238: j4 continuity reading 2.11ohm (within spec).,A9238,CONTINUITY,PASS
LOG02735,Unit unit B5116: +12V supply reading 13.07V.,B5116,POWER_RAIL_12V,FAIL
LOG02736,b 4622 idle current draw: 103.74 ma.,B4622,CURRENT_DRAW,PASS
LOG02737,A-2229 signal amplitude CH3 measured 2.80Vpp.,A2229,SIGNAL_INTEGRITY,FAIL
LOG02738,unit A1513 continuity on EN_LINE measured 3.86Ohm (good reading).,A1513,CONTINUITY,PASS
LOG02739,"board A3261 - 3.3v power check 2.66V — reject, second attempt.",A3261,POWER_RAIL_3V3,FAIL
LOG02740,"D-5990 - 5V rail 4.47V, retest after rework.",D5990,POWER_RAIL_5V,FAIL
LOG02741,Unit B 3460: 3.3v power check reading 3.33V (looks good).,B3460,POWER_RAIL_3V3,PASS
LOG02742,unit B5974 +3.3V rail measured 3.24V.,B5974,POWER_RAIL_3V3,PASS
LOG02743,b 3522 case temp: 28.2 c.,B3522,THERMAL,PASS
LOG02744,"D8299 - current draw at idle 175.76mA (looks good), unit was reworked yesterday.",D8299,CURRENT_DRAW,PASS
LOG02745,board C7519 thermal reading after burn-in measured 53.4C (within spec).,C7519,THERMAL,PASS
LOG02746,unit C3055 - board temp after 10min soak 41.3C.,C3055,THERMAL,PASS
LOG02747,"a9230 scope reading ch2 measured 3.13vpp, nominal.",A9230,SIGNAL_INTEGRITY,PASS
LOG02748,"unit A1860 - idle current draw 20.76mA, line 2.",A1860,CURRENT_DRAW,FAIL
LOG02749,"unit d2924 - 12v power check 11.51v, retest after rework.",D2924,POWER_RAIL_12V,PASS
LOG02750,A-6300 12v power check measured 11.88V.,A6300,POWER_RAIL_12V,PASS
LOG02751,B5719 12V rail measured 11.84V — all good.,B5719,POWER_RAIL_12V,PASS
LOG02752,"Checked +12V supply on unit B8328, 12.22V — looks good, unit was reworked yesterday.",B8328,POWER_RAIL_12V,PASS
LOG02753,"Checked signal amplitude CH3 on board A7640, 2.49Vpp, after reflow.",A7640,SIGNAL_INTEGRITY,FAIL
LOG02754,C5133 +5V supply measured 5.70V.,C5133,POWER_RAIL_5V,FAIL
LOG02755,"C 8349 - scope reading CH3 3.02Vpp, fails, per ECO-114.",C8349,SIGNAL_INTEGRITY,FAIL
LOG02756,board C0964 signal amplitude CH3 measured 3.23Vpp.,C0964,SIGNAL_INTEGRITY,PASS
LOG02757,"B 8115 3.3V rail measured 3.17V, all good.",B8115,POWER_RAIL_3V3,PASS
LOG02758,"checked 5v rail on d-9164, 4.89v (passes), shift b.",D9164,POWER_RAIL_5V,PASS
LOG02759,"D-2159 - continuity on J7 2.72Ohm, after reflow.",D2159,CONTINUITY,PASS
LOG02760,"A 9832 - VDD_5V rail 5.03V, checks out, per ECO-114.",A9832,POWER_RAIL_5V,PASS
LOG02761,"D 5746 eye height CH3: 3.15 Vpp, within spec.",D5746,SIGNAL_INTEGRITY,PASS
LOG02762,A-1258 12v power check measured 12.23V (OK).,A1258,POWER_RAIL_12V,PASS
LOG02763,Unit A9447: board temp after 10min soak reading 43.6C — passes.,A9447,THERMAL,PASS
LOG02764,"checked thermal soak reading on board b1179, 34.2c (within spec), customer return unit.",B1179,THERMAL,PASS
LOG02765,"Checked +12V supply on board A1957, 12.95V, line 2.",A1957,POWER_RAIL_12V,PASS
LOG02766,d-3241 j4 continuity: 5.74 ohm — bad reading.,D3241,CONTINUITY,FAIL
LOG02767,"A-3124 - 5V rail 5.10V, retest after rework.",A3124,POWER_RAIL_5V,PASS
LOG02768,Unit board B7726: +5V supply reading 4.98V.,B7726,POWER_RAIL_5V,PASS
LOG02769,"Checked continuity on J4 on B 8494, 1.86Ohm (nominal), after reflow.",B8494,CONTINUITY,PASS
LOG02770,D8832 12v power check measured 12.19V.,D8832,POWER_RAIL_12V,PASS
LOG02771,"Checked quiescent current on A-5454, 112.11mA — good reading, shift B.",A5454,CURRENT_DRAW,PASS
LOG02772,board B1547 3.3v power check: 3.39 V.,B1547,POWER_RAIL_3V3,PASS
LOG02773,"B9271 - 5V rail 4.96V, after reflow.",B9271,POWER_RAIL_5V,PASS
LOG02774,"checked quiescent current on d2917, 201.19ma, failed, retest after rework.",D2917,CURRENT_DRAW,FAIL
LOG02775,Unit A4577: signal amplitude CH3 reading 3.68Vpp.,A4577,SIGNAL_INTEGRITY,FAIL
LOG02776,"C-8960 resistance check EN_LINE: 3.38 Ohm, all good.",C8960,CONTINUITY,PASS
LOG02777,"Checked case temp on unit D2561, 40.6C (all good), shift B.",D2561,THERMAL,PASS
LOG02778,a 5957 5v rail measured 5.23v — good reading.,A5957,POWER_RAIL_5V,PASS
LOG02779,"Checked +12V supply on unit C7232, 11.79V, line 2.",C7232,POWER_RAIL_12V,PASS
LOG02780,unit A7768 case temp: 10.1 C.,A7768,THERMAL,PASS
LOG02781,"board A6093 - thermal reading after burn-in 30.3C, checks out, customer return unit.",A6093,THERMAL,PASS
LOG02782,B 7475 case temp measured 44.4C.,B7475,THERMAL,PASS
LOG02783,"A6817 - 3.3V rail 2.78V, after reflow.",A6817,POWER_RAIL_3V3,FAIL
LOG02784,"Checked 5v power check on D 5029, 4.54V, unit was reworked yesterday.",D5029,POWER_RAIL_5V,FAIL
LOG02785,unit A6696 5V rail: 4.52 V (reject).,A6696,POWER_RAIL_5V,FAIL
LOG02786,Unit D1595: 12v power check reading 11.75V (within spec).,D1595,POWER_RAIL_12V,PASS
LOG02787,"board A4018 - +12V supply 11.28V (within spec), customer return unit.",A4018,POWER_RAIL_12V,PASS
LOG02788,"board a1274 - continuity on j4 7.78ohm, customer return unit.",A1274,CONTINUITY,FAIL
LOG02789,Unit board B5218: cont check CLK reading 3.80Ohm.,B5218,CONTINUITY,FAIL
LOG02790,"b-3009 - 3.3v power check 3.39v, shift b.",B3009,POWER_RAIL_3V3,PASS
LOG02791,Unit B 9302: 12v power check reading 10.82V.,B9302,POWER_RAIL_12V,FAIL
LOG02792,"Checked +12V supply on A0306, 11.99V, unit was reworked yesterday.",A0306,POWER_RAIL_12V,PASS
LOG02793,"A-9082 - VDD_12V rail 12.14V, after reflow.",A9082,POWER_RAIL_12V,PASS
LOG02794,c 8871 standby current measured 104.43ma.,C8871,CURRENT_DRAW,PASS
LOG02795,"d 1248 - 3v3 supply 3.42v, retest after rework.",D1248,POWER_RAIL_3V3,PASS
LOG02796,Unit A 4268: 3v3 supply reading 3.16V — doesn't look right.,A4268,POWER_RAIL_3V3,FAIL
LOG02797,d 7273 3.3v rail: 2.92 v.,D7273,POWER_RAIL_3V3,FAIL
LOG02798,"A-1345 3v3 supply measured 3.20V, reject.",A1345,POWER_RAIL_3V3,FAIL
LOG02799,"unit b2144 idle current draw: -2.98 ma, reject.",B2144,CURRENT_DRAW,FAIL
LOG02800,"board A2042 - 3.3v power check 3.30V, second attempt.",A2042,POWER_RAIL_3V3,PASS
LOG02801,a 9760 clk continuity: 1.88 ohm.,A9760,CONTINUITY,PASS
LOG02802,board A6426 +3.3V rail: 3.27 V.,A6426,POWER_RAIL_3V3,PASS
LOG02803,"D0292 - 3.3v power check 3.42V — looks good, customer return unit.",D0292,POWER_RAIL_3V3,PASS
LOG02804,Unit A2880: cont check J12 reading 3.12Ohm.,A2880,CONTINUITY,PASS
LOG02805,unit a 3562: 5v power check reading 4.97v (nominal).,A3562,POWER_RAIL_5V,PASS
LOG02806,"A5577 - +12V supply 11.76V — passes, customer return unit.",A5577,POWER_RAIL_12V,PASS
LOG02807,"unit d9247 cont check clk measured 3.96ohm, no good.",D9247,CONTINUITY,FAIL
LOG02808,unit c9529 scope reading ch3: 3.24 vpp.,C9529,SIGNAL_INTEGRITY,PASS
LOG02809,"Checked scope reading CH3 on D 0437, 3.77Vpp, shift B.",D0437,SIGNAL_INTEGRITY,FAIL
LOG02810,"checked 3v3 supply on board b8917, 3.24v, looks good, unit was reworked yesterday.",B8917,POWER_RAIL_3V3,PASS
LOG02811,"unit D3773 - continuity on J4 5.99Ohm, OK, retest after rework.",D3773,CONTINUITY,PASS
LOG02812,Unit A1111: board temp after 10min soak reading 75.4C (failed).,A1111,THERMAL,FAIL
LOG02813,C9322 5v power check measured 4.60V.,C9322,POWER_RAIL_5V,PASS
LOG02814,board D5437 VDD_3V3 rail measured 3.29V — looks good.,D5437,POWER_RAIL_3V3,PASS
LOG02815,c-0453 - +3.3v rail 2.72v — no good.,C0453,POWER_RAIL_3V3,FAIL
LOG02816,"D-0926 - 3.3V rail 3.33V (nominal), customer return unit.",D0926,POWER_RAIL_3V3,PASS
LOG02817,Unit board A0448: 3v3 supply reading 3.21V.,A0448,POWER_RAIL_3V3,FAIL
LOG02818,"board A4868 - current draw at idle 113.92mA, line 2.",A4868,CURRENT_DRAW,PASS
LOG02819,"checked case temp on d 7001, 65.2c — passes, per eco-114.",D7001,THERMAL,PASS
LOG02820,"unit B9353 - CH4 signal check 3.02Vpp, customer return unit.",B9353,SIGNAL_INTEGRITY,PASS
LOG02821,A-2784 - case temp 60.3C — passes.,A2784,THERMAL,PASS
LOG02822,Unit A-5991: VDD_5V rail reading 4.97V.,A5991,POWER_RAIL_5V,PASS
LOG02823,"unit a 0035: continuity on en_line reading 6.95ohm, no good.",A0035,CONTINUITY,FAIL
LOG02824,Unit A 2262: standby current reading 100.51mA.,A2262,CURRENT_DRAW,PASS
LOG02825,"Checked J12 continuity on C8219, 1.05Ohm, customer return unit.",C8219,CONTINUITY,FAIL
LOG02826,board A7748 3.3v power check measured 3.20V.,A7748,POWER_RAIL_3V3,FAIL
LOG02827,unit C4526 scope reading CH2: 2.45 Vpp.,C4526,SIGNAL_INTEGRITY,FAIL
LOG02828,"unit D2048 - 3.3v power check 2.69V (bad reading), shift B.",D2048,POWER_RAIL_3V3,FAIL
LOG02829,"unit b4646 thermal reading after burn-in: 9.7 c, flagged for rework.",B4646,THERMAL,FAIL
LOG02830,Unit unit C3476: standby current reading 105.94mA.,C3476,CURRENT_DRAW,PASS
LOG02831,unit c5856 thermal soak reading measured 5.8c.,C5856,THERMAL,FAIL
LOG02832,Unit board B8036: standby current reading 124.09mA (failed).,B8036,CURRENT_DRAW,FAIL
LOG02833,unit A5123 3.3v power check measured 3.46V.,A5123,POWER_RAIL_3V3,PASS
LOG02834,"board c4142 - case temp 43.5c — ok, second attempt.",C4142,THERMAL,PASS
LOG02835,"Checked scope reading CH1 on C 4236, 3.91Vpp, after reflow.",C4236,SIGNAL_INTEGRITY,FAIL
LOG02836,Unit board A3252: current draw at idle reading 207.18mA — no good.,A3252,CURRENT_DRAW,FAIL
LOG02837,unit b0066 signal amplitude ch1 measured 3.13vpp.,B0066,SIGNAL_INTEGRITY,PASS
LOG02838,"Checked standby current on unit C2139, 162.41mA, unit was reworked yesterday.",C2139,CURRENT_DRAW,FAIL
LOG02839,Unit unit B2852: idle current draw reading 166.55mA (good reading).,B2852,CURRENT_DRAW,PASS
LOG02840,Unit unit A2139: idle current draw reading 62.37mA (good reading).,A2139,CURRENT_DRAW,PASS
LOG02841,D 7557 VDD_12V rail measured 13.27V.,D7557,POWER_RAIL_12V,FAIL
LOG02842,board A4666 board temp after 10min soak: 55.0 C.,A4666,THERMAL,PASS
LOG02843,B 0635 continuity on J7 measured 6.80Ohm.,B0635,CONTINUITY,FAIL
LOG02844,"Checked 12v power check on C-9273, 13.07V, shift B.",C9273,POWER_RAIL_12V,FAIL
LOG02845,"Checked board temp after 10min soak on C2208, 28.1C — checks out, per ECO-114.",C2208,THERMAL,PASS
LOG02846,"c-5925 - vdd_5v rail 5.45v — failed, customer return unit.",C5925,POWER_RAIL_5V,FAIL
LOG02847,"board B8974 +5V supply: 4.76 V, good reading.",B8974,POWER_RAIL_5V,PASS
LOG02848,"Checked scope reading CH3 on D-9793, 2.46Vpp (bad reading), per ECO-114.",D9793,SIGNAL_INTEGRITY,FAIL
LOG02849,"B-5328 - quiescent current 111.37mA — nominal, after reflow.",B5328,CURRENT_DRAW,PASS
LOG02850,Unit board B2868: VDD_12V rail reading 11.50V (bad reading).,B2868,POWER_RAIL_12V,FAIL
LOG02851,"unit A9327 - VDD_5V rail 4.89V (bad reading), second attempt.",A9327,POWER_RAIL_5V,FAIL
LOG02852,"Checked resistance check EN_LINE on board D0357, 2.69Ohm, retest after rework.",D0357,CONTINUITY,PASS
LOG02853,unit D7469 CH4 signal check: 2.33 Vpp.,D7469,SIGNAL_INTEGRITY,FAIL
LOG02854,"checked case temp on d 7847, 0.5c (flagged for rework), per eco-114.",D7847,THERMAL,FAIL
LOG02855,"a6865 - eye height ch2 2.65vpp (ok), shift b.",A6865,SIGNAL_INTEGRITY,PASS
LOG02856,Unit unit D2332: CH4 signal check reading 3.12Vpp (nominal).,D2332,SIGNAL_INTEGRITY,PASS
LOG02857,B9031 board temp after 10min soak: 45.8 C (reject).,B9031,THERMAL,FAIL
LOG02858,Unit B-0849: standby current reading 76.19mA.,B0849,CURRENT_DRAW,FAIL
LOG02859,"unit C5292 - thermal soak reading 61.2C, retest after rework.",C5292,THERMAL,FAIL
LOG02860,Unit unit C6574: case temp reading 42.6C.,C6574,THERMAL,PASS
LOG02861,Unit A9032: thermal soak reading reading 56.8C — doesn't look right.,A9032,THERMAL,FAIL
LOG02862,"a6894 standby current measured 40.96ma, fails.",A6894,CURRENT_DRAW,FAIL
LOG02863,A 1712 current draw at idle measured 81.59mA.,A1712,CURRENT_DRAW,PASS
LOG02864,A-6393 thermal soak reading measured 75.1C (failed).,A6393,THERMAL,FAIL
LOG02865,Unit unit D9041: 3.3V rail reading 3.79V.,D9041,POWER_RAIL_3V3,FAIL
LOG02866,Unit A9254: scope reading CH4 reading 3.19Vpp (good reading).,A9254,SIGNAL_INTEGRITY,PASS
LOG02867,unit b7306 board temp after 10min soak measured 32.0c — passes.,B7306,THERMAL,PASS
LOG02868,board D7925 VDD_3V3 rail measured 3.93V (doesn't look right).,D7925,POWER_RAIL_3V3,FAIL
LOG02869,board B1507 3v3 supply measured 3.30V — OK.,B1507,POWER_RAIL_3V3,PASS
LOG02870,"Checked +5V supply on D7807, 5.04V, looks good, per ECO-114.",D7807,POWER_RAIL_5V,PASS
LOG02871,D7963 signal amplitude CH2: 2.42 Vpp.,D7963,SIGNAL_INTEGRITY,FAIL
LOG02872,board D3983 VDD_12V rail: 11.18 V — all good.,D3983,POWER_RAIL_12V,PASS
LOG02873,"Checked 5v power check on B7837, 4.97V, retest after rework.",B7837,POWER_RAIL_5V,PASS
LOG02874,"unit c4680: thermal soak reading reading 59.8c, all good.",C4680,THERMAL,PASS
LOG02875,A 8147 CH2 signal check: 2.92 Vpp.,A8147,SIGNAL_INTEGRITY,PASS
LOG02876,D-0180 VDD_5V rail: 5.06 V.,D0180,POWER_RAIL_5V,PASS
LOG02877,"checked board temp after 10min soak on a 9352, 30.1c, looks good, second attempt.",A9352,THERMAL,PASS
LOG02878,board A9173 3v3 supply measured 3.26V.,A9173,POWER_RAIL_3V3,PASS
LOG02879,D5743 5v power check: 5.18 V (all good).,D5743,POWER_RAIL_5V,PASS
LOG02880,"Checked 5V rail on D 2088, 4.97V.",D2088,POWER_RAIL_5V,PASS
LOG02881,board c7347 - +5v supply 5.15v.,C7347,POWER_RAIL_5V,PASS
LOG02882,"Checked board temp after 10min soak on C1410, 67.2C (no good), after reflow.",C1410,THERMAL,FAIL
LOG02883,Unit B-0538: case temp reading 11.0C (no good).,B0538,THERMAL,FAIL
LOG02884,"unit A4891 - thermal soak reading 55.0C, doesn't look right, customer return unit.",A4891,THERMAL,FAIL
LOG02885,B0874 CH4 signal check measured 2.35Vpp.,B0874,SIGNAL_INTEGRITY,FAIL
LOG02886,"A-6963 VDD_5V rail measured 5.05V, OK.",A6963,POWER_RAIL_5V,PASS
LOG02887,"board D6741 - quiescent current 98.91mA, shift B.",D6741,CURRENT_DRAW,PASS
LOG02888,B9380 continuity on J7 measured 2.85Ohm — passes.,B9380,CONTINUITY,PASS
LOG02889,"D 5309 signal amplitude CH1 measured 3.10Vpp, checks out.",D5309,SIGNAL_INTEGRITY,PASS
LOG02890,"unit C6007 - 12V rail 12.05V, within spec, per ECO-114.",C6007,POWER_RAIL_12V,PASS
LOG02891,"C3288 - thermal soak reading 45.5C, second attempt.",C3288,THERMAL,FAIL
LOG02892,"Checked thermal reading after burn-in on D 7655, 24.2C, customer return unit.",D7655,THERMAL,FAIL
LOG02893,B 4042 cont check J12: 1.76 Ohm.,B4042,CONTINUITY,PASS
LOG02894,"C 7597 - J4 continuity 1.68Ohm, customer return unit.",C7597,CONTINUITY,PASS
LOG02895,c 1801 5v power check: 4.98 v (all good).,C1801,POWER_RAIL_5V,PASS
LOG02896,B6688 board temp after 10min soak: 30.0 C.,B6688,THERMAL,PASS
LOG02897,board B4398 VDD_5V rail: 5.02 V (good reading).,B4398,POWER_RAIL_5V,PASS
LOG02898,"D4675 case temp: -0.4 C, bad reading.",D4675,THERMAL,FAIL
LOG02899,"Checked VDD_12V rail on board D3327, 11.94V (OK), customer return unit.",D3327,POWER_RAIL_12V,PASS
LOG02900,"Checked current draw at idle on unit C7954, 158.41mA, OK, after reflow.",C7954,CURRENT_DRAW,PASS
LOG02901,"D-4246 - signal amplitude CH4 3.36Vpp, shift B.",D4246,SIGNAL_INTEGRITY,FAIL
LOG02902,"Checked 3v3 supply on B4241, 3.43V (checks out), shift B.",B4241,POWER_RAIL_3V3,PASS
LOG02903,"board D1636 cont check J4 measured 1.76Ohm, good reading.",D1636,CONTINUITY,PASS
LOG02904,D 1578 thermal reading after burn-in: 42.8 C.,D1578,THERMAL,PASS
LOG02905,Unit A-9650: idle current draw reading 109.46mA — good reading.,A9650,CURRENT_DRAW,PASS
LOG02906,Unit D 2910: resistance check J7 reading 3.24Ohm.,D2910,CONTINUITY,PASS
LOG02907,"A-8198 - 5V rail 4.34V, reject, per ECO-114.",A8198,POWER_RAIL_5V,FAIL
LOG02908,Unit C 4446: resistance check EN_LINE reading 5.97Ohm.,C4446,CONTINUITY,PASS
LOG02909,"Checked 5V rail on unit D3255, 5.46V — doesn't look right, per ECO-114.",D3255,POWER_RAIL_5V,FAIL
LOG02910,"Checked eye height CH2 on unit A6067, 2.70Vpp, unit was reworked yesterday.",A6067,SIGNAL_INTEGRITY,PASS
LOG02911,"A4930 - 5v power check 5.25V, after reflow.",A4930,POWER_RAIL_5V,FAIL
LOG02912,"C1530 - CH2 signal check 3.21Vpp, shift B.",C1530,SIGNAL_INTEGRITY,PASS
LOG02913,"Unit B 6635: RESET continuity reading 1.00Ohm, checks out.",B6635,CONTINUITY,PASS
LOG02914,board a3553 j12 continuity: 0.30 ohm.,A3553,CONTINUITY,FAIL
LOG02915,"unit D4713 - +12V supply 12.14V, good reading, customer return unit.",D4713,POWER_RAIL_12V,PASS
LOG02916,"D 6632 - 12v power check 12.25V, flagged for rework, second attempt.",D6632,POWER_RAIL_12V,FAIL
LOG02917,"C6435 - J12 continuity 7.03Ohm, second attempt.",C6435,CONTINUITY,FAIL
LOG02918,"D 7413 - resistance check J4 4.37Ohm — passes, customer return unit.",D7413,CONTINUITY,PASS
LOG02919,"checked vdd_12v rail on c 8242, 11.74v, after reflow.",C8242,POWER_RAIL_12V,PASS
LOG02920,"board A5741 - 5V rail 4.95V, second attempt.",A5741,POWER_RAIL_5V,PASS
LOG02921,board B4075 resistance check CLK measured 2.09Ohm (all good).,B4075,CONTINUITY,PASS
LOG02922,"Checked case temp on unit B6070, 44.8C — failed.",B6070,THERMAL,FAIL
LOG02923,"Checked quiescent current on D-9882, 42.18mA, shift B.",D9882,CURRENT_DRAW,PASS
LOG02924,Unit board D6693: case temp reading 11.5C (flagged for rework).,D6693,THERMAL,FAIL
LOG02925,B-3173 standby current measured 75.76mA (doesn't look right).,B3173,CURRENT_DRAW,FAIL
LOG02926,"A 0421 - 5V rail 5.60V — doesn't look right, unit was reworked yesterday.",A0421,POWER_RAIL_5V,FAIL
LOG02927,unit d2780 cont check j7 measured 2.95ohm (nominal).,D2780,CONTINUITY,PASS
LOG02928,B-9459 standby current: 113.69 mA.,B9459,CURRENT_DRAW,PASS
LOG02929,"C 0557 12V rail measured 12.08V, looks good.",C0557,POWER_RAIL_12V,PASS
LOG02930,Unit D8013: EN_LINE continuity reading 1.62Ohm.,D8013,CONTINUITY,PASS
LOG02931,board C7609 3v3 supply measured 3.43V.,C7609,POWER_RAIL_3V3,PASS
LOG02932,"Checked J4 continuity on D-2234, 2.80Ohm, looks good, shift B.",D2234,CONTINUITY,PASS
LOG02933,"B 8755 quiescent current: 82.71 mA, looks good.",B8755,CURRENT_DRAW,PASS
LOG02934,D1675 thermal reading after burn-in: 18.0 C — doesn't look right.,D1675,THERMAL,FAIL
LOG02935,"C 1677 - 12V rail 12.18V, retest after rework.",C1677,POWER_RAIL_12V,PASS
LOG02936,"unit C6647 - resistance check CLK 4.62Ohm (OK), retest after rework.",C6647,CONTINUITY,PASS
LOG02937,"Checked 12v power check on C-3922, 12.99V (no good), second attempt.",C3922,POWER_RAIL_12V,FAIL
LOG02938,Unit unit B4615: case temp reading 69.4C.,B4615,THERMAL,FAIL
LOG02939,Unit unit A6493: CH3 signal check reading 2.86Vpp (OK).,A6493,SIGNAL_INTEGRITY,PASS
LOG02940,A-1245 thermal soak reading: 28.3 C.,A1245,THERMAL,PASS
LOG02941,"Checked board temp after 10min soak on D 4324, 38.8C — checks out, retest after rework.",D4324,THERMAL,PASS
LOG02942,"C 4790 12v power check: 11.87 V, all good.",C4790,POWER_RAIL_12V,PASS
LOG02943,"c-9492 - cont check j7 6.17ohm, after reflow.",C9492,CONTINUITY,FAIL
LOG02944,B 6822 signal amplitude CH3 measured 3.41Vpp.,B6822,SIGNAL_INTEGRITY,PASS
LOG02945,"Checked resistance check RESET on unit A9016, 5.49Ohm, passes, customer return unit.",A9016,CONTINUITY,PASS
LOG02946,Unit board C1023: J4 continuity reading 2.16Ohm.,C1023,CONTINUITY,PASS
LOG02947,"checked 3v3 supply on board d7974, 3.13v, customer return unit.",D7974,POWER_RAIL_3V3,FAIL
LOG02948,"D 4481 - 12V rail 12.34V, line 2.",D4481,POWER_RAIL_12V,PASS
LOG02949,Unit B1155: signal amplitude CH2 reading 3.45Vpp.,B1155,SIGNAL_INTEGRITY,PASS
LOG02950,Unit B-0419: thermal soak reading reading 39.8C (within spec).,B0419,THERMAL,PASS
LOG02951,board C7176 3.3v power check: 3.28 V.,C7176,POWER_RAIL_3V3,PASS
LOG02952,Unit B8918: thermal reading after burn-in reading 20.0C.,B8918,THERMAL,FAIL
LOG02953,C4381 scope reading CH4 measured 3.94Vpp (fails).,C4381,SIGNAL_INTEGRITY,FAIL
LOG02954,Unit C-2611: eye height CH3 reading 3.00Vpp.,C2611,SIGNAL_INTEGRITY,PASS
LOG02955,B-1783 +3.3V rail: 3.76 V — no good.,B1783,POWER_RAIL_3V3,FAIL
LOG02956,D-9607 CLK continuity: 3.61 Ohm.,D9607,CONTINUITY,PASS
LOG02957,C5246 5v power check measured 5.25V.,C5246,POWER_RAIL_5V,PASS
LOG02958,B-2015 signal amplitude CH4 measured 2.60Vpp.,B2015,SIGNAL_INTEGRITY,PASS
LOG02959,board D3838 - standby current 102.39mA — good reading.,D3838,CURRENT_DRAW,PASS
LOG02960,"unit A0595 - continuity on EN_LINE 1.75Ohm (all good), shift B.",A0595,CONTINUITY,PASS
LOG02961,unit D5447 board temp after 10min soak measured 71.1C — failed.,D5447,THERMAL,FAIL
LOG02962,"d-2619 - idle current draw 7.68ma, retest after rework.",D2619,CURRENT_DRAW,FAIL
LOG02963,A-5954 idle current draw: 50.84 mA — checks out.,A5954,CURRENT_DRAW,PASS
LOG02964,B6100 VDD_5V rail measured 5.20V (failed).,B6100,POWER_RAIL_5V,FAIL
LOG02965,C 3440 5V rail: 5.04 V (looks good).,C3440,POWER_RAIL_5V,PASS
LOG02966,board A5434 5V rail: 5.16 V — failed.,A5434,POWER_RAIL_5V,FAIL
LOG02967,"D 4603 - 12V rail 13.26V, unit was reworked yesterday.",D4603,POWER_RAIL_12V,FAIL
LOG02968,"D-8938 case temp: 23.7 C, bad reading.",D8938,THERMAL,FAIL
LOG02969,"B6073 - +3.3V rail 3.17V — looks good, customer return unit.",B6073,POWER_RAIL_3V3,PASS
LOG02970,"B4055 - CH3 signal check 3.18Vpp, line 2.",B4055,SIGNAL_INTEGRITY,PASS
LOG02971,Unit C0609: scope reading CH3 reading 3.02Vpp.,C0609,SIGNAL_INTEGRITY,FAIL
LOG02972,"unit d0117 - vdd_12v rail 11.77v — ok, line 2.",D0117,POWER_RAIL_12V,PASS
LOG02973,"Checked thermal soak reading on B2867, 20.9C, reject, second attempt.",B2867,THERMAL,FAIL
LOG02974,"Checked idle current draw on B 5980, 34.31mA — out of spec, per ECO-114.",B5980,CURRENT_DRAW,FAIL
LOG02975,"Checked +3.3V rail on unit C2683, 3.33V, line 2.",C2683,POWER_RAIL_3V3,PASS
LOG02976,"unit d5349 - standby current 102.19ma, checks out, retest after rework.",D5349,CURRENT_DRAW,PASS
LOG02977,"B7191 - VDD_12V rail 12.06V, second attempt.",B7191,POWER_RAIL_12V,PASS
LOG02978,"unit C3833 12v power check: 10.84 V, reject.",C3833,POWER_RAIL_12V,FAIL
LOG02979,"C7301 - signal amplitude CH4 3.40Vpp (all good), shift B.",C7301,SIGNAL_INTEGRITY,PASS
LOG02980,"unit D6137 - 12V rail 12.33V (no good), shift B.",D6137,POWER_RAIL_12V,FAIL
LOG02981,B 7711 thermal soak reading measured 54.5C.,B7711,THERMAL,FAIL
LOG02982,"b-6471 - quiescent current 22.57ma, fails, line 2.",B6471,CURRENT_DRAW,FAIL
LOG02983,unit b 1215: cont check j7 reading 3.71ohm — checks out.,B1215,CONTINUITY,PASS
LOG02984,C-3777 scope reading CH2: 3.25 Vpp — all good.,C3777,SIGNAL_INTEGRITY,PASS
LOG02985,d 7383 resistance check j12 measured 2.53ohm (ok).,D7383,CONTINUITY,PASS
LOG02986,"Checked standby current on B-3562, 88.90mA, shift B.",B3562,CURRENT_DRAW,PASS
LOG02987,A-2044 CH3 signal check: 3.22 Vpp — looks good.,A2044,SIGNAL_INTEGRITY,PASS
LOG02988,board B9511 thermal reading after burn-in measured 44.8C.,B9511,THERMAL,FAIL
LOG02989,Unit A-9757: +5V supply reading 4.85V.,A9757,POWER_RAIL_5V,PASS
LOG02990,Unit A 1072: signal amplitude CH1 reading 3.91Vpp (out of spec).,A1072,SIGNAL_INTEGRITY,FAIL
LOG02991,"Checked standby current on C3060, 117.92mA, line 2.",C3060,CURRENT_DRAW,PASS
LOG02992,"Checked 12v power check on B-1926, 11.43V — all good, line 2.",B1926,POWER_RAIL_12V,PASS
LOG02993,unit B6416 3.3V rail: 2.72 V.,B6416,POWER_RAIL_3V3,FAIL
LOG02994,Unit board B9532: quiescent current reading 142.86mA.,B9532,CURRENT_DRAW,FAIL
LOG02995,"Unit D-8969: VDD_5V rail reading 5.56V, no good.",D8969,POWER_RAIL_5V,FAIL
LOG02996,unit board d5363: current draw at idle reading 101.70ma (ok).,D5363,CURRENT_DRAW,PASS
LOG02997,"Checked board temp after 10min soak on board C0840, 28.7C, reject, unit was reworked yesterday.",C0840,THERMAL,FAIL
LOG02998,"D0978 case temp: 13.0 C, OK.",D0978,THERMAL,PASS
LOG02999,"Checked 12v power check on board C5157, 12.00V, after reflow.",C5157,POWER_RAIL_12V,PASS
LOG03000,"C-6404 - cont check RESET 2.16Ohm — looks good, per ECO-114.",C6404,CONTINUITY,PASS
LOG03001,A-5166 cont check RESET: 0.51 Ohm.,A5166,CONTINUITY,FAIL
LOG03002,"C 4085 3.3v power check: 3.25 V, passes.",C4085,POWER_RAIL_3V3,PASS
LOG03003,"B-3737 - 12v power check 11.02V, retest after rework.",B3737,POWER_RAIL_12V,FAIL
LOG03004,"Checked 5V rail on unit A8274, 4.94V, customer return unit.",A8274,POWER_RAIL_5V,PASS
LOG03005,A 4633 current draw at idle: 57.66 mA — passes.,A4633,CURRENT_DRAW,PASS
LOG03006,B-4150 quiescent current measured 97.96mA — nominal.,B4150,CURRENT_DRAW,PASS
LOG03007,"Checked 5V rail on D8801, 4.93V (looks good), per ECO-114.",D8801,POWER_RAIL_5V,PASS
LOG03008,"C7206 - +3.3V rail 3.32V, retest after rework.",C7206,POWER_RAIL_3V3,PASS
LOG03009,"d-2992 - +3.3v rail 3.84v, line 2.",D2992,POWER_RAIL_3V3,FAIL
LOG03010,unit d 2652: eye height ch3 reading 3.09vpp.,D2652,SIGNAL_INTEGRITY,PASS
LOG03011,"C-7724 - VDD_3V3 rail 3.30V (all good), shift B.",C7724,POWER_RAIL_3V3,PASS
LOG03012,"Checked 12V rail on board D2202, 11.62V, reject, second attempt.",D2202,POWER_RAIL_12V,FAIL
LOG03013,"unit D0591 - CH1 signal check 3.96Vpp, per ECO-114.",D0591,SIGNAL_INTEGRITY,FAIL
LOG03014,"Unit C-2672: current draw at idle reading 156.77mA, failed.",C2672,CURRENT_DRAW,FAIL
LOG03015,D 8008 resistance check CLK measured 1.51Ohm.,D8008,CONTINUITY,PASS
LOG03016,Unit C 4080: +12V supply reading 10.91V (no good).,C4080,POWER_RAIL_12V,FAIL
LOG03017,D 3615 current draw at idle: 206.44 mA.,D3615,CURRENT_DRAW,FAIL
LOG03018,"Checked eye height CH3 on C1808, 2.82Vpp, shift B.",C1808,SIGNAL_INTEGRITY,PASS
LOG03019,"board C4791 - board temp after 10min soak 71.4C, unit was reworked yesterday.",C4791,THERMAL,FAIL
LOG03020,Unit unit C8619: signal amplitude CH2 reading 3.34Vpp.,C8619,SIGNAL_INTEGRITY,PASS
LOG03021,board D0535 RESET continuity: 5.62 Ohm — reject.,D0535,CONTINUITY,FAIL
LOG03022,A 2759 12V rail: 12.39 V.,A2759,POWER_RAIL_12V,PASS
LOG03023,C8583 scope reading CH2 measured 3.48Vpp.,C8583,SIGNAL_INTEGRITY,PASS
LOG03024,"unit B5432 - case temp 73.2C, customer return unit.",B5432,THERMAL,FAIL
LOG03025,unit A5682 3v3 supply measured 3.20V.,A5682,POWER_RAIL_3V3,PASS
LOG03026,"board C0398 - case temp 8.8C — bad reading, shift B.",C0398,THERMAL,FAIL
LOG03027,Unit board D3056: signal amplitude CH1 reading 2.53Vpp.,D3056,SIGNAL_INTEGRITY,FAIL
LOG03028,Unit unit B5233: +5V supply reading 4.94V.,B5233,POWER_RAIL_5V,PASS
LOG03029,C 1733 5v power check: 4.93 V (good reading).,C1733,POWER_RAIL_5V,PASS
LOG03030,"C-0831 - board temp after 10min soak 68.3C (fails), after reflow.",C0831,THERMAL,FAIL
LOG03031,board A7845 3v3 supply: 3.46 V (looks good).,A7845,POWER_RAIL_3V3,PASS
LOG03032,"Checked continuity on J12 on unit C8376, 5.54Ohm, retest after rework.",C8376,CONTINUITY,PASS
LOG03033,"A5808 - idle current draw 119.30mA (all good), retest after rework.",A5808,CURRENT_DRAW,PASS
LOG03034,"checked 5v rail on a-5051, 5.74v, doesn't look right, per eco-114.",A5051,POWER_RAIL_5V,FAIL
LOG03035,"Checked resistance check J4 on A-3179, 3.37Ohm, nominal, per ECO-114.",A3179,CONTINUITY,PASS
LOG03036,"Checked 5V rail on unit C8422, 5.31V, OK, line 2.",C8422,POWER_RAIL_5V,PASS
LOG03037,"board B6496 - +5V supply 4.32V — doesn't look right, per ECO-114.",B6496,POWER_RAIL_5V,FAIL
LOG03038,"Checked thermal soak reading on unit C2702, 63.9C — out of spec, second attempt.",C2702,THERMAL,FAIL
LOG03039,b 9879 +5v supply measured 4.75v.,B9879,POWER_RAIL_5V,PASS
LOG03040,"C2922 - scope reading CH1 2.57Vpp — looks good, shift B.",C2922,SIGNAL_INTEGRITY,PASS
LOG03041,unit B3991 VDD_3V3 rail: 3.33 V (passes).,B3991,POWER_RAIL_3V3,PASS
LOG03042,"Checked CH3 signal check on D9951, 3.59Vpp, looks good, second attempt.",D9951,SIGNAL_INTEGRITY,PASS
LOG03043,C 0709 3.3V rail: 3.20 V.,C0709,POWER_RAIL_3V3,PASS
LOG03044,"checked reset continuity on c 4126, 3.64ohm, second attempt.",C4126,CONTINUITY,FAIL
LOG03045,Unit unit C1484: quiescent current reading 77.79mA — reject.,C1484,CURRENT_DRAW,FAIL
LOG03046,Unit board C9945: 3v3 supply reading 3.85V.,C9945,POWER_RAIL_3V3,FAIL
LOG03047,"Checked VDD_12V rail on D 9231, 11.40V, second attempt.",D9231,POWER_RAIL_12V,PASS
LOG03048,"A 4190 - CLK continuity 7.77Ohm, flagged for rework, second attempt.",A4190,CONTINUITY,FAIL
LOG03049,"b9407 - +5v supply 4.99v, second attempt.",B9407,POWER_RAIL_5V,PASS
LOG03050,Unit A3659: cont check J4 reading 0.32Ohm — failed.,A3659,CONTINUITY,FAIL
LOG03051,"Checked +5V supply on C1979, 5.25V, per ECO-114.",C1979,POWER_RAIL_5V,FAIL
LOG03052,a-5510 standby current measured 91.31ma.,A5510,CURRENT_DRAW,PASS
LOG03053,C2846 case temp measured 30.4C (failed).,C2846,THERMAL,FAIL
LOG03054,"C 8835 - +5V supply 4.66V, bad reading, customer return unit.",C8835,POWER_RAIL_5V,FAIL
LOG03055,board C3006 5v power check: 4.95 V — OK.,C3006,POWER_RAIL_5V,PASS
LOG03056,Unit board A0812: case temp reading 10.9C.,A0812,THERMAL,PASS
LOG03057,unit unit a7592: +12v supply reading 11.80v (looks good).,A7592,POWER_RAIL_12V,PASS
LOG03058,"c-9829 - eye height ch2 3.34vpp, shift b.",C9829,SIGNAL_INTEGRITY,PASS
LOG03059,Unit board B0850: 3.3v power check reading 3.24V (OK).,B0850,POWER_RAIL_3V3,PASS
LOG03060,"unit B4821 - +12V supply 11.90V, unit was reworked yesterday.",B4821,POWER_RAIL_12V,PASS
LOG03061,"Checked thermal reading after burn-in on A-5311, 29.9C, after reflow.",A5311,THERMAL,PASS
LOG03062,Unit board C6319: thermal reading after burn-in reading 45.8C — checks out.,C6319,THERMAL,PASS
LOG03063,"board a5550 - +3.3v rail 2.99v — out of spec, shift b.",A5550,POWER_RAIL_3V3,FAIL
LOG03064,"unit A6868 - 5V rail 5.32V, line 2.",A6868,POWER_RAIL_5V,PASS
LOG03065,"board b9541 - current draw at idle 184.84ma, shift b.",B9541,CURRENT_DRAW,FAIL
LOG03066,Unit board A0630: VDD_3V3 rail reading 3.24V (looks good).,A0630,POWER_RAIL_3V3,PASS
LOG03067,unit d 6777: resistance check j4 reading 2.71ohm — checks out.,D6777,CONTINUITY,PASS
LOG03068,Unit B-5804: 3v3 supply reading 3.15V.,B5804,POWER_RAIL_3V3,FAIL
LOG03069,unit D5205 5V rail measured 4.94V — nominal.,D5205,POWER_RAIL_5V,PASS
LOG03070,board A8893 CH2 signal check measured 3.11Vpp.,A8893,SIGNAL_INTEGRITY,PASS
LOG03071,A 9712 - 5V rail 4.60V (no good).,A9712,POWER_RAIL_5V,FAIL
LOG03072,unit unit d7238: quiescent current reading 81.52ma.,D7238,CURRENT_DRAW,PASS
LOG03073,unit D9158 VDD_3V3 rail measured 3.64V.,D9158,POWER_RAIL_3V3,FAIL
LOG03074,b-7150 thermal soak reading measured 14.3c (no good).,B7150,THERMAL,FAIL
LOG03075,"Checked 12v power check on C2800, 10.70V, bad reading, after reflow.",C2800,POWER_RAIL_12V,FAIL
LOG03076,d-2020 vdd_5v rail: 5.06 v (good reading).,D2020,POWER_RAIL_5V,PASS
LOG03077,Unit C7189: +12V supply reading 11.91V — looks good.,C7189,POWER_RAIL_12V,PASS
LOG03078,"checked eye height ch2 on d-0684, 3.26vpp, retest after rework.",D0684,SIGNAL_INTEGRITY,PASS
LOG03079,board C1264 12v power check measured 11.74V.,C1264,POWER_RAIL_12V,FAIL
LOG03080,C 0011 signal amplitude CH3: 3.74 Vpp.,C0011,SIGNAL_INTEGRITY,PASS
LOG03081,D-6817 5v power check: 4.49 V (out of spec).,D6817,POWER_RAIL_5V,FAIL
LOG03082,board C4148 thermal reading after burn-in measured 25.5C (OK).,C4148,THERMAL,PASS
LOG03083,"A 0061 - case temp 41.2C (nominal), second attempt.",A0061,THERMAL,PASS
LOG03084,C-5552 - 12V rail 11.06V.,C5552,POWER_RAIL_12V,FAIL
LOG03085,"Checked VDD_12V rail on C 9144, 10.95V (doesn't look right), unit was reworked yesterday.",C9144,POWER_RAIL_12V,FAIL
LOG03086,Unit unit A2323: idle current draw reading 81.56mA — OK.,A2323,CURRENT_DRAW,PASS
LOG03087,"checked thermal soak reading on unit a5152, 24.3c, line 2.",A5152,THERMAL,PASS
LOG03088,"Checked VDD_5V rail on board D2811, 5.29V, shift B.",D2811,POWER_RAIL_5V,FAIL
LOG03089,"Checked resistance check RESET on board B2456, 5.84Ohm, failed, customer return unit.",B2456,CONTINUITY,FAIL
LOG03090,Unit unit B4596: board temp after 10min soak reading 30.5C (reject).,B4596,THERMAL,FAIL
LOG03091,A 6133 VDD_3V3 rail measured 3.37V.,A6133,POWER_RAIL_3V3,FAIL
LOG03092,A4687 VDD_5V rail measured 4.34V.,A4687,POWER_RAIL_5V,FAIL
LOG03093,"A-8436 - +5V supply 5.63V, unit was reworked yesterday.",A8436,POWER_RAIL_5V,FAIL
LOG03094,B8908 - +12V supply 11.77V (all good).,B8908,POWER_RAIL_12V,PASS
LOG03095,"Unit A1689: VDD_3V3 rail reading 3.25V, nominal.",A1689,POWER_RAIL_3V3,PASS
LOG03096,"unit A4345 - 3.3v power check 2.70V — doesn't look right, after reflow.",A4345,POWER_RAIL_3V3,FAIL
LOG03097,"Checked cont check RESET on unit D4273, 7.74Ohm, line 2.",D4273,CONTINUITY,FAIL
LOG03098,"C-0378 - EN_LINE continuity 3.57Ohm (bad reading), second attempt.",C0378,CONTINUITY,FAIL
LOG03099,board C1393 cont check RESET: 1.97 Ohm.,C1393,CONTINUITY,PASS
LOG03100,"board a1189 +12v supply: 11.27 v, flagged for rework.",A1189,POWER_RAIL_12V,FAIL
LOG03101,"checked idle current draw on c5195, 89.67ma, within spec, customer return unit.",C5195,CURRENT_DRAW,PASS
LOG03102,unit B3186 idle current draw measured 156.01mA.,B3186,CURRENT_DRAW,FAIL
LOG03103,unit B4911 +12V supply measured 11.84V — looks good.,B4911,POWER_RAIL_12V,PASS
LOG03104,"C 8054 - cont check J4 4.17Ohm, customer return unit.",C8054,CONTINUITY,PASS
LOG03105,"unit A3285 - scope reading CH4 3.19Vpp — checks out, unit was reworked yesterday.",A3285,SIGNAL_INTEGRITY,PASS
LOG03106,"Unit unit C5682: VDD_12V rail reading 12.36V, out of spec.",C5682,POWER_RAIL_12V,FAIL
LOG03107,"checked 3.3v power check on a-0863, 3.82v, doesn't look right, per eco-114.",A0863,POWER_RAIL_3V3,FAIL
LOG03108,Unit D 7982: 12V rail reading 13.11V.,D7982,POWER_RAIL_12V,FAIL
LOG03109,Unit B6693: cont check EN_LINE reading 1.94Ohm (passes).,B6693,CONTINUITY,PASS
LOG03110,"Checked +12V supply on B7675, 12.58V, second attempt.",B7675,POWER_RAIL_12V,FAIL
LOG03111,"Checked 3.3v power check on unit A8096, 3.90V, line 2.",A8096,POWER_RAIL_3V3,FAIL
LOG03112,Unit unit D8785: idle current draw reading 184.25mA.,D8785,CURRENT_DRAW,FAIL
LOG03113,"Unit unit C6826: VDD_12V rail reading 12.00V, all good.",C6826,POWER_RAIL_12V,PASS
LOG03114,"checked cont check j4 on d 5079, 2.48ohm, checks out, unit was reworked yesterday.",D5079,CONTINUITY,PASS
LOG03115,"A0635 - cont check J12 3.25Ohm, line 2.",A0635,CONTINUITY,PASS
LOG03116,"checked standby current on board d0373, 43.30ma (ok), after reflow.",D0373,CURRENT_DRAW,PASS
LOG03117,"board B7024 - continuity on J12 0.43Ohm, flagged for rework, customer return unit.",B7024,CONTINUITY,FAIL
LOG03118,Unit unit D3326: +3.3V rail reading 3.37V — checks out.,D3326,POWER_RAIL_3V3,PASS
LOG03119,C 7139 - case temp 44.0C — passes.,C7139,THERMAL,PASS
LOG03120,"Checked 3.3V rail on B-7244, 3.28V, customer return unit.",B7244,POWER_RAIL_3V3,PASS
LOG03121,"D2615 continuity on RESET measured 3.17Ohm, OK.",D2615,CONTINUITY,PASS
LOG03122,"Checked +12V supply on B2052, 11.78V, per ECO-114.",B2052,POWER_RAIL_12V,PASS
LOG03123,"A9394 continuity on J12: 2.57 Ohm, OK.",A9394,CONTINUITY,PASS
LOG03124,Unit D 2499: 5V rail reading 5.71V — flagged for rework.,D2499,POWER_RAIL_5V,FAIL
LOG03125,"Checked current draw at idle on D9203, 85.03mA (within spec), retest after rework.",D9203,CURRENT_DRAW,PASS
LOG03126,"Checked +5V supply on B0960, 4.43V (bad reading), customer return unit.",B0960,POWER_RAIL_5V,FAIL
LOG03127,D-2384 quiescent current measured 32.51mA.,D2384,CURRENT_DRAW,PASS
LOG03128,Unit A-1837: +3.3V rail reading 3.87V (fails).,A1837,POWER_RAIL_3V3,FAIL
LOG03129,"C 3766 - +5V supply 4.62V — checks out, after reflow.",C3766,POWER_RAIL_5V,PASS
LOG03130,"unit C5305 continuity on J4: 1.05 Ohm, good reading.",C5305,CONTINUITY,PASS
LOG03131,A 6622 3.3V rail: 2.92 V (fails).,A6622,POWER_RAIL_3V3,FAIL
LOG03132,"Checked VDD_5V rail on C2030, 5.06V, retest after rework.",C2030,POWER_RAIL_5V,PASS
LOG03133,board b5484 12v rail measured 12.54v (passes).,B5484,POWER_RAIL_12V,PASS
LOG03134,D-7881 continuity on J12 measured 7.56Ohm.,D7881,CONTINUITY,FAIL
LOG03135,"A6993 - current draw at idle 100.10mA, customer return unit.",A6993,CURRENT_DRAW,PASS
LOG03136,"Checked 5v power check on A 5067, 5.70V (failed), second attempt.",A5067,POWER_RAIL_5V,FAIL
LOG03137,"board B5538 12v power check: 11.68 V, fails.",B5538,POWER_RAIL_12V,FAIL
LOG03138,"Checked resistance check J7 on unit A2769, 2.08Ohm, nominal, retest after rework.",A2769,CONTINUITY,PASS
LOG03139,"Checked case temp on C-9104, 52.4C, after reflow.",C9104,THERMAL,FAIL
LOG03140,B-1500 3.3V rail: 3.28 V.,B1500,POWER_RAIL_3V3,PASS
LOG03141,D 2134 +12V supply: 12.18 V.,D2134,POWER_RAIL_12V,PASS
LOG03142,unit C4223 12v power check measured 12.43V.,C4223,POWER_RAIL_12V,PASS
LOG03143,"B8013 - CH2 signal check 3.81Vpp, per ECO-114.",B8013,SIGNAL_INTEGRITY,PASS
LOG03144,C 4005 12V rail measured 12.60V.,C4005,POWER_RAIL_12V,PASS
LOG03145,"b5155 - +12v supply 12.57v, ok, customer return unit.",B5155,POWER_RAIL_12V,PASS
LOG03146,A4554 12V rail: 10.86 V — fails.,A4554,POWER_RAIL_12V,FAIL
LOG03147,"Checked thermal soak reading on A 2234, 13.6C, retest after rework.",A2234,THERMAL,FAIL
LOG03148,"A7715 - thermal soak reading 11.2C, good reading, unit was reworked yesterday.",A7715,THERMAL,PASS
LOG03149,"Checked 5v power check on board B0034, 5.11V, checks out, retest after rework.",B0034,POWER_RAIL_5V,PASS
LOG03150,"Checked eye height CH4 on unit B7765, 2.75Vpp, per ECO-114.",B7765,SIGNAL_INTEGRITY,PASS
LOG03151,"Checked J4 continuity on D6710, 3.13Ohm.",D6710,CONTINUITY,PASS
LOG03152,"board A0782 scope reading CH2: 2.38 Vpp, out of spec.",A0782,SIGNAL_INTEGRITY,FAIL
LOG03153,"board A0799 - +12V supply 11.01V, second attempt.",A0799,POWER_RAIL_12V,FAIL
LOG03154,"D 5345 - CH2 signal check 3.24Vpp, second attempt.",D5345,SIGNAL_INTEGRITY,PASS
LOG03155,A 8630 current draw at idle measured 159.24mA — fails.,A8630,CURRENT_DRAW,FAIL
LOG03156,"D4116 CH4 signal check measured 3.98Vpp, no good.",D4116,SIGNAL_INTEGRITY,FAIL
LOG03157,A1385 eye height CH3: 3.22 Vpp (all good).,A1385,SIGNAL_INTEGRITY,PASS
LOG03158,A 2797 standby current: -1.31 mA.,A2797,CURRENT_DRAW,FAIL
LOG03159,Unit board A8910: +5V supply reading 5.12V.,A8910,POWER_RAIL_5V,PASS
LOG03160,"Unit B-4668: cont check RESET reading 3.15Ohm, looks good.",B4668,CONTINUITY,PASS
LOG03161,"Unit A-5088: thermal soak reading reading 41.5C, good reading.",A5088,THERMAL,PASS
LOG03162,Unit D 8776: VDD_12V rail reading 10.71V.,D8776,POWER_RAIL_12V,FAIL
LOG03163,Unit B-9113: 12V rail reading 10.89V (no good).,B9113,POWER_RAIL_12V,FAIL
LOG03164,C9275 current draw at idle measured 93.56mA (all good).,C9275,CURRENT_DRAW,PASS
LOG03165,"A-1562 - +5V supply 4.65V (failed), line 2.",A1562,POWER_RAIL_5V,FAIL
LOG03166,B 7716 J7 continuity measured 7.75Ohm.,B7716,CONTINUITY,FAIL
LOG03167,C0960 12V rail measured 12.15V — all good.,C0960,POWER_RAIL_12V,PASS
LOG03168,A-6832 - resistance check CLK 5.65Ohm — all good.,A6832,CONTINUITY,PASS
LOG03169,Unit A5002: 12v power check reading 11.94V (nominal).,A5002,POWER_RAIL_12V,PASS
LOG03170,"unit d1416 5v rail: 4.54 v, out of spec.",D1416,POWER_RAIL_5V,FAIL
LOG03171,board B7826 +5V supply: 4.42 V.,B7826,POWER_RAIL_5V,FAIL
LOG03172,unit board a5189: standby current reading 192.09ma — doesn't look right.,A5189,CURRENT_DRAW,FAIL
LOG03173,"a0967 - ch4 signal check 3.27vpp (ok), second attempt.",A0967,SIGNAL_INTEGRITY,PASS
LOG03174,board A4373 12V rail measured 13.23V.,A4373,POWER_RAIL_12V,FAIL
LOG03175,"A 2876 VDD_12V rail measured 11.24V, all good.",A2876,POWER_RAIL_12V,PASS
LOG03176,"A-9015 - thermal soak reading 33.0C, OK, customer return unit.",A9015,THERMAL,PASS
LOG03177,"Checked board temp after 10min soak on A-1964, 41.1C — nominal.",A1964,THERMAL,PASS
LOG03178,"Checked +3.3V rail on C 6139, 3.25V, within spec, line 2.",C6139,POWER_RAIL_3V3,PASS
LOG03179,unit D7327 idle current draw measured 150.00mA — fails.,D7327,CURRENT_DRAW,FAIL
LOG03180,unit B6535 5V rail: 4.68 V (OK).,B6535,POWER_RAIL_5V,PASS
LOG03181,"Checked CH3 signal check on B5544, 2.52Vpp, second attempt.",B5544,SIGNAL_INTEGRITY,FAIL
LOG03182,Unit unit D1787: case temp reading 38.0C.,D1787,THERMAL,PASS
LOG03183,"unit A8049 - 12v power check 13.14V, line 2.",A8049,POWER_RAIL_12V,FAIL
LOG03184,"Checked cont check CLK on unit C6074, 3.17Ohm, line 2.",C6074,CONTINUITY,PASS
LOG03185,unit D3001 VDD_12V rail: 12.06 V.,D3001,POWER_RAIL_12V,PASS
LOG03186,Unit unit D3860: case temp reading 52.0C (within spec).,D3860,THERMAL,PASS
LOG03187,"Unit C-0257: standby current reading 110.60mA, good reading.",C0257,CURRENT_DRAW,PASS
LOG03188,Unit board D6788: J7 continuity reading 2.31Ohm (all good).,D6788,CONTINUITY,PASS
LOG03189,"unit A5793 - cont check CLK 6.76Ohm, bad reading, second attempt.",A5793,CONTINUITY,FAIL
LOG03190,A-1698 eye height CH1 measured 3.82Vpp — no good.,A1698,SIGNAL_INTEGRITY,FAIL
LOG03191,"unit a1547 standby current measured 50.00ma, good reading.",A1547,CURRENT_DRAW,PASS
LOG03192,unit d8995: current draw at idle reading 116.35ma.,D8995,CURRENT_DRAW,PASS
LOG03193,"board A0849 - VDD_3V3 rail 3.30V, retest after rework.",A0849,POWER_RAIL_3V3,PASS
LOG03194,unit D8523 CH3 signal check: 3.11 Vpp — good reading.,D8523,SIGNAL_INTEGRITY,PASS
LOG03195,Unit board A0848: eye height CH1 reading 3.83Vpp — reject.,A0848,SIGNAL_INTEGRITY,FAIL
LOG03196,Unit C-6868: VDD_12V rail reading 12.41V.,C6868,POWER_RAIL_12V,FAIL
LOG03197,d3276 3.3v rail: 3.46 v.,D3276,POWER_RAIL_3V3,FAIL
LOG03198,board A7470 3.3v power check measured 3.25V (OK).,A7470,POWER_RAIL_3V3,PASS
LOG03199,C6497 12V rail measured 12.50V (all good).,C6497,POWER_RAIL_12V,PASS
LOG03200,A 4326 idle current draw: 88.84 mA.,A4326,CURRENT_DRAW,PASS
LOG03201,Unit board B2319: VDD_12V rail reading 10.69V.,B2319,POWER_RAIL_12V,FAIL
LOG03202,"Checked VDD_12V rail on board C2008, 12.60V — failed, second attempt.",C2008,POWER_RAIL_12V,FAIL
LOG03203,Unit C-3296: 3v3 supply reading 3.28V.,C3296,POWER_RAIL_3V3,PASS
LOG03204,"Checked scope reading CH3 on A-1787, 2.99Vpp — bad reading, per ECO-114.",A1787,SIGNAL_INTEGRITY,FAIL
LOG03205,b4224 eye height ch4 measured 3.16vpp.,B4224,SIGNAL_INTEGRITY,PASS
LOG03206,"Checked RESET continuity on B 2944, 4.04Ohm — all good, shift B.",B2944,CONTINUITY,PASS
LOG03207,"board D0567 - board temp after 10min soak 33.9C, within spec, after reflow.",D0567,THERMAL,PASS
LOG03208,"Checked signal amplitude CH4 on board A5246, 2.65Vpp, no good, per ECO-114.",A5246,SIGNAL_INTEGRITY,FAIL
LOG03209,"Checked scope reading CH4 on B-8440, 3.12Vpp — looks good, customer return unit.",B8440,SIGNAL_INTEGRITY,PASS
LOG03210,"Checked VDD_5V rail on A 9704, 4.89V, passes, second attempt.",A9704,POWER_RAIL_5V,PASS
LOG03211,unit B8350 +5V supply: 5.25 V — nominal.,B8350,POWER_RAIL_5V,PASS
LOG03212,"Checked current draw at idle on C1260, 28.75mA, looks good.",C1260,CURRENT_DRAW,PASS
LOG03213,board A7052 3.3v power check: 3.41 V.,A7052,POWER_RAIL_3V3,PASS
LOG03214,board a0832 vdd_12v rail measured 12.15v.,A0832,POWER_RAIL_12V,PASS
LOG03215,"Checked VDD_3V3 rail on B 8264, 3.46V (fails), per ECO-114.",B8264,POWER_RAIL_3V3,FAIL
LOG03216,B 0605 3v3 supply: 3.77 V (fails).,B0605,POWER_RAIL_3V3,FAIL
LOG03217,"unit B1451 12V rail measured 11.89V, all good.",B1451,POWER_RAIL_12V,PASS
LOG03218,"Checked VDD_3V3 rail on unit A4485, 3.63V, retest after rework.",A4485,POWER_RAIL_3V3,FAIL
LOG03219,"Checked cont check J4 on board D5487, 5.48Ohm — bad reading, line 2.",D5487,CONTINUITY,FAIL
LOG03220,"Checked continuity on EN_LINE on A0215, 1.19Ohm, all good, line 2.",A0215,CONTINUITY,PASS
LOG03221,"Checked 3.3V rail on D7205, 3.87V (fails), second attempt.",D7205,POWER_RAIL_3V3,FAIL
LOG03222,"B 1912 - +5V supply 4.99V, nominal.",B1912,POWER_RAIL_5V,PASS
LOG03223,B8945 - current draw at idle 93.82mA — nominal.,B8945,CURRENT_DRAW,PASS
LOG03224,board B1190 VDD_12V rail: 11.56 V.,B1190,POWER_RAIL_12V,PASS
LOG03225,"Checked signal amplitude CH2 on B 8014, 3.35Vpp.",B8014,SIGNAL_INTEGRITY,PASS
LOG03226,"unit d9250 - j12 continuity 0.88ohm, per eco-114.",D9250,CONTINUITY,FAIL
LOG03227,board C6240 resistance check J12 measured 0.79Ohm — nominal.,C6240,CONTINUITY,PASS
LOG03228,Unit C8671: CH2 signal check reading 3.75Vpp.,C8671,SIGNAL_INTEGRITY,PASS
LOG03229,unit D9397 resistance check CLK measured 6.28Ohm.,D9397,CONTINUITY,FAIL
LOG03230,"Unit board A8246: 5V rail reading 5.25V, within spec.",A8246,POWER_RAIL_5V,PASS
LOG03231,"Checked current draw at idle on A 9281, -1.51mA (doesn't look right), retest after rework.",A9281,CURRENT_DRAW,FAIL
LOG03232,board C9068 12V rail: 12.26 V.,C9068,POWER_RAIL_12V,FAIL
LOG03233,"Checked +12V supply on C-9118, 12.38V — bad reading, line 2.",C9118,POWER_RAIL_12V,FAIL
LOG03234,"checked case temp on b 7350, 38.1c, shift b.",B7350,THERMAL,PASS
LOG03235,A 7935 3.3v power check measured 2.85V (no good).,A7935,POWER_RAIL_3V3,FAIL
LOG03236,Unit B-4027: VDD_12V rail reading 11.90V.,B4027,POWER_RAIL_12V,PASS
LOG03237,"A 5073 - scope reading CH1 3.43Vpp — good reading, after reflow.",A5073,SIGNAL_INTEGRITY,PASS
LOG03238,"A-2833 - cont check RESET 3.09Ohm — within spec, after reflow.",A2833,CONTINUITY,PASS
LOG03239,unit c7474 thermal soak reading: 54.7 c (checks out).,C7474,THERMAL,PASS
LOG03240,Unit unit A9821: thermal soak reading reading 32.7C.,A9821,THERMAL,PASS
LOG03241,"unit C8766 - 12v power check 11.33V, unit was reworked yesterday.",C8766,POWER_RAIL_12V,FAIL
LOG03242,"checked board temp after 10min soak on c9687, 6.2c, customer return unit.",C9687,THERMAL,FAIL
LOG03243,unit D0507 12V rail measured 11.90V.,D0507,POWER_RAIL_12V,PASS
LOG03244,Unit C-3470: 5V rail reading 5.00V.,C3470,POWER_RAIL_5V,PASS
LOG03245,"A-9907 - VDD_12V rail 11.65V, after reflow.",A9907,POWER_RAIL_12V,FAIL
LOG03246,"checked 5v power check on unit a3539, 4.98v — ok, per eco-114.",A3539,POWER_RAIL_5V,PASS
LOG03247,"unit A7454 - 3v3 supply 3.33V, per ECO-114.",A7454,POWER_RAIL_3V3,PASS
LOG03248,D 8333 5v power check measured 4.75V.,D8333,POWER_RAIL_5V,FAIL
LOG03249,"unit A0034 - 3v3 supply 2.90V, per ECO-114.",A0034,POWER_RAIL_3V3,FAIL
LOG03250,b 9589 scope reading ch1 measured 3.84vpp (passes).,B9589,SIGNAL_INTEGRITY,PASS
LOG03251,"Unit B-9328: case temp reading 30.0C, out of spec.",B9328,THERMAL,FAIL
LOG03252,board D8774 - 5v power check 4.56V — doesn't look right.,D8774,POWER_RAIL_5V,FAIL
LOG03253,C3131 5v power check: 5.05 V.,C3131,POWER_RAIL_5V,PASS
LOG03254,D-4538 case temp measured 20.0C (all good).,D4538,THERMAL,PASS
LOG03255,D2278 - current draw at idle 67.29mA (out of spec).,D2278,CURRENT_DRAW,FAIL
LOG03256,"A2190 thermal soak reading measured 45.0C, no good.",A2190,THERMAL,FAIL
LOG03257,"Checked +3.3V rail on board D8560, 2.94V, reject, after reflow.",D8560,POWER_RAIL_3V3,FAIL
LOG03258,A1401 3.3V rail: 3.22 V — bad reading.,A1401,POWER_RAIL_3V3,FAIL
LOG03259,"C 6324 - 12v power check 10.80V — reject, unit was reworked yesterday.",C6324,POWER_RAIL_12V,FAIL
LOG03260,"B-1994 - current draw at idle 83.72mA, shift B.",B1994,CURRENT_DRAW,PASS
LOG03261,"B 4305 continuity on J12 measured 0.00Ohm, within spec.",B4305,CONTINUITY,PASS
LOG03262,"board C1355 idle current draw: 180.02 mA, reject.",C1355,CURRENT_DRAW,FAIL
LOG03263,"B-6690 - scope reading CH2 3.08Vpp (checks out), shift B.",B6690,SIGNAL_INTEGRITY,PASS
LOG03264,"Unit B-9548: idle current draw reading 1.76mA, no good.",B9548,CURRENT_DRAW,FAIL
LOG03265,"Checked 12V rail on A5709, 12.91V, per ECO-114.",A5709,POWER_RAIL_12V,FAIL
LOG03266,"checked thermal soak reading on a-5962, 63.8c, second attempt.",A5962,THERMAL,FAIL
LOG03267,Unit D-3187: 3.3v power check reading 3.37V — failed.,D3187,POWER_RAIL_3V3,FAIL
LOG03268,Unit unit C7877: 3v3 supply reading 3.91V (flagged for rework).,C7877,POWER_RAIL_3V3,FAIL
LOG03269,Unit unit D5710: idle current draw reading 117.50mA — checks out.,D5710,CURRENT_DRAW,PASS
LOG03270,D7385 J7 continuity measured 3.91Ohm.,D7385,CONTINUITY,PASS
LOG03271,Unit board A7050: idle current draw reading 130.94mA.,A7050,CURRENT_DRAW,FAIL
LOG03272,"checked 3v3 supply on d-4406, 2.69v, retest after rework.",D4406,POWER_RAIL_3V3,FAIL
LOG03273,"Checked signal amplitude CH1 on A 5904, 3.87Vpp, customer return unit.",A5904,SIGNAL_INTEGRITY,FAIL
LOG03274,"Unit board D6131: current draw at idle reading 101.37mA, OK.",D6131,CURRENT_DRAW,PASS
LOG03275,"Unit C 8779: eye height CH3 reading 3.31Vpp, all good.",C8779,SIGNAL_INTEGRITY,PASS
LOG03276,A0426 +3.3V rail measured 3.40V.,A0426,POWER_RAIL_3V3,PASS
LOG03277,"A1481 - 5V rail 4.79V (failed), after reflow.",A1481,POWER_RAIL_5V,FAIL
LOG03278,board a3242 5v power check: 4.78 v — within spec.,A3242,POWER_RAIL_5V,PASS
LOG03279,"Checked quiescent current on board A0128, 2.27mA, retest after rework.",A0128,CURRENT_DRAW,FAIL
LOG03280,B0842 case temp measured 43.0C.,B0842,THERMAL,PASS
LOG03281,"D 9295 - +5V supply 4.88V, line 2.",D9295,POWER_RAIL_5V,PASS
LOG03282,"Checked VDD_3V3 rail on unit C1773, 3.29V, after reflow.",C1773,POWER_RAIL_3V3,PASS
LOG03283,Unit A-9936: cont check J12 reading 4.16Ohm (no good).,A9936,CONTINUITY,FAIL
LOG03284,A 2767 resistance check J12 measured 5.41Ohm — good reading.,A2767,CONTINUITY,PASS
LOG03285,"B7047 - thermal reading after burn-in 39.1C, second attempt.",B7047,THERMAL,PASS
LOG03286,"A-5939 - VDD_12V rail 11.94V, passes, after reflow.",A5939,POWER_RAIL_12V,PASS
LOG03287,"board D2255 - 5v power check 4.70V, unit was reworked yesterday.",D2255,POWER_RAIL_5V,FAIL
LOG03288,"checked reset continuity on unit b4530, 6.98ohm (no good), line 2.",B4530,CONTINUITY,FAIL
LOG03289,Unit C9838: board temp after 10min soak reading 22.0C.,C9838,THERMAL,PASS
LOG03290,A-3501 J12 continuity: 4.31 Ohm.,A3501,CONTINUITY,PASS
LOG03291,A 8130 case temp: 22.2 C — nominal.,A8130,THERMAL,PASS
LOG03292,"Checked J4 continuity on D-4694, 3.13Ohm.",D4694,CONTINUITY,PASS
LOG03293,D9776 scope reading CH2 measured 2.31Vpp.,D9776,SIGNAL_INTEGRITY,FAIL
LOG03294,"unit B9057 - idle current draw 22.77mA (out of spec), after reflow.",B9057,CURRENT_DRAW,FAIL
LOG03295,"Checked resistance check EN_LINE on C 7839, 7.16Ohm, unit was reworked yesterday.",C7839,CONTINUITY,FAIL
LOG03296,"A8847 - thermal soak reading 47.6C — good reading, shift B.",A8847,THERMAL,PASS
LOG03297,"Checked VDD_12V rail on C-7462, 11.40V, doesn't look right, second attempt.",C7462,POWER_RAIL_12V,FAIL
LOG03298,board A2632 CLK continuity: 5.60 Ohm — bad reading.,A2632,CONTINUITY,FAIL
LOG03299,board B9088 quiescent current measured 100.27mA (passes).,B9088,CURRENT_DRAW,PASS
LOG03300,"Unit unit D6383: VDD_12V rail reading 13.31V, bad reading.",D6383,POWER_RAIL_12V,FAIL
LOG03301,unit D3067 - VDD_5V rail 5.31V — doesn't look right.,D3067,POWER_RAIL_5V,FAIL
LOG03302,"A6986 - +5V supply 5.05V, after reflow.",A6986,POWER_RAIL_5V,PASS
LOG03303,Unit unit C2585: eye height CH1 reading 3.24Vpp.,C2585,SIGNAL_INTEGRITY,PASS
LOG03304,C-4583 - J12 continuity 4.69Ohm.,C4583,CONTINUITY,PASS
LOG03305,"Checked VDD_5V rail on A8562, 4.63V, fails, unit was reworked yesterday.",A8562,POWER_RAIL_5V,FAIL
LOG03306,D-6414 VDD_3V3 rail: 3.55 V (passes).,D6414,POWER_RAIL_3V3,PASS
LOG03307,"C 2699 CH1 signal check measured 3.00Vpp, checks out.",C2699,SIGNAL_INTEGRITY,PASS
LOG03308,D2843 12v power check: 11.89 V (nominal).,D2843,POWER_RAIL_12V,PASS
LOG03309,unit d8596 signal amplitude ch3: 3.20 vpp (checks out).,D8596,SIGNAL_INTEGRITY,PASS
LOG03310,"Checked scope reading CH1 on B 5416, 3.33Vpp, retest after rework.",B5416,SIGNAL_INTEGRITY,PASS
LOG03311,"Checked case temp on D-4986, 71.4C, customer return unit.",D4986,THERMAL,FAIL
LOG03312,"board c7124 - case temp 20.0c (good reading), after reflow.",C7124,THERMAL,PASS
LOG03313,"B 1850 - VDD_12V rail 11.55V, flagged for rework, unit was reworked yesterday.",B1850,POWER_RAIL_12V,FAIL
LOG03314,D 7761 case temp measured 39.9C.,D7761,THERMAL,PASS
LOG03315,B1639 continuity on J12 measured 1.28Ohm (nominal).,B1639,CONTINUITY,PASS
LOG03316,A 2793 VDD_5V rail measured 5.03V.,A2793,POWER_RAIL_5V,PASS
LOG03317,"Checked eye height CH1 on unit B8191, 3.28Vpp — passes.",B8191,SIGNAL_INTEGRITY,PASS
LOG03318,"Checked VDD_12V rail on C 3438, 12.07V (all good), second attempt.",C3438,POWER_RAIL_12V,PASS
LOG03319,Unit board B4649: 5v power check reading 5.55V.,B4649,POWER_RAIL_5V,FAIL
LOG03320,"C 9233 - continuity on J4 1.53Ohm (OK), unit was reworked yesterday.",C9233,CONTINUITY,PASS
LOG03321,"Unit board B7970: 3.3V rail reading 3.57V, bad reading.",B7970,POWER_RAIL_3V3,FAIL
LOG03322,Unit B 9213: 3.3V rail reading 2.72V.,B9213,POWER_RAIL_3V3,FAIL
LOG03323,Unit B-1298: standby current reading 155.72mA — fails.,B1298,CURRENT_DRAW,FAIL
LOG03324,Unit A 9726: board temp after 10min soak reading 9.8C (reject).,A9726,THERMAL,FAIL
LOG03325,Unit C-5205: 5V rail reading 5.54V — fails.,C5205,POWER_RAIL_5V,FAIL
LOG03326,"board D1671 continuity on RESET: 3.78 Ohm, fails.",D1671,CONTINUITY,FAIL
LOG03327,B-9448 5V rail measured 4.64V (flagged for rework).,B9448,POWER_RAIL_5V,FAIL
LOG03328,Unit D 0116: +3.3V rail reading 3.43V.,D0116,POWER_RAIL_3V3,FAIL
LOG03329,Unit C6308: 12v power check reading 13.22V (fails).,C6308,POWER_RAIL_12V,FAIL
LOG03330,Unit C1720: 12v power check reading 12.29V (failed).,C1720,POWER_RAIL_12V,FAIL
LOG03331,"Checked board temp after 10min soak on A-2510, 35.1C (OK), line 2.",A2510,THERMAL,PASS
LOG03332,unit A9508 thermal reading after burn-in: 37.9 C — all good.,A9508,THERMAL,PASS
LOG03333,Unit C 1549: 12v power check reading 11.66V — no good.,C1549,POWER_RAIL_12V,FAIL
LOG03334,"board c2013 5v rail: 4.85 v, checks out.",C2013,POWER_RAIL_5V,PASS
LOG03335,board B2380 cont check EN_LINE measured 7.62Ohm (failed).,B2380,CONTINUITY,FAIL
LOG03336,C-7694 thermal reading after burn-in measured 55.0C.,C7694,THERMAL,PASS
LOG03337,"Unit A-8831: thermal soak reading reading 44.2C, checks out.",A8831,THERMAL,PASS
LOG03338,Unit board C7487: VDD_12V rail reading 12.33V.,C7487,POWER_RAIL_12V,PASS
LOG03339,"Unit D5123: cont check CLK reading 5.00Ohm, fails.",D5123,CONTINUITY,FAIL
LOG03340,"A6076 - thermal reading after burn-in 27.7C, unit was reworked yesterday.",A6076,THERMAL,FAIL
LOG03341,"unit B7759 - +12V supply 12.06V — checks out, line 2.",B7759,POWER_RAIL_12V,PASS
LOG03342,"b4603 - 3v3 supply 3.33v (within spec), customer return unit.",B4603,POWER_RAIL_3V3,PASS
LOG03343,"unit A7900 - J12 continuity 0.20Ohm (good reading), second attempt.",A7900,CONTINUITY,PASS
LOG03344,"unit a9371 - +12v supply 11.68v — passes, customer return unit.",A9371,POWER_RAIL_12V,PASS
LOG03345,B 4836 current draw at idle measured 101.90mA (good reading).,B4836,CURRENT_DRAW,PASS
LOG03346,C3070 continuity on CLK: 7.66 Ohm — bad reading.,C3070,CONTINUITY,FAIL
LOG03347,Unit C-9237: J4 continuity reading 6.76Ohm — doesn't look right.,C9237,CONTINUITY,FAIL
LOG03348,"D-0136 cont check CLK: 1.64 Ohm, nominal.",D0136,CONTINUITY,PASS
LOG03349,"B-1916 - VDD_5V rail 5.11V, passes, unit was reworked yesterday.",B1916,POWER_RAIL_5V,PASS
LOG03350,"Checked board temp after 10min soak on unit B2061, 54.7C.",B2061,THERMAL,FAIL
LOG03351,"unit B0804 - 12v power check 11.25V (checks out), line 2.",B0804,POWER_RAIL_12V,PASS
LOG03352,"Checked J7 continuity on unit B3741, 0.11Ohm — good reading.",B3741,CONTINUITY,PASS
LOG03353,"A3178 - resistance check RESET 3.95Ohm, retest after rework.",A3178,CONTINUITY,PASS
LOG03354,board C4979 idle current draw: 37.26 mA.,C4979,CURRENT_DRAW,FAIL
LOG03355,"Checked board temp after 10min soak on C 4703, 59.0C, within spec, per ECO-114.",C4703,THERMAL,PASS
LOG03356,Unit unit C7971: 3.3v power check reading 3.22V.,C7971,POWER_RAIL_3V3,PASS
LOG03357,"board A6181 - eye height CH2 2.98Vpp, second attempt.",A6181,SIGNAL_INTEGRITY,FAIL
LOG03358,B-1253 scope reading CH3 measured 3.79Vpp (nominal).,B1253,SIGNAL_INTEGRITY,PASS
LOG03359,A8935 thermal soak reading: 65.4 C — nominal.,A8935,THERMAL,PASS
LOG03360,"B-2957 5V rail measured 5.15V, nominal.",B2957,POWER_RAIL_5V,PASS
LOG03361,"Checked VDD_12V rail on B5418, 12.51V, retest after rework.",B5418,POWER_RAIL_12V,PASS
LOG03362,D-2708 cont check CLK: 5.00 Ohm (out of spec).,D2708,CONTINUITY,FAIL
LOG03363,board A7685 resistance check RESET measured 2.07Ohm.,A7685,CONTINUITY,PASS
LOG03364,"unit C0545 - signal amplitude CH4 3.72Vpp, within spec, after reflow.",C0545,SIGNAL_INTEGRITY,PASS
LOG03365,a6179 scope reading ch2: 3.09 vpp — checks out.,A6179,SIGNAL_INTEGRITY,PASS
LOG03366,Unit C 0077: signal amplitude CH1 reading 2.81Vpp.,C0077,SIGNAL_INTEGRITY,FAIL
LOG03367,"board D6925 - +3.3V rail 3.17V, OK, customer return unit.",D6925,POWER_RAIL_3V3,PASS
LOG03368,D-2918 quiescent current: 132.32 mA.,D2918,CURRENT_DRAW,FAIL
LOG03369,unit B5872 +12V supply: 10.87 V.,B5872,POWER_RAIL_12V,FAIL
LOG03370,"D-7018 - signal amplitude CH3 3.51Vpp — passes, shift B.",D7018,SIGNAL_INTEGRITY,PASS
LOG03371,"Checked VDD_12V rail on unit C8356, 10.83V (doesn't look right), retest after rework.",C8356,POWER_RAIL_12V,FAIL
LOG03372,Unit C7305: VDD_5V rail reading 5.44V.,C7305,POWER_RAIL_5V,FAIL
LOG03373,D7036 +5V supply measured 4.90V.,D7036,POWER_RAIL_5V,PASS
LOG03374,"Checked 5v power check on B 1464, 4.83V, per ECO-114.",B1464,POWER_RAIL_5V,PASS
LOG03375,unit c4848: thermal soak reading reading 31.9c (all good).,C4848,THERMAL,PASS
LOG03376,board D2701 thermal soak reading measured 47.0C.,D2701,THERMAL,PASS
LOG03377,d-6340 12v power check: 12.11 v — good reading.,D6340,POWER_RAIL_12V,PASS
LOG03378,"Checked +12V supply on D0233, 12.34V, after reflow.",D0233,POWER_RAIL_12V,PASS
LOG03379,Unit board A7913: CH4 signal check reading 3.60Vpp — reject.,A7913,SIGNAL_INTEGRITY,FAIL
LOG03380,"Checked thermal soak reading on A2584, 10.5C, after reflow.",A2584,THERMAL,PASS
LOG03381,"B 9370 - 5v power check 5.14V (bad reading), second attempt.",B9370,POWER_RAIL_5V,FAIL
LOG03382,"Checked board temp after 10min soak on A-4156, 44.2C, second attempt.",A4156,THERMAL,PASS
LOG03383,"D 0325 continuity on J12 measured 2.93Ohm, looks good.",D0325,CONTINUITY,PASS
LOG03384,"D 9515 thermal soak reading: 70.0 C, failed.",D9515,THERMAL,FAIL
LOG03385,"Checked thermal soak reading on A-4892, 4.6C, after reflow.",A4892,THERMAL,FAIL
LOG03386,"Checked board temp after 10min soak on C-8948, 42.0C, line 2.",C8948,THERMAL,PASS
LOG03387,"Checked eye height CH3 on A0248, 2.80Vpp.",A0248,SIGNAL_INTEGRITY,FAIL
LOG03388,"Checked RESET continuity on board C3585, 2.14Ohm, retest after rework.",C3585,CONTINUITY,PASS
LOG03389,"unit D8723 - standby current 94.97mA (looks good), line 2.",D8723,CURRENT_DRAW,PASS
LOG03390,board b4236 3v3 supply measured 3.81v (failed).,B4236,POWER_RAIL_3V3,FAIL
LOG03391,board A5712 3.3V rail: 3.29 V.,A5712,POWER_RAIL_3V3,PASS
LOG03392,"checked case temp on unit d9252, 66.1c, shift b.",D9252,THERMAL,FAIL
LOG03393,"unit C6597 VDD_12V rail: 10.72 V, out of spec.",C6597,POWER_RAIL_12V,FAIL
LOG03394,"Checked case temp on C-9577, 43.8C, passes, after reflow.",C9577,THERMAL,PASS
LOG03395,"Checked J4 continuity on board B5792, 1.69Ohm, second attempt.",B5792,CONTINUITY,PASS
LOG03396,Unit board D8515: case temp reading 29.6C.,D8515,THERMAL,FAIL
LOG03397,"Checked VDD_3V3 rail on B 2898, 3.36V, unit was reworked yesterday.",B2898,POWER_RAIL_3V3,PASS
LOG03398,C9058 continuity on RESET measured 5.62Ohm — good reading.,C9058,CONTINUITY,PASS
LOG03399,D 9979 scope reading CH3: 3.25 Vpp (looks good).,D9979,SIGNAL_INTEGRITY,PASS
LOG03400,unit D4073 12V rail: 12.91 V (fails).,D4073,POWER_RAIL_12V,FAIL
LOG03401,"Checked 5V rail on unit D9623, 4.89V (checks out), line 2.",D9623,POWER_RAIL_5V,PASS
LOG03402,"Checked CH1 signal check on B-9010, 3.21Vpp — all good, shift B.",B9010,SIGNAL_INTEGRITY,PASS
LOG03403,C5543 VDD_3V3 rail measured 3.30V.,C5543,POWER_RAIL_3V3,PASS
LOG03404,"B 1860 - 12V rail 11.83V, OK, unit was reworked yesterday.",B1860,POWER_RAIL_12V,PASS
LOG03405,"Unit C 8642: VDD_3V3 rail reading 3.13V, OK.",C8642,POWER_RAIL_3V3,PASS
LOG03406,D9369 thermal soak reading: 63.8 C.,D9369,THERMAL,PASS
LOG03407,"board D5756 12v power check: 11.76 V, passes.",D5756,POWER_RAIL_12V,PASS
LOG03408,"d 1635 - 12v rail 11.51v, retest after rework.",D1635,POWER_RAIL_12V,PASS
LOG03409,board A7505 scope reading CH2 measured 3.57Vpp.,A7505,SIGNAL_INTEGRITY,PASS
LOG03410,"board A5591 5V rail measured 4.97V, checks out.",A5591,POWER_RAIL_5V,PASS
LOG03411,"Checked VDD_12V rail on D6975, 12.74V, after reflow.",D6975,POWER_RAIL_12V,PASS
LOG03412,Unit A2661: VDD_12V rail reading 13.25V — no good.,A2661,POWER_RAIL_12V,FAIL
LOG03413,"Checked 3.3v power check on unit A3224, 3.61V, after reflow.",A3224,POWER_RAIL_3V3,FAIL
LOG03414,B-1267 +3.3V rail measured 3.27V.,B1267,POWER_RAIL_3V3,PASS
LOG03415,unit D8896 signal amplitude CH3: 2.60 Vpp (out of spec).,D8896,SIGNAL_INTEGRITY,FAIL
LOG03416,"Checked idle current draw on D-0810, 174.04mA, shift B.",D0810,CURRENT_DRAW,PASS
LOG03417,"Checked continuity on J7 on board A2904, 3.29Ohm, line 2.",A2904,CONTINUITY,PASS
LOG03418,"Unit A 6546: signal amplitude CH1 reading 3.00Vpp, reject.",A6546,SIGNAL_INTEGRITY,FAIL
LOG03419,D4226 thermal soak reading: 65.2 C.,D4226,THERMAL,PASS
LOG03420,"unit a7130 - signal amplitude ch3 2.98vpp, shift b.",A7130,SIGNAL_INTEGRITY,PASS
LOG03421,Unit board B7274: case temp reading 55.0C (all good).,B7274,THERMAL,PASS
LOG03422,board B6510 scope reading CH2 measured 3.33Vpp.,B6510,SIGNAL_INTEGRITY,PASS
LOG03423,D 5937 idle current draw: 73.52 mA.,D5937,CURRENT_DRAW,PASS
LOG03424,"unit D3759 - +12V supply 12.17V, per ECO-114.",D3759,POWER_RAIL_12V,PASS
LOG03425,"C 2242 - 12V rail 11.31V, doesn't look right, customer return unit.",C2242,POWER_RAIL_12V,FAIL
LOG03426,D8122 current draw at idle: 50.00 mA (reject).,D8122,CURRENT_DRAW,FAIL
LOG03427,"board C3349 CH1 signal check measured 2.60Vpp, bad reading.",C3349,SIGNAL_INTEGRITY,FAIL
LOG03428,"Checked cont check EN_LINE on B 0622, 1.39Ohm, per ECO-114.",B0622,CONTINUITY,PASS
LOG03429,D 8015 12v power check: 12.28 V — reject.,D8015,POWER_RAIL_12V,FAIL
LOG03430,D-9798 cont check CLK measured 7.14Ohm.,D9798,CONTINUITY,FAIL
LOG03431,"A7689 +12V supply: 11.02 V, bad reading.",A7689,POWER_RAIL_12V,FAIL
LOG03432,unit C5727 - VDD_3V3 rail 3.32V.,C5727,POWER_RAIL_3V3,PASS
LOG03433,"Checked VDD_12V rail on C2160, 12.07V, unit was reworked yesterday.",C2160,POWER_RAIL_12V,PASS
LOG03434,"D6099 - 5V rail 4.80V (no good), customer return unit.",D6099,POWER_RAIL_5V,FAIL
LOG03435,board d2818 5v power check measured 5.20v — out of spec.,D2818,POWER_RAIL_5V,FAIL
LOG03436,"Checked 3v3 supply on A7811, 3.18V, looks good.",A7811,POWER_RAIL_3V3,PASS
LOG03437,Unit unit B5001: continuity on CLK reading 4.61Ohm.,B5001,CONTINUITY,FAIL
LOG03438,unit D7105 - 12v power check 11.40V.,D7105,POWER_RAIL_12V,PASS
LOG03439,unit B2188 5V rail measured 5.20V.,B2188,POWER_RAIL_5V,PASS
LOG03440,D 2174 thermal soak reading measured 23.4C.,D2174,THERMAL,FAIL
LOG03441,B7232 continuity on RESET: 3.14 Ohm.,B7232,CONTINUITY,PASS
LOG03442,B4214 thermal soak reading measured 46.3C.,B4214,THERMAL,FAIL
LOG03443,"Checked idle current draw on board D4268, 58.29mA, line 2.",D4268,CURRENT_DRAW,PASS
LOG03444,"Checked CH4 signal check on C0992, 3.66Vpp, OK, after reflow.",C0992,SIGNAL_INTEGRITY,PASS
LOG03445,Unit board B9179: 3.3V rail reading 3.24V.,B9179,POWER_RAIL_3V3,PASS
LOG03446,B 8341 +5V supply measured 4.63V.,B8341,POWER_RAIL_5V,PASS
LOG03447,B-9056 quiescent current: 105.85 mA.,B9056,CURRENT_DRAW,PASS
LOG03448,unit C3627 quiescent current measured 21.30mA.,C3627,CURRENT_DRAW,FAIL
LOG03449,"D-6236 quiescent current: 2.19 mA, out of spec.",D6236,CURRENT_DRAW,FAIL
LOG03450,"board A5402 - scope reading CH1 3.11Vpp (passes), shift B.",A5402,SIGNAL_INTEGRITY,PASS
LOG03451,"board D1673 - current draw at idle 143.50mA, line 2.",D1673,CURRENT_DRAW,FAIL
LOG03452,unit A8051 5V rail measured 4.83V.,A8051,POWER_RAIL_5V,PASS
LOG03453,"A1291 - resistance check EN_LINE 2.46Ohm (looks good), second attempt.",A1291,CONTINUITY,PASS
LOG03454,"a7594 - 12v rail 12.38v, flagged for rework.",A7594,POWER_RAIL_12V,FAIL
LOG03455,c-4297 standby current: 43.23 ma.,C4297,CURRENT_DRAW,PASS
LOG03456,Unit B6043: idle current draw reading 130.27mA (checks out).,B6043,CURRENT_DRAW,PASS
LOG03457,board D0570 VDD_12V rail measured 12.27V.,D0570,POWER_RAIL_12V,PASS
LOG03458,board A5606 idle current draw measured 101.73mA (within spec).,A5606,CURRENT_DRAW,PASS
LOG03459,unit D9324 current draw at idle: 14.15 mA (failed).,D9324,CURRENT_DRAW,FAIL
LOG03460,"B-2389 signal amplitude CH4 measured 3.04Vpp, OK.",B2389,SIGNAL_INTEGRITY,PASS
LOG03461,"unit A5779 idle current draw measured 203.35mA, failed.",A5779,CURRENT_DRAW,FAIL
LOG03462,D 4594 board temp after 10min soak measured 61.7C.,D4594,THERMAL,PASS
LOG03463,c-3226 resistance check en_line measured 4.38ohm.,C3226,CONTINUITY,PASS
LOG03464,"A-2045 - current draw at idle 132.65mA — fails, retest after rework.",A2045,CURRENT_DRAW,FAIL
LOG03465,Unit C 3409: eye height CH2 reading 2.64Vpp.,C3409,SIGNAL_INTEGRITY,FAIL
LOG03466,"C 9356 - 5v power check 5.11V — failed, unit was reworked yesterday.",C9356,POWER_RAIL_5V,FAIL
LOG03467,"D-1801 - continuity on J12 1.45Ohm (all good), unit was reworked yesterday.",D1801,CONTINUITY,PASS
LOG03468,a 0975 +12v supply measured 12.13v.,A0975,POWER_RAIL_12V,PASS
LOG03469,A-9272 12v power check measured 12.09V (all good).,A9272,POWER_RAIL_12V,PASS
LOG03470,"C2660 - idle current draw 64.20mA, per ECO-114.",C2660,CURRENT_DRAW,PASS
LOG03471,"Checked signal amplitude CH4 on B9552, 3.27Vpp — within spec, shift B.",B9552,SIGNAL_INTEGRITY,PASS
LOG03472,C 8559 3.3V rail: 2.95 V (doesn't look right).,C8559,POWER_RAIL_3V3,FAIL
LOG03473,Unit C3739: continuity on EN_LINE reading 4.27Ohm — bad reading.,C3739,CONTINUITY,FAIL
LOG03474,"c0685 - 3v3 supply 3.46v, customer return unit.",C0685,POWER_RAIL_3V3,FAIL
LOG03475,"Checked thermal reading after burn-in on B8155, 45.5C, customer return unit.",B8155,THERMAL,PASS
LOG03476,"Checked 3v3 supply on C-4650, 3.22V.",C4650,POWER_RAIL_3V3,FAIL
LOG03477,unit d6731 +12v supply measured 12.00v (good reading).,D6731,POWER_RAIL_12V,PASS
LOG03478,"a8716 - vdd_3v3 rail 3.82v (fails), customer return unit.",A8716,POWER_RAIL_3V3,FAIL
LOG03479,"unit C8862 - 12V rail 11.94V (OK), second attempt.",C8862,POWER_RAIL_12V,PASS
LOG03480,"Checked VDD_12V rail on D-2548, 11.43V, shift B.",D2548,POWER_RAIL_12V,PASS
LOG03481,C-4177 RESET continuity: 3.24 Ohm.,C4177,CONTINUITY,PASS
LOG03482,B-0921 J4 continuity: 7.08 Ohm.,B0921,CONTINUITY,FAIL
LOG03483,A 6128 continuity on EN_LINE: 2.19 Ohm.,A6128,CONTINUITY,PASS
LOG03484,board a5108 quiescent current: 108.77 ma.,A5108,CURRENT_DRAW,PASS
LOG03485,"unit b8079 en_line continuity measured 1.47ohm, fails.",B8079,CONTINUITY,FAIL
LOG03486,"unit B9570 J4 continuity measured 7.11Ohm, reject.",B9570,CONTINUITY,FAIL
LOG03487,"b8349 - 12v power check 12.74v, retest after rework.",B8349,POWER_RAIL_12V,FAIL
LOG03488,Unit D 9098: case temp reading 60.2C.,D9098,THERMAL,PASS
LOG03489,Unit A 7085: cont check J7 reading 0.11Ohm.,A7085,CONTINUITY,FAIL
LOG03490,Unit unit C5469: thermal soak reading reading -0.3C.,C5469,THERMAL,FAIL
LOG03491,"unit B7193 - idle current draw -6.78mA, per ECO-114.",B7193,CURRENT_DRAW,FAIL
LOG03492,"unit B1824 - idle current draw 147.72mA — nominal, unit was reworked yesterday.",B1824,CURRENT_DRAW,PASS
LOG03493,"d 0162 - 3.3v rail 3.24v, retest after rework.",D0162,POWER_RAIL_3V3,PASS
LOG03494,B-3045 CH4 signal check: 2.99 Vpp (fails).,B3045,SIGNAL_INTEGRITY,FAIL
LOG03495,Unit unit D7826: case temp reading 60.1C — OK.,D7826,THERMAL,PASS
LOG03496,"Checked +3.3V rail on A5476, 3.44V, second attempt.",A5476,POWER_RAIL_3V3,PASS
LOG03497,B-3503 3.3v power check: 3.85 V.,B3503,POWER_RAIL_3V3,FAIL
LOG03498,Unit board A8482: resistance check J4 reading 5.32Ohm.,A8482,CONTINUITY,PASS
LOG03499,"D-3879 - VDD_3V3 rail 2.75V, bad reading, line 2.",D3879,POWER_RAIL_3V3,FAIL
LOG03500,board C4831 +12V supply: 11.50 V.,C4831,POWER_RAIL_12V,PASS
LOG03501,"Checked idle current draw on D9105, 54.26mA, customer return unit.",D9105,CURRENT_DRAW,PASS
LOG03502,unit A2385 VDD_12V rail measured 11.99V — looks good.,A2385,POWER_RAIL_12V,PASS
LOG03503,"B4709 - signal amplitude CH4 2.41Vpp, per ECO-114.",B4709,SIGNAL_INTEGRITY,FAIL
LOG03504,D-2585 board temp after 10min soak: 55.0 C.,D2585,THERMAL,PASS
LOG03505,"B-2370 - case temp 42.2C — passes, per ECO-114.",B2370,THERMAL,PASS
LOG03506,"B-6431 - 3.3V rail 2.67V, flagged for rework.",B6431,POWER_RAIL_3V3,FAIL
LOG03507,"C0699 3v3 supply measured 3.19V, failed.",C0699,POWER_RAIL_3V3,FAIL
LOG03508,unit A4299 12V rail: 12.05 V.,A4299,POWER_RAIL_12V,PASS
LOG03509,a 6586 en_line continuity: 5.00 ohm.,A6586,CONTINUITY,FAIL
LOG03510,"unit C6876 +5V supply measured 4.97V, OK.",C6876,POWER_RAIL_5V,PASS
LOG03511,"checked clk continuity on unit b0749, 6.10ohm, all good.",B0749,CONTINUITY,PASS
LOG03512,"unit A3650 VDD_5V rail measured 4.79V, within spec.",A3650,POWER_RAIL_5V,PASS
LOG03513,C-3222 resistance check J7: 0.44 Ohm.,C3222,CONTINUITY,PASS
LOG03514,unit D3153 +12V supply: 11.49 V — OK.,D3153,POWER_RAIL_12V,PASS
LOG03515,A 1294 scope reading CH4 measured 2.98Vpp (all good).,A1294,SIGNAL_INTEGRITY,PASS
LOG03516,"Checked board temp after 10min soak on unit D2261, 2.2C, unit was reworked yesterday.",D2261,THERMAL,FAIL
LOG03517,"Checked 3v3 supply on C-6952, 3.11V, line 2.",C6952,POWER_RAIL_3V3,PASS
LOG03518,board B5512 standby current measured 4.73mA (no good).,B5512,CURRENT_DRAW,FAIL
LOG03519,"board B9347 thermal reading after burn-in measured 22.7C, passes.",B9347,THERMAL,PASS
LOG03520,"B 6885 idle current draw measured 30.96mA, out of spec.",B6885,CURRENT_DRAW,FAIL
LOG03521,D 0425 standby current: 120.05 mA (checks out).,D0425,CURRENT_DRAW,PASS
LOG03522,"Unit D 3711: thermal soak reading reading 47.8C, bad reading.",D3711,THERMAL,FAIL
LOG03523,D-8490 idle current draw measured 184.63mA — bad reading.,D8490,CURRENT_DRAW,FAIL
LOG03524,C 2887 VDD_12V rail measured 12.15V.,C2887,POWER_RAIL_12V,PASS
LOG03525,"checked eye height ch1 on unit d1348, 2.67vpp (checks out), unit was reworked yesterday.",D1348,SIGNAL_INTEGRITY,PASS
LOG03526,D2721 3v3 supply: 3.22 V.,D2721,POWER_RAIL_3V3,PASS
LOG03527,D0241 +3.3V rail: 3.44 V.,D0241,POWER_RAIL_3V3,FAIL
LOG03528,"c-3039 - idle current draw 178.90ma (within spec), after reflow.",C3039,CURRENT_DRAW,PASS
LOG03529,unit B0086 continuity on J4: 3.13 Ohm.,B0086,CONTINUITY,PASS
LOG03530,B5587 eye height CH2 measured 2.94Vpp.,B5587,SIGNAL_INTEGRITY,PASS
LOG03531,"Checked standby current on B-6291, 90.80mA, second attempt.",B6291,CURRENT_DRAW,PASS
LOG03532,Unit unit D1702: VDD_3V3 rail reading 3.24V — checks out.,D1702,POWER_RAIL_3V3,PASS
LOG03533,A3876 cont check J7: 1.51 Ohm — checks out.,A3876,CONTINUITY,PASS
LOG03534,"checked ch2 signal check on d2465, 3.41vpp — nominal, customer return unit.",D2465,SIGNAL_INTEGRITY,PASS
LOG03535,"B 7987 case temp: 32.5 C, OK.",B7987,THERMAL,PASS
LOG03536,C-0990 case temp: 38.6 C.,C0990,THERMAL,PASS
LOG03537,"checked scope reading ch4 on b 5474, 2.52vpp, no good, after reflow.",B5474,SIGNAL_INTEGRITY,FAIL
LOG03538,"Checked resistance check J7 on A6404, 2.07Ohm, unit was reworked yesterday.",A6404,CONTINUITY,PASS
LOG03539,Unit C-9230: standby current reading 96.69mA (looks good).,C9230,CURRENT_DRAW,PASS
LOG03540,d-0462 cont check j12: 2.49 ohm — looks good.,D0462,CONTINUITY,PASS
LOG03541,Unit C8524: CLK continuity reading 1.31Ohm.,C8524,CONTINUITY,PASS
LOG03542,C2536 +5V supply measured 5.25V.,C2536,POWER_RAIL_5V,FAIL
LOG03543,"A-5615 standby current: 158.92 mA, flagged for rework.",A5615,CURRENT_DRAW,FAIL
LOG03544,Unit C 6676: case temp reading 32.1C.,C6676,THERMAL,PASS
LOG03545,"Checked +12V supply on board B7486, 11.86V — checks out, after reflow.",B7486,POWER_RAIL_12V,PASS
LOG03546,"C 2535 - 3.3V rail 3.94V, line 2.",C2535,POWER_RAIL_3V3,FAIL
LOG03547,C-8718 3v3 supply: 2.94 V.,C8718,POWER_RAIL_3V3,FAIL
LOG03548,A 6780 scope reading CH2 measured 3.27Vpp.,A6780,SIGNAL_INTEGRITY,PASS
LOG03549,"b9997 - 3.3v rail 3.30v, checks out, second attempt.",B9997,POWER_RAIL_3V3,PASS
LOG03550,"Checked 5V rail on board C5739, 4.91V, OK, second attempt.",C5739,POWER_RAIL_5V,PASS
LOG03551,board D5532 thermal soak reading: 1.7 C.,D5532,THERMAL,FAIL
LOG03552,"D6649 3.3v power check: 3.35 V, passes.",D6649,POWER_RAIL_3V3,PASS
LOG03553,unit unit c2613: case temp reading 35.5c (looks good).,C2613,THERMAL,PASS
LOG03554,B 3052 cont check EN_LINE: 7.11 Ohm — doesn't look right.,B3052,CONTINUITY,FAIL
LOG03555,C-0333 case temp: 45.9 C.,C0333,THERMAL,FAIL
LOG03556,unit unit d9130: continuity on en_line reading 3.74ohm.,D9130,CONTINUITY,PASS
LOG03557,A 4488 board temp after 10min soak: 35.3 C (nominal).,A4488,THERMAL,PASS
LOG03558,C 3133 3.3v power check: 3.37 V.,C3133,POWER_RAIL_3V3,PASS
LOG03559,"A 7942 resistance check RESET: 3.92 Ohm, flagged for rework.",A7942,CONTINUITY,FAIL
LOG03560,"C 4817 - 3.3V rail 3.04V (OK), per ECO-114.",C4817,POWER_RAIL_3V3,PASS
LOG03561,unit a 2714: 3.3v power check reading 3.33v — looks good.,A2714,POWER_RAIL_3V3,PASS
LOG03562,Unit board C3588: 3v3 supply reading 3.36V — nominal.,C3588,POWER_RAIL_3V3,PASS
LOG03563,"Checked case temp on board C5422, 38.5C, after reflow.",C5422,THERMAL,PASS
LOG03564,Unit C-9403: standby current reading 104.03mA.,C9403,CURRENT_DRAW,PASS
LOG03565,Unit B-5902: thermal reading after burn-in reading 40.3C.,B5902,THERMAL,PASS
LOG03566,"unit B2208 3v3 supply: 3.20 V, all good.",B2208,POWER_RAIL_3V3,PASS
LOG03567,Unit unit C8302: +5V supply reading 4.50V — failed.,C8302,POWER_RAIL_5V,FAIL
LOG03568,D3888 J4 continuity measured 6.13Ohm — out of spec.,D3888,CONTINUITY,FAIL
LOG03569,C 0467 5V rail: 4.78 V — looks good.,C0467,POWER_RAIL_5V,PASS
LOG03570,"Checked scope reading CH2 on board C3533, 2.38Vpp (failed), per ECO-114.",C3533,SIGNAL_INTEGRITY,FAIL
LOG03571,C 8696 cont check CLK: 3.41 Ohm.,C8696,CONTINUITY,PASS
LOG03572,unit unit c0857: ch3 signal check reading 3.73vpp.,C0857,SIGNAL_INTEGRITY,FAIL
LOG03573,A8467 VDD_5V rail measured 4.95V (OK).,A8467,POWER_RAIL_5V,PASS
LOG03574,"Checked signal amplitude CH2 on unit B0247, 2.56Vpp, line 2.",B0247,SIGNAL_INTEGRITY,FAIL
LOG03575,"Checked VDD_5V rail on board C7134, 5.39V, after reflow.",C7134,POWER_RAIL_5V,FAIL
LOG03576,"C-7542 - current draw at idle 166.35mA, looks good, shift B.",C7542,CURRENT_DRAW,PASS
LOG03577,"Checked +3.3V rail on A3891, 3.42V — within spec, line 2.",A3891,POWER_RAIL_3V3,PASS
LOG03578,Unit A0024: +3.3V rail reading 3.23V.,A0024,POWER_RAIL_3V3,FAIL
LOG03579,"Unit C5088: 3.3V rail reading 3.23V, checks out.",C5088,POWER_RAIL_3V3,PASS
LOG03580,D 7642 continuity on CLK measured 2.48Ohm.,D7642,CONTINUITY,PASS
LOG03581,"B-0907 - case temp 6.2C, customer return unit.",B0907,THERMAL,FAIL
LOG03582,"board D1799 - standby current 105.27mA (looks good), after reflow.",D1799,CURRENT_DRAW,PASS
LOG03583,"Checked eye height CH3 on B-2285, 3.22Vpp, checks out, unit was reworked yesterday.",B2285,SIGNAL_INTEGRITY,PASS
LOG03584,Unit B5598: 12V rail reading 11.68V.,B5598,POWER_RAIL_12V,FAIL
LOG03585,"Checked 3.3v power check on board B4033, 3.41V, customer return unit.",B4033,POWER_RAIL_3V3,PASS
LOG03586,"checked ch3 signal check on unit a5714, 2.80vpp, fails, per eco-114.",A5714,SIGNAL_INTEGRITY,FAIL
LOG03587,"Checked board temp after 10min soak on A3666, 40.0C (within spec), customer return unit.",A3666,THERMAL,PASS
LOG03588,unit a 8188: en_line continuity reading 3.18ohm.,A8188,CONTINUITY,PASS
LOG03589,"c 9808 - board temp after 10min soak 7.0c, shift b.",C9808,THERMAL,FAIL
LOG03590,"checked vdd_3v3 rail on d 8101, 3.38v, shift b.",D8101,POWER_RAIL_3V3,FAIL
LOG03591,D 1213 +3.3V rail measured 3.39V.,D1213,POWER_RAIL_3V3,PASS
LOG03592,unit d 1459: 5v power check reading 4.77v.,D1459,POWER_RAIL_5V,FAIL
LOG03593,unit A1866 cont check J4: 6.97 Ohm.,A1866,CONTINUITY,FAIL
LOG03594,A-0478 5v power check measured 4.98V — OK.,A0478,POWER_RAIL_5V,PASS
LOG03595,unit unit b7028: board temp after 10min soak reading 66.2c.,B7028,THERMAL,FAIL
LOG03596,"board A3521 case temp: 40.0 C, looks good.",A3521,THERMAL,PASS
LOG03597,D 4558 standby current measured 102.34mA.,D4558,CURRENT_DRAW,PASS
LOG03598,"B-6000 - idle current draw 150.00mA, line 2.",B6000,CURRENT_DRAW,FAIL
LOG03599,unit b 7753: 12v power check reading 11.82v (all good).,B7753,POWER_RAIL_12V,PASS
LOG03600,board A9590 eye height CH1: 3.18 Vpp.,A9590,SIGNAL_INTEGRITY,PASS
LOG03601,C-0584 12V rail measured 11.14V.,C0584,POWER_RAIL_12V,FAIL
LOG03602,"checked resistance check reset on d-0985, 7.17ohm, line 2.",D0985,CONTINUITY,FAIL
LOG03603,"board C4328 - resistance check RESET 5.90Ohm (within spec), shift B.",C4328,CONTINUITY,PASS
LOG03604,Unit B0269: case temp reading 30.6C.,B0269,THERMAL,PASS
LOG03605,unit board c5836: eye height ch4 reading 2.63vpp.,C5836,SIGNAL_INTEGRITY,PASS
LOG03606,"unit A5801 - 5v power check 5.53V, no good, line 2.",A5801,POWER_RAIL_5V,FAIL
LOG03607,"B 9965 VDD_3V3 rail measured 3.30V, good reading.",B9965,POWER_RAIL_3V3,PASS
LOG03608,B 9991 resistance check J7: 4.26 Ohm.,B9991,CONTINUITY,PASS
LOG03609,"unit D5645 - signal amplitude CH2 3.24Vpp — checks out, shift B.",D5645,SIGNAL_INTEGRITY,PASS
LOG03610,b8097 eye height ch1: 3.44 vpp.,B8097,SIGNAL_INTEGRITY,PASS
LOG03611,Unit unit A1971: +3.3V rail reading 3.26V.,A1971,POWER_RAIL_3V3,PASS
LOG03612,"Unit unit D2096: continuity on EN_LINE reading 0.00Ohm, bad reading.",D2096,CONTINUITY,FAIL
LOG03613,"Unit unit C9998: +3.3V rail reading 2.89V, flagged for rework.",C9998,POWER_RAIL_3V3,FAIL
LOG03614,Unit B 5067: 5V rail reading 5.00V.,B5067,POWER_RAIL_5V,PASS
LOG03615,unit d-8295: cont check j4 reading 1.42ohm.,D8295,CONTINUITY,PASS
LOG03616,"Unit unit C7590: 12v power check reading 12.80V, all good.",C7590,POWER_RAIL_12V,PASS
LOG03617,board C6608 idle current draw measured 13.48mA — bad reading.,C6608,CURRENT_DRAW,FAIL
LOG03618,Unit C 2981: quiescent current reading 109.72mA (passes).,C2981,CURRENT_DRAW,PASS
LOG03619,board B7731 continuity on CLK measured 7.50Ohm — flagged for rework.,B7731,CONTINUITY,FAIL
LOG03620,Unit D-2401: scope reading CH4 reading 3.67Vpp.,D2401,SIGNAL_INTEGRITY,PASS
LOG03621,unit a7959 signal amplitude ch1 measured 2.58vpp.,A7959,SIGNAL_INTEGRITY,PASS
LOG03622,"unit A8331 - continuity on J7 4.44Ohm, retest after rework.",A8331,CONTINUITY,FAIL
LOG03623,board B2060 current draw at idle: 103.89 mA.,B2060,CURRENT_DRAW,PASS
LOG03624,"Checked 3.3v power check on unit C8236, 3.23V, second attempt.",C8236,POWER_RAIL_3V3,FAIL
LOG03625,unit A7267 eye height CH4 measured 3.11Vpp.,A7267,SIGNAL_INTEGRITY,PASS
LOG03626,"Checked VDD_12V rail on board B7724, 12.86V (OK), after reflow.",B7724,POWER_RAIL_12V,PASS
LOG03627,"Checked idle current draw on board D9165, 16.38mA, bad reading, line 2.",D9165,CURRENT_DRAW,FAIL
LOG03628,"A 2985 - board temp after 10min soak 35.9C (nominal), per ECO-114.",A2985,THERMAL,PASS
LOG03629,"checked scope reading ch3 on a 3853, 2.70vpp, second attempt.",A3853,SIGNAL_INTEGRITY,PASS
LOG03630,board C5045 thermal reading after burn-in: 47.1 C (failed).,C5045,THERMAL,FAIL
LOG03631,"Unit board B2559: case temp reading 33.5C, all good.",B2559,THERMAL,PASS
LOG03632,A 8264 signal amplitude CH3: 2.59 Vpp.,A8264,SIGNAL_INTEGRITY,FAIL
LOG03633,"C8407 - 5v power check 5.25V, line 2.",C8407,POWER_RAIL_5V,PASS
LOG03634,"board B9743 - VDD_3V3 rail 2.71V, per ECO-114.",B9743,POWER_RAIL_3V3,FAIL
LOG03635,"Checked 5V rail on board B6382, 4.95V, second attempt.",B6382,POWER_RAIL_5V,PASS
LOG03636,"Checked resistance check J12 on board D4147, 6.17Ohm, all good, shift B.",D4147,CONTINUITY,PASS
LOG03637,unit A5031 3v3 supply: 3.37 V — within spec.,A5031,POWER_RAIL_3V3,PASS
LOG03638,"Checked J12 continuity on D-3691, 2.27Ohm (passes), retest after rework.",D3691,CONTINUITY,PASS
LOG03639,"A-0872 - CH3 signal check 3.56Vpp — failed, line 2.",A0872,SIGNAL_INTEGRITY,FAIL
LOG03640,Unit D2653: 12V rail reading 11.19V.,D2653,POWER_RAIL_12V,PASS
LOG03641,"A 1681 - quiescent current 71.82mA (bad reading), retest after rework.",A1681,CURRENT_DRAW,FAIL
LOG03642,unit D9524 VDD_12V rail: 12.18 V — checks out.,D9524,POWER_RAIL_12V,PASS
LOG03643,"A 4708 +12V supply: 12.24 V, doesn't look right.",A4708,POWER_RAIL_12V,FAIL
LOG03644,"Unit D-0108: 5V rail reading 4.90V, all good.",D0108,POWER_RAIL_5V,PASS
LOG03645,Unit A-4698: scope reading CH1 reading 3.13Vpp.,A4698,SIGNAL_INTEGRITY,PASS
LOG03646,"D2797 12V rail: 11.94 V, checks out.",D2797,POWER_RAIL_12V,PASS
LOG03647,"checked 5v rail on c 3508, 5.43v, after reflow.",C3508,POWER_RAIL_5V,FAIL
LOG03648,"Checked VDD_12V rail on B 9194, 11.79V, unit was reworked yesterday.",B9194,POWER_RAIL_12V,PASS
LOG03649,unit A2570 eye height CH3 measured 3.16Vpp — within spec.,A2570,SIGNAL_INTEGRITY,PASS
LOG03650,"d1225 - 12v rail 11.82v, good reading, per eco-114.",D1225,POWER_RAIL_12V,PASS
LOG03651,c-4826 +12v supply: 12.45 v.,C4826,POWER_RAIL_12V,PASS
LOG03652,Unit board A7192: 5V rail reading 4.68V.,A7192,POWER_RAIL_5V,FAIL
LOG03653,board C1805 3.3V rail: 3.29 V (nominal).,C1805,POWER_RAIL_3V3,PASS
LOG03654,"unit D1945 - 3v3 supply 3.34V, second attempt.",D1945,POWER_RAIL_3V3,PASS
LOG03655,Unit unit A1736: +5V supply reading 5.01V.,A1736,POWER_RAIL_5V,PASS
LOG03656,"checked +12v supply on board b2305, 11.40v, per eco-114.",B2305,POWER_RAIL_12V,PASS
LOG03657,unit C6588 continuity on J7: 3.11 Ohm.,C6588,CONTINUITY,PASS
LOG03658,"C 4880 - 3.3v power check 2.65V, shift B.",C4880,POWER_RAIL_3V3,FAIL
LOG03659,"A 3263 - 12v power check 12.44V — doesn't look right, unit was reworked yesterday.",A3263,POWER_RAIL_12V,FAIL
LOG03660,"Checked standby current on B-2838, 117.88mA (passes).",B2838,CURRENT_DRAW,PASS
LOG03661,Unit unit B7100: board temp after 10min soak reading 52.7C.,B7100,THERMAL,FAIL
LOG03662,unit A8919 cont check CLK measured 4.69Ohm.,A8919,CONTINUITY,FAIL
LOG03663,B 3808 CLK continuity: 4.35 Ohm.,B3808,CONTINUITY,FAIL
LOG03664,"checked eye height ch1 on c 5357, 3.45vpp, bad reading.",C5357,SIGNAL_INTEGRITY,FAIL
LOG03665,"B1964 - +5V supply 5.06V, line 2.",B1964,POWER_RAIL_5V,PASS
LOG03666,"Unit D-5109: +3.3V rail reading 2.95V, bad reading.",D5109,POWER_RAIL_3V3,FAIL
LOG03667,"Checked thermal soak reading on unit A5933, 38.7C, OK, shift B.",A5933,THERMAL,PASS
LOG03668,"B-2226 12v power check: 11.01 V, out of spec.",B2226,POWER_RAIL_12V,FAIL
LOG03669,D 3836 board temp after 10min soak measured 33.6C.,D3836,THERMAL,PASS
LOG03670,a-2409 - quiescent current 150.00ma (nominal).,A2409,CURRENT_DRAW,PASS
LOG03671,Unit D 6985: 3v3 supply reading 3.33V.,D6985,POWER_RAIL_3V3,PASS
LOG03672,"unit B0956 - board temp after 10min soak 39.2C — within spec, customer return unit.",B0956,THERMAL,PASS
LOG03673,"c 6045 - 3v3 supply 3.22v (checks out), shift b.",C6045,POWER_RAIL_3V3,PASS
LOG03674,d-6824 quiescent current: 123.34 ma.,D6824,CURRENT_DRAW,PASS
LOG03675,"A 6222 VDD_12V rail measured 11.90V, looks good.",A6222,POWER_RAIL_12V,PASS
LOG03676,C0668 idle current draw: 199.08 mA (out of spec).,C0668,CURRENT_DRAW,FAIL
LOG03677,board C1219 quiescent current: 193.43 mA.,C1219,CURRENT_DRAW,FAIL
LOG03678,Unit A 4739: VDD_12V rail reading 13.29V.,A4739,POWER_RAIL_12V,FAIL
LOG03679,B-7869 VDD_3V3 rail: 3.46 V — OK.,B7869,POWER_RAIL_3V3,PASS
LOG03680,"A5163 - CH2 signal check 3.96Vpp, after reflow.",A5163,SIGNAL_INTEGRITY,FAIL
LOG03681,board D9254 resistance check J4 measured 1.97Ohm.,D9254,CONTINUITY,PASS
LOG03682,Unit A8844: idle current draw reading 204.36mA.,A8844,CURRENT_DRAW,FAIL
LOG03683,B 5193 J7 continuity measured 2.59Ohm.,B5193,CONTINUITY,PASS
LOG03684,unit B6930 +3.3V rail measured 2.98V (out of spec).,B6930,POWER_RAIL_3V3,FAIL
LOG03685,"Checked cont check J7 on B 8431, 7.57Ohm, second attempt.",B8431,CONTINUITY,FAIL
LOG03686,D-3658 thermal reading after burn-in measured 41.3C.,D3658,THERMAL,PASS
LOG03687,"Checked CLK continuity on A-0359, 7.55Ohm — bad reading, line 2.",A0359,CONTINUITY,FAIL
LOG03688,unit C6289 resistance check CLK: 6.99 Ohm.,C6289,CONTINUITY,FAIL
LOG03689,Unit C-8905: signal amplitude CH1 reading 3.69Vpp.,C8905,SIGNAL_INTEGRITY,PASS
LOG03690,"Checked +12V supply on B-8560, 12.24V, per ECO-114.",B8560,POWER_RAIL_12V,PASS
LOG03691,board A2663 idle current draw measured 102.08mA (looks good).,A2663,CURRENT_DRAW,PASS
LOG03692,B-9178 continuity on J7 measured 6.76Ohm.,B9178,CONTINUITY,FAIL
LOG03693,"Checked signal amplitude CH4 on A 0041, 3.33Vpp, second attempt.",A0041,SIGNAL_INTEGRITY,PASS
LOG03694,B1614 case temp measured 48.4C (within spec).,B1614,THERMAL,PASS
LOG03695,"checked vdd_12v rail on c9424, 11.88v, line 2.",C9424,POWER_RAIL_12V,PASS
LOG03696,"checked vdd_12v rail on board a3328, 13.05v (doesn't look right).",A3328,POWER_RAIL_12V,FAIL
LOG03697,board A8852 +12V supply measured 12.75V.,A8852,POWER_RAIL_12V,PASS
LOG03698,"Checked 12v power check on D-1235, 11.40V, second attempt.",D1235,POWER_RAIL_12V,PASS
LOG03699,"Checked resistance check J7 on A-0800, 5.00Ohm, after reflow.",A0800,CONTINUITY,FAIL
LOG03700,"unit D9952 - cont check J4 3.02Ohm, retest after rework.",D9952,CONTINUITY,PASS
LOG03701,"Unit board C7388: current draw at idle reading 79.80mA, flagged for rework.",C7388,CURRENT_DRAW,FAIL
LOG03702,"Checked signal amplitude CH2 on A 0474, 3.65Vpp — checks out, per ECO-114.",A0474,SIGNAL_INTEGRITY,PASS
LOG03703,unit B5365 VDD_3V3 rail measured 3.13V.,B5365,POWER_RAIL_3V3,FAIL
LOG03704,"unit a 1732: ch4 signal check reading 3.72vpp, failed.",A1732,SIGNAL_INTEGRITY,FAIL
LOG03705,board d3657 thermal soak reading: 62.4 c.,D3657,THERMAL,PASS
LOG03706,C 3235 3.3v power check measured 3.08V (failed).,C3235,POWER_RAIL_3V3,FAIL
LOG03707,Unit A 1716: case temp reading 7.6C.,A1716,THERMAL,FAIL
LOG03708,"d-4217 - continuity on clk 0.00ohm, all good, customer return unit.",D4217,CONTINUITY,PASS
LOG03709,"checked vdd_3v3 rail on a2534, 3.30v, checks out, shift b.",A2534,POWER_RAIL_3V3,PASS
LOG03710,board b0292 board temp after 10min soak: 43.5 c — checks out.,B0292,THERMAL,PASS
LOG03711,Unit D 1299: VDD_5V rail reading 5.48V.,D1299,POWER_RAIL_5V,FAIL
LOG03712,C9065 signal amplitude CH4: 2.50 Vpp — bad reading.,C9065,SIGNAL_INTEGRITY,FAIL
LOG03713,D-2283 5V rail measured 5.20V (doesn't look right).,D2283,POWER_RAIL_5V,FAIL
LOG03714,A 5753 scope reading CH3 measured 3.28Vpp — checks out.,A5753,SIGNAL_INTEGRITY,PASS
LOG03715,"board C4170 - 3.3V rail 3.21V, second attempt.",C4170,POWER_RAIL_3V3,PASS
LOG03716,"B5259 - continuity on J4 6.43Ohm, flagged for rework, shift B.",B5259,CONTINUITY,FAIL
LOG03717,C 5243 12V rail: 12.29 V.,C5243,POWER_RAIL_12V,FAIL
LOG03718,board A1981 case temp measured 20.5C — flagged for rework.,A1981,THERMAL,FAIL
LOG03719,unit board c7205: idle current draw reading 95.00ma.,C7205,CURRENT_DRAW,PASS
LOG03720,B3566 quiescent current measured 92.22mA — good reading.,B3566,CURRENT_DRAW,PASS
LOG03721,"Checked thermal reading after burn-in on B-5957, 26.1C (doesn't look right), per ECO-114.",B5957,THERMAL,FAIL
LOG03722,A9027 VDD_12V rail measured 11.12V.,A9027,POWER_RAIL_12V,PASS
LOG03723,unit B2382 5V rail: 4.35 V.,B2382,POWER_RAIL_5V,FAIL
LOG03724,"Checked signal amplitude CH4 on unit C1213, 3.12Vpp, checks out, after reflow.",C1213,SIGNAL_INTEGRITY,PASS
LOG03725,"A6668 - cont check J4 0.84Ohm — OK, line 2.",A6668,CONTINUITY,PASS
LOG03726,Unit B 8003: 5V rail reading 4.36V.,B8003,POWER_RAIL_5V,FAIL
LOG03727,B 8928 J4 continuity measured 5.00Ohm.,B8928,CONTINUITY,FAIL
LOG03728,"Checked VDD_5V rail on D8091, 5.02V, checks out.",D8091,POWER_RAIL_5V,PASS
LOG03729,"Checked 5v power check on A3251, 4.96V (nominal), per ECO-114.",A3251,POWER_RAIL_5V,PASS
LOG03730,"Unit D-5541: resistance check RESET reading 7.21Ohm, fails.",D5541,CONTINUITY,FAIL
LOG03731,"checked eye height ch2 on board a8244, 3.27vpp, customer return unit.",A8244,SIGNAL_INTEGRITY,PASS
LOG03732,"unit B5756 current draw at idle measured 64.99mA, OK.",B5756,CURRENT_DRAW,PASS
LOG03733,Unit C-8188: +12V supply reading 11.71V — out of spec.,C8188,POWER_RAIL_12V,FAIL
LOG03734,"Checked current draw at idle on A 9880, 110.94mA.",A9880,CURRENT_DRAW,PASS
LOG03735,Unit B 6856: +12V supply reading 12.11V.,B6856,POWER_RAIL_12V,PASS
LOG03736,"Checked resistance check CLK on B3778, 1.50Ohm (passes), customer return unit.",B3778,CONTINUITY,PASS
LOG03737,unit D4788 thermal soak reading: 59.7 C.,D4788,THERMAL,PASS
LOG03738,unit C7764 - 3.3V rail 2.65V.,C7764,POWER_RAIL_3V3,FAIL
LOG03739,D0393 3v3 supply measured 3.32V (checks out).,D0393,POWER_RAIL_3V3,PASS
LOG03740,unit D3963 CH3 signal check: 2.52 Vpp.,D3963,SIGNAL_INTEGRITY,FAIL
LOG03741,"Checked thermal soak reading on D-6324, 14.6C — bad reading, after reflow.",D6324,THERMAL,FAIL
LOG03742,"Checked idle current draw on unit D3902, 161.20mA, unit was reworked yesterday.",D3902,CURRENT_DRAW,FAIL
LOG03743,board C8762 5V rail measured 5.25V — OK.,C8762,POWER_RAIL_5V,PASS
LOG03744,D 2870 3v3 supply measured 2.93V.,D2870,POWER_RAIL_3V3,FAIL
LOG03745,unit B1531 - 3v3 supply 3.21V — out of spec.,B1531,POWER_RAIL_3V3,FAIL
LOG03746,"b-3287 - thermal soak reading 40.4c, nominal, line 2.",B3287,THERMAL,PASS
LOG03747,unit B6611 case temp: 50.3 C.,B6611,THERMAL,FAIL
LOG03748,"Checked eye height CH3 on board C3587, 3.42Vpp — all good, second attempt.",C3587,SIGNAL_INTEGRITY,PASS
LOG03749,"B 9878 - 5v power check 5.13V, looks good, per ECO-114.",B9878,POWER_RAIL_5V,PASS
LOG03750,"board C9018 - board temp after 10min soak 0.1C — fails, per ECO-114.",C9018,THERMAL,FAIL
LOG03751,board C5672 VDD_12V rail measured 12.23V (all good).,C5672,POWER_RAIL_12V,PASS
LOG03752,"Unit A8806: +12V supply reading 12.38V, reject.",A8806,POWER_RAIL_12V,FAIL
LOG03753,unit c9634: thermal reading after burn-in reading 37.6c (all good).,C9634,THERMAL,PASS
LOG03754,B 1692 - quiescent current 185.15mA (failed).,B1692,CURRENT_DRAW,FAIL
LOG03755,board D3981 +5V supply measured 4.93V.,D3981,POWER_RAIL_5V,PASS
LOG03756,unit b3819 vdd_5v rail: 4.47 v.,B3819,POWER_RAIL_5V,FAIL
LOG03757,"board B5880 case temp: 37.2 C, within spec.",B5880,THERMAL,PASS
LOG03758,B 4228 idle current draw measured 68.04mA (fails).,B4228,CURRENT_DRAW,FAIL
LOG03759,unit c4466 thermal soak reading measured 48.3c.,C4466,THERMAL,FAIL
LOG03760,Unit D 4441: signal amplitude CH3 reading 3.48Vpp (doesn't look right).,D4441,SIGNAL_INTEGRITY,FAIL
LOG03761,unit board a0547: 3.3v rail reading 3.33v.,A0547,POWER_RAIL_3V3,PASS
LOG03762,"unit C4038 - +5V supply 5.51V, shift B.",C4038,POWER_RAIL_5V,FAIL
LOG03763,"D-9077 eye height CH3 measured 3.12Vpp, within spec.",D9077,SIGNAL_INTEGRITY,PASS
LOG03764,Unit B8951: 3.3V rail reading 2.68V.,B8951,POWER_RAIL_3V3,FAIL
LOG03765,"checked 5v rail on b 0113, 5.40v, reject, line 2.",B0113,POWER_RAIL_5V,FAIL
LOG03766,Unit unit C7747: +3.3V rail reading 3.42V — OK.,C7747,POWER_RAIL_3V3,PASS
LOG03767,"checked ch2 signal check on c8557, 4.02vpp — bad reading, unit was reworked yesterday.",C8557,SIGNAL_INTEGRITY,FAIL
LOG03768,unit b 1623: +5v supply reading 4.31v — no good.,B1623,POWER_RAIL_5V,FAIL
LOG03769,B-7224 - eye height CH3 2.98Vpp.,B7224,SIGNAL_INTEGRITY,PASS
LOG03770,"A 5435 - 12v power check 12.22V, all good, per ECO-114.",A5435,POWER_RAIL_12V,PASS
LOG03771,board B8661 case temp measured 33.3C (good reading).,B8661,THERMAL,PASS
LOG03772,"Checked idle current draw on D-2199, 191.95mA, reject, unit was reworked yesterday.",D2199,CURRENT_DRAW,FAIL
LOG03773,"A-0773 scope reading CH2 measured 3.41Vpp, flagged for rework.",A0773,SIGNAL_INTEGRITY,FAIL
LOG03774,"unit unit a2077: clk continuity reading 6.57ohm, doesn't look right.",A2077,CONTINUITY,FAIL
LOG03775,D-0723 +5V supply measured 4.96V.,D0723,POWER_RAIL_5V,PASS
LOG03776,"Checked 5V rail on unit C3043, 5.10V — OK, retest after rework.",C3043,POWER_RAIL_5V,PASS
LOG03777,Unit D 2483: CLK continuity reading 2.28Ohm.,D2483,CONTINUITY,PASS
LOG03778,"unit B4775 - +12V supply 12.75V — checks out, line 2.",B4775,POWER_RAIL_12V,PASS
LOG03779,unit A1832 J7 continuity measured 3.44Ohm.,A1832,CONTINUITY,PASS
LOG03780,"unit c2496 vdd_12v rail measured 12.39v, checks out.",C2496,POWER_RAIL_12V,PASS
LOG03781,"B9424 VDD_12V rail: 10.72 V, bad reading.",B9424,POWER_RAIL_12V,FAIL
LOG03782,"unit A8558 - continuity on J12 5.95Ohm, per ECO-114.",A8558,CONTINUITY,PASS
LOG03783,Unit unit D9052: +3.3V rail reading 3.29V — looks good.,D9052,POWER_RAIL_3V3,PASS
LOG03784,Unit board D3495: 5V rail reading 4.80V.,D3495,POWER_RAIL_5V,FAIL
LOG03785,C-8752 5v power check: 5.17 V (all good).,C8752,POWER_RAIL_5V,PASS
LOG03786,C6813 thermal soak reading: 37.6 C.,C6813,THERMAL,PASS
LOG03787,unit b5327 5v power check: 5.35 v.,B5327,POWER_RAIL_5V,PASS
LOG03788,"D-8011 - continuity on CLK 7.20Ohm, fails, second attempt.",D8011,CONTINUITY,FAIL
LOG03789,D-4060 board temp after 10min soak measured 50.3C.,D4060,THERMAL,FAIL
LOG03790,"unit A1357 - +12V supply 12.11V — good reading, shift B.",A1357,POWER_RAIL_12V,PASS
LOG03791,"B 9305 - thermal soak reading 39.6C, shift B.",B9305,THERMAL,PASS
LOG03792,Unit unit C8814: case temp reading 40.4C — OK.,C8814,THERMAL,PASS
LOG03793,"B 2022 3.3v power check: 3.31 V, all good.",B2022,POWER_RAIL_3V3,PASS
LOG03794,unit A8385 +3.3V rail: 3.41 V.,A8385,POWER_RAIL_3V3,PASS
LOG03795,unit a6025 5v rail: 4.43 v.,A6025,POWER_RAIL_5V,FAIL
LOG03796,unit B7339 +3.3V rail measured 3.35V (looks good).,B7339,POWER_RAIL_3V3,PASS
LOG03797,"checked quiescent current on a3939, 86.08ma, per eco-114.",A3939,CURRENT_DRAW,PASS
LOG03798,B 6811 case temp: 39.3 C.,B6811,THERMAL,PASS
LOG03799,Unit C-5206: idle current draw reading 91.82mA.,C5206,CURRENT_DRAW,PASS
LOG03800,B4781 +5V supply measured 4.58V — out of spec.,B4781,POWER_RAIL_5V,FAIL
LOG03801,"Checked 12v power check on unit C7315, 10.70V, flagged for rework, per ECO-114.",C7315,POWER_RAIL_12V,FAIL
LOG03802,"unit C2009 - current draw at idle 31.31mA, shift B.",C2009,CURRENT_DRAW,PASS
LOG03803,"Checked 12v power check on unit C4423, 11.89V (looks good), line 2.",C4423,POWER_RAIL_12V,PASS
LOG03804,"B 7281 - board temp after 10min soak 74.1C, second attempt.",B7281,THERMAL,FAIL
LOG03805,"Checked 12V rail on C6094, 11.95V, per ECO-114.",C6094,POWER_RAIL_12V,PASS
LOG03806,D5006 5V rail measured 5.62V.,D5006,POWER_RAIL_5V,FAIL
LOG03807,A-0881 board temp after 10min soak: 27.8 C (checks out).,A0881,THERMAL,PASS
LOG03808,"Checked 5v power check on C-4026, 4.95V, second attempt.",C4026,POWER_RAIL_5V,PASS
LOG03809,B 5045 VDD_12V rail measured 13.07V.,B5045,POWER_RAIL_12V,FAIL
LOG03810,C-3961 standby current: 90.42 mA.,C3961,CURRENT_DRAW,PASS
LOG03811,"c8155 - 3v3 supply 3.31v, customer return unit.",C8155,POWER_RAIL_3V3,PASS
LOG03812,"unit A9965 - idle current draw 6.17mA, out of spec, line 2.",A9965,CURRENT_DRAW,FAIL
LOG03813,"Unit board D7904: board temp after 10min soak reading 42.9C, all good.",D7904,THERMAL,PASS
LOG03814,board D0805 thermal reading after burn-in: 64.5 C.,D0805,THERMAL,FAIL
LOG03815,A4194 3.3v power check: 2.72 V — failed.,A4194,POWER_RAIL_3V3,FAIL
LOG03816,C6623 +3.3V rail measured 3.18V — checks out.,C6623,POWER_RAIL_3V3,PASS
LOG03817,c-7238 +3.3v rail: 3.38 v.,C7238,POWER_RAIL_3V3,PASS
LOG03818,board b4987 idle current draw: 97.50 ma (all good).,B4987,CURRENT_DRAW,PASS
LOG03819,"Unit unit A8555: 5v power check reading 5.03V, looks good.",A8555,POWER_RAIL_5V,PASS
LOG03820,Unit B 2855: VDD_12V rail reading 11.83V.,B2855,POWER_RAIL_12V,PASS
LOG03821,C 8403 RESET continuity measured 0.85Ohm — nominal.,C8403,CONTINUITY,PASS
LOG03822,d2420 vdd_5v rail: 5.59 v.,D2420,POWER_RAIL_5V,FAIL
LOG03823,"unit D2740 - continuity on J7 6.80Ohm, after reflow.",D2740,CONTINUITY,FAIL
LOG03824,A3309 continuity on RESET: 1.67 Ohm.,A3309,CONTINUITY,PASS
LOG03825,"Checked 5V rail on C-0824, 4.28V (bad reading), after reflow.",C0824,POWER_RAIL_5V,FAIL
LOG03826,A1162 12v power check: 12.89 V.,A1162,POWER_RAIL_12V,PASS
LOG03827,B-9707 VDD_12V rail: 11.21 V.,B9707,POWER_RAIL_12V,PASS
LOG03828,Unit C-5467: thermal reading after burn-in reading 39.3C (looks good).,C5467,THERMAL,PASS
LOG03829,"checked 5v power check on unit a6684, 5.17v, reject, shift b.",A6684,POWER_RAIL_5V,FAIL
LOG03830,"Checked 3.3v power check on board D8731, 3.26V, per ECO-114.",D8731,POWER_RAIL_3V3,PASS
LOG03831,Unit D 0584: idle current draw reading 74.55mA — within spec.,D0584,CURRENT_DRAW,PASS
LOG03832,"Checked VDD_12V rail on B-3295, 12.12V — OK, second attempt.",B3295,POWER_RAIL_12V,PASS
LOG03833,"Unit board C4217: thermal soak reading reading 20.2C, passes.",C4217,THERMAL,PASS
LOG03834,board C6361 +12V supply: 11.40 V.,C6361,POWER_RAIL_12V,PASS
LOG03835,Unit unit A7011: EN_LINE continuity reading 2.10Ohm.,A7011,CONTINUITY,PASS
LOG03836,"Checked thermal reading after burn-in on C6912, 38.2C (within spec), after reflow.",C6912,THERMAL,PASS
LOG03837,board d7406 +5v supply measured 4.76v — fails.,D7406,POWER_RAIL_5V,FAIL
LOG03838,"unit unit a1395: 3v3 supply reading 3.24v, checks out.",A1395,POWER_RAIL_3V3,PASS
LOG03839,A 3811 scope reading CH1 measured 3.12Vpp — checks out.,A3811,SIGNAL_INTEGRITY,PASS
LOG03840,D-9374 +3.3V rail: 3.24 V.,D9374,POWER_RAIL_3V3,PASS
LOG03841,B6566 idle current draw measured 181.55mA.,B6566,CURRENT_DRAW,FAIL
LOG03842,Unit A1227: scope reading CH3 reading 4.02Vpp (failed).,A1227,SIGNAL_INTEGRITY,FAIL
LOG03843,B-0799 current draw at idle: 97.59 mA.,B0799,CURRENT_DRAW,PASS
LOG03844,D1746 - +12V supply 11.74V — OK.,D1746,POWER_RAIL_12V,PASS
LOG03845,unit board b9338: vdd_5v rail reading 4.69v.,B9338,POWER_RAIL_5V,FAIL
LOG03846,"Checked idle current draw on A-4247, 37.44mA, doesn't look right, second attempt.",A4247,CURRENT_DRAW,FAIL
LOG03847,D0673 continuity on J4 measured 2.38Ohm — looks good.,D0673,CONTINUITY,PASS
LOG03848,Unit unit C3020: EN_LINE continuity reading 7.81Ohm (flagged for rework).,C3020,CONTINUITY,FAIL
LOG03849,"unit C0122 scope reading CH3 measured 3.17Vpp, nominal.",C0122,SIGNAL_INTEGRITY,PASS
LOG03850,"Unit unit C2519: cont check J12 reading 4.11Ohm, out of spec.",C2519,CONTINUITY,FAIL
LOG03851,"checked j4 continuity on board b4101, 2.54ohm — ok, unit was reworked yesterday.",B4101,CONTINUITY,PASS
LOG03852,"Unit D8678: EN_LINE continuity reading 1.93Ohm, OK.",D8678,CONTINUITY,PASS
LOG03853,"Checked idle current draw on board A5046, 155.90mA, after reflow.",A5046,CURRENT_DRAW,FAIL
LOG03854,"Checked eye height CH2 on unit C3784, 3.72Vpp, doesn't look right, per ECO-114.",C3784,SIGNAL_INTEGRITY,FAIL
LOG03855,a-7149 5v rail measured 4.75v (looks good).,A7149,POWER_RAIL_5V,PASS
LOG03856,"checked +12v supply on b 3478, 12.27v — nominal, shift b.",B3478,POWER_RAIL_12V,PASS
LOG03857,B-5340 3.3V rail: 2.91 V.,B5340,POWER_RAIL_3V3,FAIL
LOG03858,c7980 vdd_5v rail measured 5.03v.,C7980,POWER_RAIL_5V,PASS
LOG03859,C8635 3v3 supply measured 2.70V — bad reading.,C8635,POWER_RAIL_3V3,FAIL
LOG03860,"checked scope reading ch1 on d-5423, 2.86vpp, within spec, second attempt.",D5423,SIGNAL_INTEGRITY,PASS
LOG03861,"unit B6500 - quiescent current 92.56mA (nominal), after reflow.",B6500,CURRENT_DRAW,PASS
LOG03862,"Checked standby current on A-5790, 122.73mA (passes), second attempt.",A5790,CURRENT_DRAW,PASS
LOG03863,"Checked 5v power check on B-3541, 5.13V — nominal, line 2.",B3541,POWER_RAIL_5V,PASS
LOG03864,B6018 CH4 signal check measured 3.27Vpp (within spec).,B6018,SIGNAL_INTEGRITY,PASS
LOG03865,Unit unit A4846: case temp reading 9.2C — bad reading.,A4846,THERMAL,FAIL
LOG03866,"Checked +5V supply on C 0729, 5.25V, customer return unit.",C0729,POWER_RAIL_5V,FAIL
LOG03867,C9415 VDD_5V rail: 4.91 V.,C9415,POWER_RAIL_5V,PASS
LOG03868,board C7701 thermal soak reading: 8.1 C — failed.,C7701,THERMAL,FAIL
LOG03869,"D-1389 - 3v3 supply 2.87V (fails), unit was reworked yesterday.",D1389,POWER_RAIL_3V3,FAIL
LOG03870,unit B3977 cont check EN_LINE: 1.61 Ohm.,B3977,CONTINUITY,PASS
LOG03871,unit D6114 board temp after 10min soak measured 52.4C — flagged for rework.,D6114,THERMAL,FAIL
LOG03872,unit C7193 +5V supply measured 5.70V (fails).,C7193,POWER_RAIL_5V,FAIL
LOG03873,"c 1898 3.3v power check: 3.24 v, checks out.",C1898,POWER_RAIL_3V3,PASS
LOG03874,"Checked quiescent current on B 8595, 112.89mA, customer return unit.",B8595,CURRENT_DRAW,PASS
LOG03875,C5681 CH4 signal check measured 3.45Vpp.,C5681,SIGNAL_INTEGRITY,PASS
LOG03876,unit A5517 5V rail measured 5.14V.,A5517,POWER_RAIL_5V,PASS
LOG03877,board C4690 +5V supply: 5.14 V.,C4690,POWER_RAIL_5V,FAIL
LOG03878,Unit A 4248: board temp after 10min soak reading 18.2C (fails).,A4248,THERMAL,FAIL
LOG03879,"Unit D-1328: signal amplitude CH3 reading 3.08Vpp, checks out.",D1328,SIGNAL_INTEGRITY,PASS
LOG03880,Unit D 4911: 5V rail reading 5.04V.,D4911,POWER_RAIL_5V,PASS
LOG03881,"C-4664 - +3.3V rail 3.09V (doesn't look right), unit was reworked yesterday.",C4664,POWER_RAIL_3V3,FAIL
LOG03882,D 0500 VDD_3V3 rail measured 3.29V.,D0500,POWER_RAIL_3V3,PASS
LOG03883,"A-0277 - eye height CH1 2.72Vpp — OK, second attempt.",A0277,SIGNAL_INTEGRITY,PASS
LOG03884,B-5624 3.3V rail: 3.85 V.,B5624,POWER_RAIL_3V3,FAIL
LOG03885,"C-3483 - VDD_3V3 rail 3.27V, looks good.",C3483,POWER_RAIL_3V3,PASS
LOG03886,"Checked eye height CH2 on unit D7372, 3.87Vpp — no good, per ECO-114.",D7372,SIGNAL_INTEGRITY,FAIL
LOG03887,A8531 thermal soak reading: 62.5 C.,A8531,THERMAL,FAIL
LOG03888,A 9412 eye height CH1 measured 2.80Vpp.,A9412,SIGNAL_INTEGRITY,FAIL
LOG03889,Unit A-7750: board temp after 10min soak reading 57.4C (no good).,A7750,THERMAL,FAIL
LOG03890,Unit board D6709: thermal soak reading reading 72.0C.,D6709,THERMAL,FAIL
LOG03891,"Checked current draw at idle on C-1252, 54.09mA, no good.",C1252,CURRENT_DRAW,FAIL
LOG03892,Unit board D4444: thermal reading after burn-in reading 37.2C — good reading.,D4444,THERMAL,PASS
LOG03893,"B 8320 - continuity on EN_LINE 2.39Ohm — nominal, line 2.",B8320,CONTINUITY,PASS
LOG03894,Unit C 4140: CH4 signal check reading 3.60Vpp (checks out).,C4140,SIGNAL_INTEGRITY,PASS
LOG03895,Unit B8930: +3.3V rail reading 3.42V.,B8930,POWER_RAIL_3V3,FAIL
LOG03896,"unit D3253 - thermal reading after burn-in 41.3C (OK), line 2.",D3253,THERMAL,PASS
LOG03897,"Checked thermal reading after burn-in on A-7526, 26.6C, line 2.",A7526,THERMAL,PASS
LOG03898,unit unit a6287: vdd_12v rail reading 12.99v.,A6287,POWER_RAIL_12V,FAIL
LOG03899,board B5762 board temp after 10min soak measured 44.4C (nominal).,B5762,THERMAL,PASS
LOG03900,board D2178 5V rail measured 4.88V.,D2178,POWER_RAIL_5V,FAIL
LOG03901,B4714 VDD_5V rail measured 5.61V.,B4714,POWER_RAIL_5V,FAIL
LOG03902,"Checked CH2 signal check on unit B1749, 3.22Vpp.",B1749,SIGNAL_INTEGRITY,PASS
LOG03903,"Checked current draw at idle on B4139, 171.50mA, line 2.",B4139,CURRENT_DRAW,FAIL
LOG03904,Unit B 6118: eye height CH3 reading 3.24Vpp — looks good.,B6118,SIGNAL_INTEGRITY,PASS
LOG03905,unit C9265 standby current: 198.05 mA (out of spec).,C9265,CURRENT_DRAW,FAIL
LOG03906,unit B7258 standby current: 39.45 mA — bad reading.,B7258,CURRENT_DRAW,FAIL
LOG03907,A 7899 quiescent current measured -10.00mA.,A7899,CURRENT_DRAW,FAIL
LOG03908,unit B2206 board temp after 10min soak measured 25.5C (out of spec).,B2206,THERMAL,FAIL
LOG03909,"unit b-8783: signal amplitude ch4 reading 3.45vpp, reject.",B8783,SIGNAL_INTEGRITY,FAIL
LOG03910,B-2682 3.3V rail: 3.24 V.,B2682,POWER_RAIL_3V3,PASS
LOG03911,unit A6366 quiescent current measured 105.61mA.,A6366,CURRENT_DRAW,PASS
LOG03912,Unit D5900: idle current draw reading 150.00mA.,D5900,CURRENT_DRAW,FAIL
LOG03913,Unit D 1456: signal amplitude CH4 reading 2.43Vpp (no good).,D1456,SIGNAL_INTEGRITY,FAIL
LOG03914,"Checked continuity on J12 on unit C9882, 1.94Ohm — within spec, retest after rework.",C9882,CONTINUITY,PASS
LOG03915,"Checked VDD_12V rail on unit C2973, 12.42V, unit was reworked yesterday.",C2973,POWER_RAIL_12V,FAIL
LOG03916,"unit b0519 +5v supply: 4.98 v, all good.",B0519,POWER_RAIL_5V,PASS
LOG03917,unit B5815 3.3V rail: 3.21 V.,B5815,POWER_RAIL_3V3,FAIL
LOG03918,B-4584 thermal soak reading measured 1.4C — failed.,B4584,THERMAL,FAIL
LOG03919,"unit B6614 - 3.3v power check 3.39V, customer return unit.",B6614,POWER_RAIL_3V3,PASS
LOG03920,"unit C1985 case temp measured 12.3C, flagged for rework.",C1985,THERMAL,FAIL
LOG03921,"board C6799 - continuity on RESET 2.71Ohm, after reflow.",C6799,CONTINUITY,PASS
LOG03922,"Checked CH3 signal check on A-7933, 3.90Vpp, unit was reworked yesterday.",A7933,SIGNAL_INTEGRITY,FAIL
LOG03923,Unit board B9626: standby current reading 52.17mA.,B9626,CURRENT_DRAW,FAIL
LOG03924,Unit A-9446: 5v power check reading 4.75V (bad reading).,A9446,POWER_RAIL_5V,FAIL
LOG03925,"Checked +5V supply on board C7863, 5.04V — within spec.",C7863,POWER_RAIL_5V,PASS
LOG03926,"unit B7110 - 12V rail 12.25V, retest after rework.",B7110,POWER_RAIL_12V,PASS
LOG03927,A4119 VDD_3V3 rail measured 3.80V.,A4119,POWER_RAIL_3V3,FAIL
LOG03928,board C5705 resistance check RESET measured 3.80Ohm.,C5705,CONTINUITY,FAIL
LOG03929,"D-1953 - thermal reading after burn-in 36.1C (OK), second attempt.",D1953,THERMAL,PASS
LOG03930,"Checked current draw at idle on unit C7145, 89.11mA, OK, second attempt.",C7145,CURRENT_DRAW,PASS
LOG03931,"Checked +12V supply on A-8165, 11.72V, passes, unit was reworked yesterday.",A8165,POWER_RAIL_12V,PASS
LOG03932,"Checked 5V rail on D 3339, 4.32V (flagged for rework), after reflow.",D3339,POWER_RAIL_5V,FAIL
LOG03933,a9516 - idle current draw 125.45ma — out of spec.,A9516,CURRENT_DRAW,FAIL
LOG03934,A-2772 VDD_3V3 rail: 3.24 V.,A2772,POWER_RAIL_3V3,PASS
LOG03935,C 5270 - CH3 signal check 3.37Vpp.,C5270,SIGNAL_INTEGRITY,FAIL
LOG03936,Unit B6042: 5V rail reading 4.81V (nominal).,B6042,POWER_RAIL_5V,PASS
LOG03937,C-5618 standby current: 108.49 mA — within spec.,C5618,CURRENT_DRAW,PASS
LOG03938,"D-4963 - standby current 50.00mA, checks out, second attempt.",D4963,CURRENT_DRAW,PASS
LOG03939,"Checked 12v power check on unit B2358, 11.50V — passes, unit was reworked yesterday.",B2358,POWER_RAIL_12V,PASS
LOG03940,A-1761 +5V supply: 5.03 V — OK.,A1761,POWER_RAIL_5V,PASS
LOG03941,unit a-2429: +5v supply reading 5.00v.,A2429,POWER_RAIL_5V,PASS
LOG03942,"A-0169 - 3.3V rail 3.32V (checks out), second attempt.",A0169,POWER_RAIL_3V3,PASS
LOG03943,board B8071 idle current draw: 60.58 mA.,B8071,CURRENT_DRAW,FAIL
LOG03944,board B0999 VDD_12V rail measured 12.05V.,B0999,POWER_RAIL_12V,PASS
LOG03945,D 4434 resistance check EN_LINE: 2.61 Ohm (good reading).,D4434,CONTINUITY,PASS
LOG03946,Unit board D2317: idle current draw reading 84.61mA.,D2317,CURRENT_DRAW,PASS
LOG03947,Unit C 6304: eye height CH4 reading 3.46Vpp.,C6304,SIGNAL_INTEGRITY,PASS
LOG03948,unit C4564 thermal soak reading: 46.1 C.,C4564,THERMAL,PASS
LOG03949,unit D3995 VDD_12V rail: 12.17 V.,D3995,POWER_RAIL_12V,PASS
LOG03950,"board A2176 CH2 signal check measured 2.80Vpp, looks good.",A2176,SIGNAL_INTEGRITY,PASS
LOG03951,"Checked thermal reading after burn-in on A 8043, 37.6C, customer return unit.",A8043,THERMAL,PASS
LOG03952,"board A7022 VDD_12V rail: 11.71 V, fails.",A7022,POWER_RAIL_12V,FAIL
LOG03953,C-1201 3v3 supply: 3.01 V.,C1201,POWER_RAIL_3V3,FAIL
LOG03954,"Checked thermal soak reading on A-1873, 71.8C (no good), line 2.",A1873,THERMAL,FAIL
LOG03955,"B3321 scope reading CH1 measured 2.46Vpp, flagged for rework.",B3321,SIGNAL_INTEGRITY,FAIL
LOG03956,"Checked cont check J12 on board B5836, 1.67Ohm, unit was reworked yesterday.",B5836,CONTINUITY,PASS
LOG03957,C7899 VDD_3V3 rail measured 3.25V.,C7899,POWER_RAIL_3V3,PASS
LOG03958,"board D1665 - 3.3v power check 2.86V, retest after rework.",D1665,POWER_RAIL_3V3,FAIL
LOG03959,D 3600 12v power check measured 12.33V.,D3600,POWER_RAIL_12V,PASS
LOG03960,D9730 12V rail: 11.90 V.,D9730,POWER_RAIL_12V,PASS
LOG03961,"B-6031 - continuity on J4 2.30Ohm, checks out, after reflow.",B6031,CONTINUITY,PASS
LOG03962,B 2656 case temp: 45.3 C.,B2656,THERMAL,FAIL
LOG03963,"B-3141 - signal amplitude CH3 3.24Vpp — all good, customer return unit.",B3141,SIGNAL_INTEGRITY,PASS
LOG03964,"Checked 3v3 supply on unit D4990, 3.20V, no good, after reflow.",D4990,POWER_RAIL_3V3,FAIL
LOG03965,B-6270 standby current measured 117.56mA — looks good.,B6270,CURRENT_DRAW,PASS
LOG03966,C 7502 5v power check measured 5.40V.,C7502,POWER_RAIL_5V,FAIL
LOG03967,Unit A 2303: 5v power check reading 4.75V.,A2303,POWER_RAIL_5V,FAIL
LOG03968,"D-8922 - +12V supply 13.22V, per ECO-114.",D8922,POWER_RAIL_12V,FAIL
LOG03969,board b3540 +3.3v rail measured 3.58v.,B3540,POWER_RAIL_3V3,FAIL
LOG03970,board B0533 12V rail: 12.33 V — good reading.,B0533,POWER_RAIL_12V,PASS
LOG03971,a3801 5v rail measured 4.26v — bad reading.,A3801,POWER_RAIL_5V,FAIL
LOG03972,Unit board C1246: thermal soak reading reading 38.5C (good reading).,C1246,THERMAL,PASS
LOG03973,"board A5458 - resistance check EN_LINE 1.41Ohm, per ECO-114.",A5458,CONTINUITY,FAIL
LOG03974,unit board d3037: 5v rail reading 5.18v (no good).,D3037,POWER_RAIL_5V,FAIL
LOG03975,"Checked signal amplitude CH2 on C-7678, 3.23Vpp, line 2.",C7678,SIGNAL_INTEGRITY,PASS
LOG03976,"d-0815 - +3.3v rail 3.93v, second attempt.",D0815,POWER_RAIL_3V3,FAIL
LOG03977,"Checked quiescent current on board B7185, 112.68mA, second attempt.",B7185,CURRENT_DRAW,PASS
LOG03978,"Checked thermal reading after burn-in on unit C6724, 71.5C, after reflow.",C6724,THERMAL,FAIL
LOG03979,"B-5870 thermal soak reading: 30.1 C, OK.",B5870,THERMAL,PASS
LOG03980,"C 2015 cont check J7: 2.17 Ohm, OK.",C2015,CONTINUITY,PASS
LOG03981,D 8924 standby current: 150.00 mA — passes.,D8924,CURRENT_DRAW,PASS
LOG03982,C-0469 continuity on CLK measured 5.84Ohm (out of spec).,C0469,CONTINUITY,FAIL
LOG03983,A 4727 5V rail: 4.92 V — OK.,A4727,POWER_RAIL_5V,PASS
LOG03984,board C0783 idle current draw measured 209.38mA — doesn't look right.,C0783,CURRENT_DRAW,FAIL
LOG03985,"Checked VDD_3V3 rail on A-2649, 3.00V, fails, shift B.",A2649,POWER_RAIL_3V3,FAIL
LOG03986,"board D1831 - 12v power check 11.92V (all good), per ECO-114.",D1831,POWER_RAIL_12V,PASS
LOG03987,b 6544 scope reading ch1: 3.14 vpp.,B6544,SIGNAL_INTEGRITY,PASS
LOG03988,"board A8710 5V rail measured 4.92V, OK.",A8710,POWER_RAIL_5V,PASS
LOG03989,"checked scope reading ch4 on unit b5312, 3.26vpp (within spec), retest after rework.",B5312,SIGNAL_INTEGRITY,PASS
LOG03990,D6230 12v power check measured 10.79V.,D6230,POWER_RAIL_12V,FAIL
LOG03991,B 0446 cont check CLK measured 2.61Ohm.,B0446,CONTINUITY,PASS
LOG03992,d-7361 3.3v power check: 3.22 v.,D7361,POWER_RAIL_3V3,PASS
LOG03993,D-3970 +5V supply measured 5.35V.,D3970,POWER_RAIL_5V,PASS
LOG03994,Unit D-5602: eye height CH3 reading 2.80Vpp.,D5602,SIGNAL_INTEGRITY,PASS
LOG03995,"D-8198 - 3.3V rail 3.77V, reject, per ECO-114.",D8198,POWER_RAIL_3V3,FAIL
LOG03996,Unit B 5727: board temp after 10min soak reading 32.0C.,B5727,THERMAL,PASS
LOG03997,b4612 vdd_3v3 rail measured 3.24v.,B4612,POWER_RAIL_3V3,PASS
LOG03998,D-3846 12v power check: 12.84 V (nominal).,D3846,POWER_RAIL_12V,PASS
LOG03999,"Checked VDD_12V rail on A-7528, 11.98V, checks out, line 2.",A7528,POWER_RAIL_12V,PASS
LOG04000,"D 3534 - +5V supply 5.00V, second attempt.",D3534,POWER_RAIL_5V,PASS
